[    2403ms] [INFO] %cDownload the React DevTools for a better development experience: https://react.dev/link/react-devtools font-weight:bold @ http://localhost:3000/_next/static/chunks/node_modules_next_dist_compiled_react-dom_1e674e59._.js:14537
[    2531ms] [INFO] 🌐 i18next is made possible by our own product, Locize — consider powering your project with managed localization (AI, CDN, integrations): https://locize.com 💙 @ http://localhost:3000/_next/static/chunks/node_modules_5dfc3838._.js:3250
[    2772ms] [ERROR] Failed to load resource: the server responded with a status of 500 (Internal Server Error) @ http://localhost:3000/favicon.ico:0
[    3551ms] [LOG] [API] GET /services/public - 200 (971ms) @ http://localhost:3000/_next/static/chunks/_42f47df5._.js:706
[    4047ms] [ERROR] Failed to load resource: the server responded with a status of 403 (Forbidden) @ http://localhost:3000/_next/image?url=https%3A%2F%2Fhallamangement.s3.eu-north-1.amazonaws.com%2Fvendors%2Fservices%2F69ee38f0542490955b2ab3f4%2Fcard-1780154747509-13107ee3a8b7a17e.jpg%3FX-Amz-Algorithm%3DAWS4-HMAC-SHA256%26X-Amz-Content-Sha256%3DUNSIGNED-PAYLOAD%26X-Amz-Credential%3DAKIA4LGDAXN6E3NWNJRH%252F20260530%252Feu-north-1%252Fs3%252Faws4_request%26X-Amz-Date%3D20260530T152621Z%26X-Amz-Expires%3D3600%26X-Amz-Signature%3D1b36cba30f244ea3eba6ddc361ee7fab384148ba6afb1833d116439a9336a8bb%26X-Amz-SignedHeaders%3Dhost%26x-amz-checksum-mode%3DENABLED%26x-id%3DGetObject&w=750&q=75:0
[    4060ms] [ERROR] Failed to load resource: the server responded with a status of 403 (Forbidden) @ http://localhost:3000/_next/image?url=https%3A%2F%2Fhallamangement.s3.eu-north-1.amazonaws.com%2Fvendors%2Flogos%2Ftemp%2F4-1778708266832-f03ee87ed4f40aea.png%3FX-Amz-Algorithm%3DAWS4-HMAC-SHA256%26X-Amz-Content-Sha256%3DUNSIGNED-PAYLOAD%26X-Amz-Credential%3DAKIA4LGDAXN6E3NWNJRH%252F20260530%252Feu-north-1%252Fs3%252Faws4_request%26X-Amz-Date%3D20260530T152621Z%26X-Amz-Expires%3D3600%26X-Amz-Signature%3Dfcae4505b018ef22916a5e7d3168b626afae9d8481f8b652474580f38779c54b%26X-Amz-SignedHeaders%3Dhost%26x-amz-checksum-mode%3DENABLED%26x-id%3DGetObject&w=750&q=75:0
[    7074ms] [WARNING] The resource http://localhost:3000/_next/static/chunks/%5Broot-of-the-server%5D__ad960bb7._.css was preloaded using link preload but not used within a few seconds from the window's load event. Please make sure it has an appropriate `as` value and it is preloaded intentionally. @ http://localhost:3000/ar/market-place:0
[  215853ms] [LOG] [Fast Refresh] rebuilding @ http://localhost:3000/_next/static/chunks/node_modules_next_dist_client_cf1d9188._.js:5956
[  215854ms] [LOG] [Fast Refresh] done in 102ms @ http://localhost:3000/_next/static/chunks/node_modules_next_dist_client_cf1d9188._.js:5816
[  276080ms] [LOG] [Fast Refresh] rebuilding @ http://localhost:3000/_next/static/chunks/node_modules_next_dist_client_cf1d9188._.js:5956
[  276129ms] [LOG] [Fast Refresh] done in 162ms @ http://localhost:3000/_next/static/chunks/node_modules_next_dist_client_cf1d9188._.js:5816
[  276595ms] [LOG] [Fast Refresh] rebuilding @ http://localhost:3000/_next/static/chunks/node_modules_next_dist_client_cf1d9188._.js:5956
[  276633ms] [LOG] [Fast Refresh] done in 148ms @ http://localhost:3000/_next/static/chunks/node_modules_next_dist_client_cf1d9188._.js:5816
[  781794ms] [LOG] [Fast Refresh] rebuilding @ http://localhost:3000/_next/static/chunks/node_modules_next_dist_client_cf1d9188._.js:5956
[  781842ms] [LOG] [Fast Refresh] done in 156ms @ http://localhost:3000/_next/static/chunks/node_modules_next_dist_client_cf1d9188._.js:5816
[ 1002881ms] [ERROR] ./labbe/utils/schemas/vendorSettings.js:15:1
Export basicAccountInfoZodSchema doesn't exist in target module
  13 |  */
  14 |
> 15 | import {
     | ^^^^^^^^
> 16 |   personalInfoZodSchema,
     | ^^^^^^^^^^^^^^^^^^^^^^^^
> 17 |   basicAccountInfoZodSchema,
     | ^^^^^^^^^^^^^^^^^^^^^^^^
> 18 |   serviceDetailsZodSchema,
     | ^^^^^^^^^^^^^^^^^^^^^^^^
> 19 |   socialLinksZodSchema,
     | ^^^^^^^^^^^^^^^^^^^^^^^^
> 20 |   imagesAndPricingZodSchema,
     | ^^^^^^^^^^^^^^^^^^^^^^^^
> 21 | } from "@halla/shared/schemas/vendor";
     | ^^^^^^^^^^^^^^^^^^^^^^^^^^^^^^^^^^^^^^^
  22 |
  23 | export const FIELD_TYPES = {
  24 |   TEXT: "text",

The export basicAccountInfoZodSchema was not found in module [project]/shared/src/schemas/vendor.js [app-client] (ecmascript).
Did you mean to import mobileBasicAccountInfoSchema?
All exports of the module are statically known (It doesn't have dynamic exports). So it's known statically that the requested export doesn't exist.

Import traces:
  Client Component Browser:
    ./labbe/utils/schemas/vendorSettings.js [Client Component Browser]
    ./labbe/app/[lang]/vendor-dashboard/settings/_components/AdditionalLinksSection/AdditionalLinksSection.jsx [Client Component Browser]
    ./labbe/app/[lang]/vendor-dashboard/settings/page.js [Client Component Browser]
    ./labbe/app/[lang]/vendor-dashboard/settings/page.js [Server Component]

  Client Component SSR:
    ./labbe/utils/schemas/vendorSettings.js [Client Component SSR]
    ./labbe/app/[lang]/vendor-dashboard/settings/_components/AdditionalLinksSection/AdditionalLinksSection.jsx [Client Component SSR]
    ./labbe/app/[lang]/vendor-dashboard/settings/page.js [Client Component SSR]
    ./labbe/app/[lang]/vendor-dashboard/settings/page.js [Server Component] @ http://localhost:3000/_next/static/chunks/node_modules_next_dist_b0daae9a._.js:2405
[ 1002881ms] [ERROR] ./labbe/utils/schemas/vendorSettings.js:15:1
Export basicAccountInfoZodSchema doesn't exist in target module
  13 |  */
  14 |
> 15 | import {
     | ^^^^^^^^
> 16 |   personalInfoZodSchema,
     | ^^^^^^^^^^^^^^^^^^^^^^^^
> 17 |   basicAccountInfoZodSchema,
     | ^^^^^^^^^^^^^^^^^^^^^^^^
> 18 |   serviceDetailsZodSchema,
     | ^^^^^^^^^^^^^^^^^^^^^^^^
> 19 |   socialLinksZodSchema,
     | ^^^^^^^^^^^^^^^^^^^^^^^^
> 20 |   imagesAndPricingZodSchema,
     | ^^^^^^^^^^^^^^^^^^^^^^^^
> 21 | } from "@halla/shared/schemas/vendor";
     | ^^^^^^^^^^^^^^^^^^^^^^^^^^^^^^^^^^^^^^^
  22 |
  23 | export const FIELD_TYPES = {
  24 |   TEXT: "text",

The export basicAccountInfoZodSchema was not found in module [project]/shared/src/schemas/vendor.js [app-ssr] (ecmascript).
Did you mean to import mobileBasicAccountInfoSchema?
All exports of the module are statically known (It doesn't have dynamic exports). So it's known statically that the requested export doesn't exist.

Import traces:
  Client Component Browser:
    ./labbe/utils/schemas/vendorSettings.js [Client Component Browser]
    ./labbe/app/[lang]/vendor-dashboard/settings/_components/AdditionalLinksSection/AdditionalLinksSection.jsx [Client Component Browser]
    ./labbe/app/[lang]/vendor-dashboard/settings/page.js [Client Component Browser]
    ./labbe/app/[lang]/vendor-dashboard/settings/page.js [Server Component]

  Client Component SSR:
    ./labbe/utils/schemas/vendorSettings.js [Client Component SSR]
    ./labbe/app/[lang]/vendor-dashboard/settings/_components/AdditionalLinksSection/AdditionalLinksSection.jsx [Client Component SSR]
    ./labbe/app/[lang]/vendor-dashboard/settings/page.js [Client Component SSR]
    ./labbe/app/[lang]/vendor-dashboard/settings/page.js [Server Component] @ http://localhost:3000/_next/static/chunks/node_modules_next_dist_b0daae9a._.js:2405
[ 1002892ms] [LOG] {file: Object} @ http://localhost:3000/_next/static/chunks/node_modules_next_dist_compiled_next-devtools_index_a9cb0712.js:16058
[ 1002930ms] [LOG] [Fast Refresh] rebuilding @ http://localhost:3000/_next/static/chunks/node_modules_next_dist_client_cf1d9188._.js:5956
[ 1005939ms] [WARNING] The resource http://localhost:3000/_next/static/chunks/%5Broot-of-the-server%5D__ad960bb7._.css was preloaded using link preload but not used within a few seconds from the window's load event. Please make sure it has an appropriate `as` value and it is preloaded intentionally. @ http://localhost:3000/ar/market-place:0
[ 1013115ms] [ERROR] ./labbe/utils/schemas/vendorSettings.js:15:1
Export basicAccountInfoZodSchema doesn't exist in target module
  13 |  */
  14 |
> 15 | import {
     | ^^^^^^^^
> 16 |   personalInfoZodSchema,
     | ^^^^^^^^^^^^^^^^^^^^^^^^
> 17 |   basicAccountInfoZodSchema,
     | ^^^^^^^^^^^^^^^^^^^^^^^^
> 18 |   serviceDetailsZodSchema,
     | ^^^^^^^^^^^^^^^^^^^^^^^^
> 19 |   socialLinksZodSchema,
     | ^^^^^^^^^^^^^^^^^^^^^^^^
> 20 |   imagesAndPricingZodSchema,
     | ^^^^^^^^^^^^^^^^^^^^^^^^
> 21 | } from "@halla/shared/schemas/vendor";
     | ^^^^^^^^^^^^^^^^^^^^^^^^^^^^^^^^^^^^^^^
  22 |
  23 | export const FIELD_TYPES = {
  24 |   TEXT: "text",

The export basicAccountInfoZodSchema was not found in module [project]/shared/src/schemas/vendor.js [app-client] (ecmascript).
Did you mean to import mobileBasicAccountInfoSchema?
All exports of the module are statically known (It doesn't have dynamic exports). So it's known statically that the requested export doesn't exist.

Import traces:
  Client Component Browser:
    ./labbe/utils/schemas/vendorSettings.js [Client Component Browser]
    ./labbe/app/[lang]/vendor-dashboard/settings/_components/AdditionalLinksSection/AdditionalLinksSection.jsx [Client Component Browser]
    ./labbe/app/[lang]/vendor-dashboard/settings/page.js [Client Component Browser]
    ./labbe/app/[lang]/vendor-dashboard/settings/page.js [Server Component]

  Client Component SSR:
    ./labbe/utils/schemas/vendorSettings.js [Client Component SSR]
    ./labbe/app/[lang]/vendor-dashboard/settings/_components/AdditionalLinksSection/AdditionalLinksSection.jsx [Client Component SSR]
    ./labbe/app/[lang]/vendor-dashboard/settings/page.js [Client Component SSR]
    ./labbe/app/[lang]/vendor-dashboard/settings/page.js [Server Component] @ http://localhost:3000/_next/static/chunks/node_modules_next_dist_b0daae9a._.js:2405
[ 1013150ms] [ERROR] ./labbe/utils/schemas/vendorSettings.js:15:1
Export basicAccountInfoZodSchema doesn't exist in target module
  13 |  */
  14 |
> 15 | import {
     | ^^^^^^^^
> 16 |   personalInfoZodSchema,
     | ^^^^^^^^^^^^^^^^^^^^^^^^
> 17 |   basicAccountInfoZodSchema,
     | ^^^^^^^^^^^^^^^^^^^^^^^^
> 18 |   serviceDetailsZodSchema,
     | ^^^^^^^^^^^^^^^^^^^^^^^^
> 19 |   socialLinksZodSchema,
     | ^^^^^^^^^^^^^^^^^^^^^^^^
> 20 |   imagesAndPricingZodSchema,
     | ^^^^^^^^^^^^^^^^^^^^^^^^
> 21 | } from "@halla/shared/schemas/vendor";
     | ^^^^^^^^^^^^^^^^^^^^^^^^^^^^^^^^^^^^^^^
  22 |
  23 | export const FIELD_TYPES = {
  24 |   TEXT: "text",

The export basicAccountInfoZodSchema was not found in module [project]/shared/src/schemas/vendor.js [app-ssr] (ecmascript).
Did you mean to import mobileBasicAccountInfoSchema?
All exports of the module are statically known (It doesn't have dynamic exports). So it's known statically that the requested export doesn't exist.

Import traces:
  Client Component Browser:
    ./labbe/utils/schemas/vendorSettings.js [Client Component Browser]
    ./labbe/app/[lang]/vendor-dashboard/settings/_components/AdditionalLinksSection/AdditionalLinksSection.jsx [Client Component Browser]
    ./labbe/app/[lang]/vendor-dashboard/settings/page.js [Client Component Browser]
    ./labbe/app/[lang]/vendor-dashboard/settings/page.js [Server Component]

  Client Component SSR:
    ./labbe/utils/schemas/vendorSettings.js [Client Component SSR]
    ./labbe/app/[lang]/vendor-dashboard/settings/_components/AdditionalLinksSection/AdditionalLinksSection.jsx [Client Component SSR]
    ./labbe/app/[lang]/vendor-dashboard/settings/page.js [Client Component SSR]
    ./labbe/app/[lang]/vendor-dashboard/settings/page.js [Server Component] @ http://localhost:3000/_next/static/chunks/node_modules_next_dist_b0daae9a._.js:2405
[ 1013282ms] [LOG] [Fast Refresh] rebuilding @ http://localhost:3000/_next/static/chunks/node_modules_next_dist_client_cf1d9188._.js:5956
[ 1013287ms] [ERROR] ./labbe/utils/schemas/vendorSettings.js:15:1
Export basicAccountInfoZodSchema doesn't exist in target module
  13 |  */
  14 |
> 15 | import {
     | ^^^^^^^^
> 16 |   personalInfoZodSchema,
     | ^^^^^^^^^^^^^^^^^^^^^^^^
> 17 |   basicAccountInfoZodSchema,
     | ^^^^^^^^^^^^^^^^^^^^^^^^
> 18 |   serviceDetailsZodSchema,
     | ^^^^^^^^^^^^^^^^^^^^^^^^
> 19 |   socialLinksZodSchema,
     | ^^^^^^^^^^^^^^^^^^^^^^^^
> 20 |   imagesAndPricingZodSchema,
     | ^^^^^^^^^^^^^^^^^^^^^^^^
> 21 | } from "@halla/shared/schemas/vendor";
     | ^^^^^^^^^^^^^^^^^^^^^^^^^^^^^^^^^^^^^^^
  22 |
  23 | export const FIELD_TYPES = {
  24 |   TEXT: "text",

The export basicAccountInfoZodSchema was not found in module [project]/shared/src/schemas/vendor.js [app-client] (ecmascript).
Did you mean to import mobilePersonalInfoSchema?
All exports of the module are statically known (It doesn't have dynamic exports). So it's known statically that the requested export doesn't exist.

Import traces:
  Client Component Browser:
    ./labbe/utils/schemas/vendorSettings.js [Client Component Browser]
    ./labbe/app/[lang]/vendor-dashboard/settings/_components/AdditionalLinksSection/AdditionalLinksSection.jsx [Client Component Browser]
    ./labbe/app/[lang]/vendor-dashboard/settings/page.js [Client Component Browser]
    ./labbe/app/[lang]/vendor-dashboard/settings/page.js [Server Component]

  Client Component SSR:
    ./labbe/utils/schemas/vendorSettings.js [Client Component SSR]
    ./labbe/app/[lang]/vendor-dashboard/settings/_components/AdditionalLinksSection/AdditionalLinksSection.jsx [Client Component SSR]
    ./labbe/app/[lang]/vendor-dashboard/settings/page.js [Client Component SSR]
    ./labbe/app/[lang]/vendor-dashboard/settings/page.js [Server Component] @ http://localhost:3000/_next/static/chunks/node_modules_next_dist_b0daae9a._.js:2405
[ 1013287ms] [ERROR] ./labbe/utils/schemas/vendorSettings.js:15:1
Export basicAccountInfoZodSchema doesn't exist in target module
  13 |  */
  14 |
> 15 | import {
     | ^^^^^^^^
> 16 |   personalInfoZodSchema,
     | ^^^^^^^^^^^^^^^^^^^^^^^^
> 17 |   basicAccountInfoZodSchema,
     | ^^^^^^^^^^^^^^^^^^^^^^^^
> 18 |   serviceDetailsZodSchema,
     | ^^^^^^^^^^^^^^^^^^^^^^^^
> 19 |   socialLinksZodSchema,
     | ^^^^^^^^^^^^^^^^^^^^^^^^
> 20 |   imagesAndPricingZodSchema,
     | ^^^^^^^^^^^^^^^^^^^^^^^^
> 21 | } from "@halla/shared/schemas/vendor";
     | ^^^^^^^^^^^^^^^^^^^^^^^^^^^^^^^^^^^^^^^
  22 |
  23 | export const FIELD_TYPES = {
  24 |   TEXT: "text",

The export basicAccountInfoZodSchema was not found in module [project]/shared/src/schemas/vendor.js [app-ssr] (ecmascript).
Did you mean to import mobilePersonalInfoSchema?
All exports of the module are statically known (It doesn't have dynamic exports). So it's known statically that the requested export doesn't exist.

Import traces:
  Client Component Browser:
    ./labbe/utils/schemas/vendorSettings.js [Client Component Browser]
    ./labbe/app/[lang]/vendor-dashboard/settings/_components/AdditionalLinksSection/AdditionalLinksSection.jsx [Client Component Browser]
    ./labbe/app/[lang]/vendor-dashboard/settings/page.js [Client Component Browser]
    ./labbe/app/[lang]/vendor-dashboard/settings/page.js [Server Component]

  Client Component SSR:
    ./labbe/utils/schemas/vendorSettings.js [Client Component SSR]
    ./labbe/app/[lang]/vendor-dashboard/settings/_components/AdditionalLinksSection/AdditionalLinksSection.jsx [Client Component SSR]
    ./labbe/app/[lang]/vendor-dashboard/settings/page.js [Client Component SSR]
    ./labbe/app/[lang]/vendor-dashboard/settings/page.js [Server Component] @ http://localhost:3000/_next/static/chunks/node_modules_next_dist_b0daae9a._.js:2405
[ 1013291ms] [LOG] {file: Object} @ http://localhost:3000/_next/static/chunks/node_modules_next_dist_compiled_next-devtools_index_a9cb0712.js:16058
[ 1035933ms] [LOG] [Fast Refresh] rebuilding @ http://localhost:3000/_next/static/chunks/node_modules_next_dist_client_cf1d9188._.js:5956
[ 1035977ms] [LOG] [Fast Refresh] done in 62ms @ http://localhost:3000/_next/static/chunks/node_modules_next_dist_client_cf1d9188._.js:5816
[ 1036151ms] [LOG] [Fast Refresh] rebuilding @ http://localhost:3000/_next/static/chunks/node_modules_next_dist_client_cf1d9188._.js:5956
[ 1036189ms] [LOG] [Fast Refresh] done in 141ms @ http://localhost:3000/_next/static/chunks/node_modules_next_dist_client_cf1d9188._.js:5816
[ 1040209ms] [WARNING] The resource http://localhost:3000/_next/static/chunks/%5Broot-of-the-server%5D__ad960bb7._.css was preloaded using link preload but not used within a few seconds from the window's load event. Please make sure it has an appropriate `as` value and it is preloaded intentionally. @ http://localhost:3000/ar/market-place:0
[ 1062219ms] [ERROR] ./labbe/app/[lang]/vendor-dashboard/settings/_components/BasicAccountInfo/BasicAccountInfo.jsx:11:1
Export basicAccountInfoSchema doesn't exist in target module
   9 | import DynamicForm from "@/ui/vendor/dynamicForm/DynamicForm";
  10 | import PhoneChangeOtpModal from "../PhoneChangeOtpModal/PhoneChangeOtpModal";
> 11 | import { basicAccountInfoSchema } from "@/utils/schemas/vendorSettings";
     | ^^^^^^^^^^^^^^^^^^^^^^^^^^^^^^^^^^^^^^^^^^^^^^^^^^^^^^^^^^^^^^^^^^^^^^^^
  12 |
  13 | /**
  14 |  * Basic Account Info section.

The export basicAccountInfoSchema was not found in module [project]/labbe/utils/schemas/vendorSettings.js [app-client] (ecmascript).
Did you mean to import personalInfoSchema?
All exports of the module are statically known (It doesn't have dynamic exports). So it's known statically that the requested export doesn't exist.

Import traces:
  Client Component Browser:
    ./labbe/app/[lang]/vendor-dashboard/settings/_components/BasicAccountInfo/BasicAccountInfo.jsx [Client Component Browser]
    ./labbe/app/[lang]/vendor-dashboard/settings/page.js [Client Component Browser]
    ./labbe/app/[lang]/vendor-dashboard/settings/page.js [Server Component]

  Client Component SSR:
    ./labbe/app/[lang]/vendor-dashboard/settings/_components/BasicAccountInfo/BasicAccountInfo.jsx [Client Component SSR]
    ./labbe/app/[lang]/vendor-dashboard/settings/page.js [Client Component SSR]
    ./labbe/app/[lang]/vendor-dashboard/settings/page.js [Server Component] @ http://localhost:3000/_next/static/chunks/node_modules_next_dist_b0daae9a._.js:2405
[ 1062219ms] [ERROR] ./labbe/app/[lang]/vendor-dashboard/settings/_components/BasicAccountInfo/BasicAccountInfo.jsx:11:1
Export basicAccountInfoSchema doesn't exist in target module
   9 | import DynamicForm from "@/ui/vendor/dynamicForm/DynamicForm";
  10 | import PhoneChangeOtpModal from "../PhoneChangeOtpModal/PhoneChangeOtpModal";
> 11 | import { basicAccountInfoSchema } from "@/utils/schemas/vendorSettings";
     | ^^^^^^^^^^^^^^^^^^^^^^^^^^^^^^^^^^^^^^^^^^^^^^^^^^^^^^^^^^^^^^^^^^^^^^^^
  12 |
  13 | /**
  14 |  * Basic Account Info section.

The export basicAccountInfoSchema was not found in module [project]/labbe/utils/schemas/vendorSettings.js [app-ssr] (ecmascript).
Did you mean to import personalInfoSchema?
All exports of the module are statically known (It doesn't have dynamic exports). So it's known statically that the requested export doesn't exist.

Import traces:
  Client Component Browser:
    ./labbe/app/[lang]/vendor-dashboard/settings/_components/BasicAccountInfo/BasicAccountInfo.jsx [Client Component Browser]
    ./labbe/app/[lang]/vendor-dashboard/settings/page.js [Client Component Browser]
    ./labbe/app/[lang]/vendor-dashboard/settings/page.js [Server Component]

  Client Component SSR:
    ./labbe/app/[lang]/vendor-dashboard/settings/_components/BasicAccountInfo/BasicAccountInfo.jsx [Client Component SSR]
    ./labbe/app/[lang]/vendor-dashboard/settings/page.js [Client Component SSR]
    ./labbe/app/[lang]/vendor-dashboard/settings/page.js [Server Component] @ http://localhost:3000/_next/static/chunks/node_modules_next_dist_b0daae9a._.js:2405
[ 1062221ms] [LOG] {file: Object} @ http://localhost:3000/_next/static/chunks/node_modules_next_dist_compiled_next-devtools_index_a9cb0712.js:16058
[ 1062252ms] [LOG] [Fast Refresh] rebuilding @ http://localhost:3000/_next/static/chunks/node_modules_next_dist_client_cf1d9188._.js:5956
[ 1065236ms] [WARNING] The resource http://localhost:3000/_next/static/chunks/%5Broot-of-the-server%5D__ad960bb7._.css was preloaded using link preload but not used within a few seconds from the window's load event. Please make sure it has an appropriate `as` value and it is preloaded intentionally. @ http://localhost:3000/ar/market-place:0
[ 1068617ms] [ERROR] ./labbe/app/[lang]/vendor-dashboard/settings/_components/BasicAccountInfo/BasicAccountInfo.jsx:11:1
Export basicAccountInfoSchema doesn't exist in target module
   9 | import DynamicForm from "@/ui/vendor/dynamicForm/DynamicForm";
  10 | import PhoneChangeOtpModal from "../PhoneChangeOtpModal/PhoneChangeOtpModal";
> 11 | import { basicAccountInfoSchema } from "@/utils/schemas/vendorSettings";
     | ^^^^^^^^^^^^^^^^^^^^^^^^^^^^^^^^^^^^^^^^^^^^^^^^^^^^^^^^^^^^^^^^^^^^^^^^
  12 |
  13 | /**
  14 |  * Basic Account Info section.

The export basicAccountInfoSchema was not found in module [project]/labbe/utils/schemas/vendorSettings.js [app-client] (ecmascript).
Did you mean to import personalInfoSchema?
All exports of the module are statically known (It doesn't have dynamic exports). So it's known statically that the requested export doesn't exist.

Import traces:
  Client Component Browser:
    ./labbe/app/[lang]/vendor-dashboard/settings/_components/BasicAccountInfo/BasicAccountInfo.jsx [Client Component Browser]
    ./labbe/app/[lang]/vendor-dashboard/settings/page.js [Client Component Browser]
    ./labbe/app/[lang]/vendor-dashboard/settings/page.js [Server Component]

  Client Component SSR:
    ./labbe/app/[lang]/vendor-dashboard/settings/_components/BasicAccountInfo/BasicAccountInfo.jsx [Client Component SSR]
    ./labbe/app/[lang]/vendor-dashboard/settings/page.js [Client Component SSR]
    ./labbe/app/[lang]/vendor-dashboard/settings/page.js [Server Component] @ http://localhost:3000/_next/static/chunks/node_modules_next_dist_b0daae9a._.js:2405
[ 1068618ms] [ERROR] ./labbe/app/[lang]/vendor-dashboard/settings/_components/BasicAccountInfo/BasicAccountInfo.jsx:11:1
Export basicAccountInfoSchema doesn't exist in target module
   9 | import DynamicForm from "@/ui/vendor/dynamicForm/DynamicForm";
  10 | import PhoneChangeOtpModal from "../PhoneChangeOtpModal/PhoneChangeOtpModal";
> 11 | import { basicAccountInfoSchema } from "@/utils/schemas/vendorSettings";
     | ^^^^^^^^^^^^^^^^^^^^^^^^^^^^^^^^^^^^^^^^^^^^^^^^^^^^^^^^^^^^^^^^^^^^^^^^
  12 |
  13 | /**
  14 |  * Basic Account Info section.

The export basicAccountInfoSchema was not found in module [project]/labbe/utils/schemas/vendorSettings.js [app-ssr] (ecmascript).
Did you mean to import personalInfoSchema?
All exports of the module are statically known (It doesn't have dynamic exports). So it's known statically that the requested export doesn't exist.

Import traces:
  Client Component Browser:
    ./labbe/app/[lang]/vendor-dashboard/settings/_components/BasicAccountInfo/BasicAccountInfo.jsx [Client Component Browser]
    ./labbe/app/[lang]/vendor-dashboard/settings/page.js [Client Component Browser]
    ./labbe/app/[lang]/vendor-dashboard/settings/page.js [Server Component]

  Client Component SSR:
    ./labbe/app/[lang]/vendor-dashboard/settings/_components/BasicAccountInfo/BasicAccountInfo.jsx [Client Component SSR]
    ./labbe/app/[lang]/vendor-dashboard/settings/page.js [Client Component SSR]
    ./labbe/app/[lang]/vendor-dashboard/settings/page.js [Server Component] @ http://localhost:3000/_next/static/chunks/node_modules_next_dist_b0daae9a._.js:2405
[ 1068666ms] [LOG] [Fast Refresh] rebuilding @ http://localhost:3000/_next/static/chunks/node_modules_next_dist_client_cf1d9188._.js:5956
[ 1099628ms] [LOG] [Fast Refresh] rebuilding @ http://localhost:3000/_next/static/chunks/node_modules_next_dist_client_cf1d9188._.js:5956
[ 1099636ms] [ERROR] ./labbe/app/[lang]/vendor-dashboard/settings/_components/BasicAccountInfo/BasicAccountInfo.jsx:11:1
Export basicAccountInfoSchema doesn't exist in target module
   9 | import DynamicForm from "@/ui/vendor/dynamicForm/DynamicForm";
  10 | import PhoneChangeOtpModal from "../PhoneChangeOtpModal/PhoneChangeOtpModal";
> 11 | import { basicAccountInfoSchema } from "@/utils/schemas/vendorSettings";
     | ^^^^^^^^^^^^^^^^^^^^^^^^^^^^^^^^^^^^^^^^^^^^^^^^^^^^^^^^^^^^^^^^^^^^^^^^
  12 |
  13 | /**
  14 |  * Basic Account Info section.

The export basicAccountInfoSchema was not found in module [project]/labbe/utils/schemas/vendorSettings.js [app-client] (ecmascript).
Did you mean to import personalInfoSchema?
All exports of the module are statically known (It doesn't have dynamic exports). So it's known statically that the requested export doesn't exist.

Import traces:
  Client Component Browser:
    ./labbe/app/[lang]/vendor-dashboard/settings/_components/BasicAccountInfo/BasicAccountInfo.jsx [Client Component Browser]
    ./labbe/app/[lang]/vendor-dashboard/settings/page.js [Client Component Browser]
    ./labbe/app/[lang]/vendor-dashboard/settings/page.js [Server Component]

  Client Component SSR:
    ./labbe/app/[lang]/vendor-dashboard/settings/_components/BasicAccountInfo/BasicAccountInfo.jsx [Client Component SSR]
    ./labbe/app/[lang]/vendor-dashboard/settings/page.js [Client Component SSR]
    ./labbe/app/[lang]/vendor-dashboard/settings/page.js [Server Component] @ http://localhost:3000/_next/static/chunks/node_modules_next_dist_b0daae9a._.js:2405
[ 1099636ms] [ERROR] ./labbe/app/[lang]/vendor-dashboard/settings/_components/BasicAccountInfo/BasicAccountInfo.jsx:11:1
Export basicAccountInfoSchema doesn't exist in target module
   9 | import DynamicForm from "@/ui/vendor/dynamicForm/DynamicForm";
  10 | import PhoneChangeOtpModal from "../PhoneChangeOtpModal/PhoneChangeOtpModal";
> 11 | import { basicAccountInfoSchema } from "@/utils/schemas/vendorSettings";
     | ^^^^^^^^^^^^^^^^^^^^^^^^^^^^^^^^^^^^^^^^^^^^^^^^^^^^^^^^^^^^^^^^^^^^^^^^
  12 |
  13 | /**
  14 |  * Basic Account Info section.

The export basicAccountInfoSchema was not found in module [project]/labbe/utils/schemas/vendorSettings.js [app-ssr] (ecmascript).
Did you mean to import personalInfoSchema?
All exports of the module are statically known (It doesn't have dynamic exports). So it's known statically that the requested export doesn't exist.

Import traces:
  Client Component Browser:
    ./labbe/app/[lang]/vendor-dashboard/settings/_components/BasicAccountInfo/BasicAccountInfo.jsx [Client Component Browser]
    ./labbe/app/[lang]/vendor-dashboard/settings/page.js [Client Component Browser]
    ./labbe/app/[lang]/vendor-dashboard/settings/page.js [Server Component]

  Client Component SSR:
    ./labbe/app/[lang]/vendor-dashboard/settings/_components/BasicAccountInfo/BasicAccountInfo.jsx [Client Component SSR]
    ./labbe/app/[lang]/vendor-dashboard/settings/page.js [Client Component SSR]
    ./labbe/app/[lang]/vendor-dashboard/settings/page.js [Server Component] @ http://localhost:3000/_next/static/chunks/node_modules_next_dist_b0daae9a._.js:2405
[ 1106062ms] [LOG] [Fast Refresh] rebuilding @ http://localhost:3000/_next/static/chunks/node_modules_next_dist_client_cf1d9188._.js:5956
[ 1106119ms] [LOG] [Fast Refresh] done in 83ms @ http://localhost:3000/_next/static/chunks/node_modules_next_dist_client_cf1d9188._.js:5816
[ 1107410ms] [LOG] [Fast Refresh] rebuilding @ http://localhost:3000/_next/static/chunks/node_modules_next_dist_client_cf1d9188._.js:5956
[ 1107452ms] [LOG] [Fast Refresh] done in 147ms @ http://localhost:3000/_next/static/chunks/node_modules_next_dist_client_cf1d9188._.js:5816
[ 1110053ms] [WARNING] The resource http://localhost:3000/_next/static/chunks/%5Broot-of-the-server%5D__ad960bb7._.css was preloaded using link preload but not used within a few seconds from the window's load event. Please make sure it has an appropriate `as` value and it is preloaded intentionally. @ http://localhost:3000/ar/market-place:0
[ 1133994ms] [LOG] [Fast Refresh] rebuilding @ http://localhost:3000/_next/static/chunks/node_modules_next_dist_client_cf1d9188._.js:5956
[ 1134009ms] [LOG] [Fast Refresh] done in 50ms @ http://localhost:3000/_next/static/chunks/node_modules_next_dist_client_cf1d9188._.js:5816
[ 1134190ms] [LOG] [Fast Refresh] rebuilding @ http://localhost:3000/_next/static/chunks/node_modules_next_dist_client_cf1d9188._.js:5956
[ 1134468ms] [LOG] [Fast Refresh] done in 385ms @ http://localhost:3000/_next/static/chunks/node_modules_next_dist_client_cf1d9188._.js:5816
[ 1134873ms] [LOG] [Fast Refresh] rebuilding @ http://localhost:3000/_next/static/chunks/node_modules_next_dist_client_cf1d9188._.js:5956
[ 1134927ms] [LOG] [Fast Refresh] done in 158ms @ http://localhost:3000/_next/static/chunks/node_modules_next_dist_client_cf1d9188._.js:5816
[ 1135124ms] [LOG] [Fast Refresh] rebuilding @ http://localhost:3000/_next/static/chunks/node_modules_next_dist_client_cf1d9188._.js:5956
[ 1135154ms] [LOG] [Fast Refresh] done in 135ms @ http://localhost:3000/_next/static/chunks/node_modules_next_dist_client_cf1d9188._.js:5816
[ 1142543ms] [LOG] [Fast Refresh] rebuilding @ http://localhost:3000/_next/static/chunks/node_modules_next_dist_client_cf1d9188._.js:5956
[ 1142559ms] [LOG] [Fast Refresh] done in 52ms @ http://localhost:3000/_next/static/chunks/node_modules_next_dist_client_cf1d9188._.js:5816
[ 1142740ms] [LOG] [Fast Refresh] rebuilding @ http://localhost:3000/_next/static/chunks/node_modules_next_dist_client_cf1d9188._.js:5956
[ 1143010ms] [LOG] [Fast Refresh] done in 377ms @ http://localhost:3000/_next/static/chunks/node_modules_next_dist_client_cf1d9188._.js:5816
[ 1143407ms] [LOG] [Fast Refresh] rebuilding @ http://localhost:3000/_next/static/chunks/node_modules_next_dist_client_cf1d9188._.js:5956
[ 1143439ms] [LOG] [Fast Refresh] done in 145ms @ http://localhost:3000/_next/static/chunks/node_modules_next_dist_client_cf1d9188._.js:5816
[ 1181772ms] [LOG] [Fast Refresh] rebuilding @ http://localhost:3000/_next/static/chunks/node_modules_next_dist_client_cf1d9188._.js:5956
[ 1181804ms] [LOG] [Fast Refresh] done in 50ms @ http://localhost:3000/_next/static/chunks/node_modules_next_dist_client_cf1d9188._.js:5816
[ 1189387ms] [LOG] [Fast Refresh] rebuilding @ http://localhost:3000/_next/static/chunks/node_modules_next_dist_client_cf1d9188._.js:5956
[ 1189420ms] [LOG] [Fast Refresh] done in 35ms @ http://localhost:3000/_next/static/chunks/node_modules_next_dist_client_cf1d9188._.js:5816
[ 1322482ms] [LOG] [Fast Refresh] rebuilding @ http://localhost:3000/_next/static/chunks/node_modules_next_dist_client_cf1d9188._.js:5956
[ 1322545ms] [LOG] [Fast Refresh] done in 40ms @ http://localhost:3000/_next/static/chunks/node_modules_next_dist_client_cf1d9188._.js:5816
[ 1324187ms] [LOG] [Fast Refresh] rebuilding @ http://localhost:3000/_next/static/chunks/node_modules_next_dist_client_cf1d9188._.js:5956
[ 1324188ms] [LOG] [Fast Refresh] done in 108ms @ http://localhost:3000/_next/static/chunks/node_modules_next_dist_client_cf1d9188._.js:5816
[ 1324665ms] [LOG] [Fast Refresh] rebuilding @ http://localhost:3000/_next/static/chunks/node_modules_next_dist_client_cf1d9188._.js:5956
[ 1324700ms] [LOG] [Fast Refresh] done in 136ms @ http://localhost:3000/_next/static/chunks/node_modules_next_dist_client_cf1d9188._.js:5816
[ 1325171ms] [LOG] [Fast Refresh] rebuilding @ http://localhost:3000/_next/static/chunks/node_modules_next_dist_client_cf1d9188._.js:5956
[ 1325230ms] [LOG] [Fast Refresh] done in 168ms @ http://localhost:3000/_next/static/chunks/node_modules_next_dist_client_cf1d9188._.js:5816
[ 1325702ms] [LOG] [Fast Refresh] rebuilding @ http://localhost:3000/_next/static/chunks/node_modules_next_dist_client_cf1d9188._.js:5956
[ 1325742ms] [LOG] [Fast Refresh] done in 146ms @ http://localhost:3000/_next/static/chunks/node_modules_next_dist_client_cf1d9188._.js:5816
[ 1326168ms] [LOG] [Fast Refresh] rebuilding @ http://localhost:3000/_next/static/chunks/node_modules_next_dist_client_cf1d9188._.js:5956
[ 1326172ms] [LOG] [Fast Refresh] done in 111ms @ http://localhost:3000/_next/static/chunks/node_modules_next_dist_client_cf1d9188._.js:5816
[ 1326287ms] [LOG] [Fast Refresh] rebuilding @ http://localhost:3000/_next/static/chunks/node_modules_next_dist_client_cf1d9188._.js:5956
[ 1326310ms] [LOG] [Fast Refresh] done in 128ms @ http://localhost:3000/_next/static/chunks/node_modules_next_dist_client_cf1d9188._.js:5816
[ 1327329ms] [LOG] [Fast Refresh] rebuilding @ http://localhost:3000/_next/static/chunks/node_modules_next_dist_client_cf1d9188._.js:5956
[ 1328541ms] [LOG] [Fast Refresh] done in 1324ms @ http://localhost:3000/_next/static/chunks/node_modules_next_dist_client_cf1d9188._.js:5816
[ 1329123ms] [LOG] [Fast Refresh] rebuilding @ http://localhost:3000/_next/static/chunks/node_modules_next_dist_client_cf1d9188._.js:5956
[ 1329127ms] [LOG] [Fast Refresh] done in 116ms @ http://localhost:3000/_next/static/chunks/node_modules_next_dist_client_cf1d9188._.js:5816
[ 1329366ms] [WARNING] The resource http://localhost:3000/_next/static/chunks/%5Broot-of-the-server%5D__ad960bb7._.css was preloaded using link preload but not used within a few seconds from the window's load event. Please make sure it has an appropriate `as` value and it is preloaded intentionally. @ http://localhost:3000/ar/market-place:0
[ 1330166ms] [LOG] [Fast Refresh] rebuilding @ http://localhost:3000/_next/static/chunks/node_modules_next_dist_client_cf1d9188._.js:5956
[ 1330237ms] [LOG] [Fast Refresh] done in 181ms @ http://localhost:3000/_next/static/chunks/node_modules_next_dist_client_cf1d9188._.js:5816
[ 1331012ms] [LOG] [Fast Refresh] rebuilding @ http://localhost:3000/_next/static/chunks/node_modules_next_dist_client_cf1d9188._.js:5956
[ 1331034ms] [LOG] [Fast Refresh] done in 125ms @ http://localhost:3000/_next/static/chunks/node_modules_next_dist_client_cf1d9188._.js:5816
[ 1331227ms] [LOG] [Fast Refresh] rebuilding @ http://localhost:3000/_next/static/chunks/node_modules_next_dist_client_cf1d9188._.js:5956
[ 1331356ms] [LOG] [Fast Refresh] done in 235ms @ http://localhost:3000/_next/static/chunks/node_modules_next_dist_client_cf1d9188._.js:5816
[ 1331936ms] [LOG] [Fast Refresh] rebuilding @ http://localhost:3000/_next/static/chunks/node_modules_next_dist_client_cf1d9188._.js:5956
[ 1332062ms] [LOG] [Fast Refresh] done in 227ms @ http://localhost:3000/_next/static/chunks/node_modules_next_dist_client_cf1d9188._.js:5816
[ 1332321ms] [LOG] [Fast Refresh] rebuilding @ http://localhost:3000/_next/static/chunks/node_modules_next_dist_client_cf1d9188._.js:5956
[ 1332360ms] [LOG] [Fast Refresh] done in 145ms @ http://localhost:3000/_next/static/chunks/node_modules_next_dist_client_cf1d9188._.js:5816
[ 1332619ms] [LOG] [Fast Refresh] rebuilding @ http://localhost:3000/_next/static/chunks/node_modules_next_dist_client_cf1d9188._.js:5956
[ 1332642ms] [LOG] [Fast Refresh] done in 125ms @ http://localhost:3000/_next/static/chunks/node_modules_next_dist_client_cf1d9188._.js:5816
[ 1332787ms] [LOG] [Fast Refresh] rebuilding @ http://localhost:3000/_next/static/chunks/node_modules_next_dist_client_cf1d9188._.js:5956
[ 1332899ms] [LOG] [Fast Refresh] done in 212ms @ http://localhost:3000/_next/static/chunks/node_modules_next_dist_client_cf1d9188._.js:5816
[ 1333054ms] [LOG] [Fast Refresh] rebuilding @ http://localhost:3000/_next/static/chunks/node_modules_next_dist_client_cf1d9188._.js:5956
[ 1333080ms] [LOG] [Fast Refresh] done in 142ms @ http://localhost:3000/_next/static/chunks/node_modules_next_dist_client_cf1d9188._.js:5816
[ 1333320ms] [LOG] [Fast Refresh] rebuilding @ http://localhost:3000/_next/static/chunks/node_modules_next_dist_client_cf1d9188._.js:5956
[ 1333322ms] [LOG] [Fast Refresh] done in 109ms @ http://localhost:3000/_next/static/chunks/node_modules_next_dist_client_cf1d9188._.js:5816
[ 1333502ms] [LOG] [Fast Refresh] rebuilding @ http://localhost:3000/_next/static/chunks/node_modules_next_dist_client_cf1d9188._.js:5956
[ 1333550ms] [LOG] [Fast Refresh] done in 156ms @ http://localhost:3000/_next/static/chunks/node_modules_next_dist_client_cf1d9188._.js:5816
[ 1333701ms] [LOG] [Fast Refresh] rebuilding @ http://localhost:3000/_next/static/chunks/node_modules_next_dist_client_cf1d9188._.js:5956
[ 1333715ms] [LOG] [Fast Refresh] done in 120ms @ http://localhost:3000/_next/static/chunks/node_modules_next_dist_client_cf1d9188._.js:5816
[ 1333970ms] [LOG] [Fast Refresh] rebuilding @ http://localhost:3000/_next/static/chunks/node_modules_next_dist_client_cf1d9188._.js:5956
[ 1333980ms] [LOG] [Fast Refresh] done in 117ms @ http://localhost:3000/_next/static/chunks/node_modules_next_dist_client_cf1d9188._.js:5816
[ 1334204ms] [LOG] [Fast Refresh] rebuilding @ http://localhost:3000/_next/static/chunks/node_modules_next_dist_client_cf1d9188._.js:5956
[ 1334207ms] [LOG] [Fast Refresh] done in 105ms @ http://localhost:3000/_next/static/chunks/node_modules_next_dist_client_cf1d9188._.js:5816
[ 1334370ms] [LOG] [Fast Refresh] rebuilding @ http://localhost:3000/_next/static/chunks/node_modules_next_dist_client_cf1d9188._.js:5956
[ 1334375ms] [LOG] [Fast Refresh] done in 112ms @ http://localhost:3000/_next/static/chunks/node_modules_next_dist_client_cf1d9188._.js:5816
[ 1334986ms] [LOG] [Fast Refresh] rebuilding @ http://localhost:3000/_next/static/chunks/node_modules_next_dist_client_cf1d9188._.js:5956
[ 1334995ms] [LOG] [Fast Refresh] done in 115ms @ http://localhost:3000/_next/static/chunks/node_modules_next_dist_client_cf1d9188._.js:5816
[ 1335586ms] [LOG] [Fast Refresh] rebuilding @ http://localhost:3000/_next/static/chunks/node_modules_next_dist_client_cf1d9188._.js:5956
[ 1335595ms] [LOG] [Fast Refresh] done in 114ms @ http://localhost:3000/_next/static/chunks/node_modules_next_dist_client_cf1d9188._.js:5816
[ 1335837ms] [LOG] [Fast Refresh] rebuilding @ http://localhost:3000/_next/static/chunks/node_modules_next_dist_client_cf1d9188._.js:5956
[ 1335846ms] [LOG] [Fast Refresh] done in 114ms @ http://localhost:3000/_next/static/chunks/node_modules_next_dist_client_cf1d9188._.js:5816
[ 1338136ms] [LOG] [Fast Refresh] rebuilding @ http://localhost:3000/_next/static/chunks/node_modules_next_dist_client_cf1d9188._.js:5956
[ 1338786ms] [LOG] [Fast Refresh] done in 384ms @ http://localhost:3000/_next/static/chunks/node_modules_next_dist_client_cf1d9188._.js:5816
[ 1339102ms] [WARNING] The resource http://localhost:3000/_next/static/chunks/%5Broot-of-the-server%5D__ad960bb7._.css was preloaded using link preload but not used within a few seconds from the window's load event. Please make sure it has an appropriate `as` value and it is preloaded intentionally. @ http://localhost:3000/ar/market-place:0
[ 1340720ms] [LOG] [Fast Refresh] rebuilding @ http://localhost:3000/_next/static/chunks/node_modules_next_dist_client_cf1d9188._.js:5956
[ 1340721ms] [LOG] [Fast Refresh] done in 110ms @ http://localhost:3000/_next/static/chunks/node_modules_next_dist_client_cf1d9188._.js:5816
[ 1341270ms] [LOG] [Fast Refresh] rebuilding @ http://localhost:3000/_next/static/chunks/node_modules_next_dist_client_cf1d9188._.js:5956
[ 1341287ms] [LOG] [Fast Refresh] done in 122ms @ http://localhost:3000/_next/static/chunks/node_modules_next_dist_client_cf1d9188._.js:5816
[ 1341886ms] [LOG] [Fast Refresh] rebuilding @ http://localhost:3000/_next/static/chunks/node_modules_next_dist_client_cf1d9188._.js:5956
[ 1341924ms] [LOG] [Fast Refresh] done in 139ms @ http://localhost:3000/_next/static/chunks/node_modules_next_dist_client_cf1d9188._.js:5816
[ 1342086ms] [LOG] [Fast Refresh] rebuilding @ http://localhost:3000/_next/static/chunks/node_modules_next_dist_client_cf1d9188._.js:5956
[ 1342095ms] [LOG] [Fast Refresh] done in 117ms @ http://localhost:3000/_next/static/chunks/node_modules_next_dist_client_cf1d9188._.js:5816
[ 1342786ms] [LOG] [Fast Refresh] rebuilding @ http://localhost:3000/_next/static/chunks/node_modules_next_dist_client_cf1d9188._.js:5956
[ 1342809ms] [LOG] [Fast Refresh] done in 128ms @ http://localhost:3000/_next/static/chunks/node_modules_next_dist_client_cf1d9188._.js:5816
[ 1343419ms] [LOG] [Fast Refresh] rebuilding @ http://localhost:3000/_next/static/chunks/node_modules_next_dist_client_cf1d9188._.js:5956
[ 1343435ms] [LOG] [Fast Refresh] done in 124ms @ http://localhost:3000/_next/static/chunks/node_modules_next_dist_client_cf1d9188._.js:5816
[ 1343569ms] [LOG] [Fast Refresh] rebuilding @ http://localhost:3000/_next/static/chunks/node_modules_next_dist_client_cf1d9188._.js:5956
[ 1343579ms] [LOG] [Fast Refresh] done in 117ms @ http://localhost:3000/_next/static/chunks/node_modules_next_dist_client_cf1d9188._.js:5816
[ 1344068ms] [LOG] [Fast Refresh] rebuilding @ http://localhost:3000/_next/static/chunks/node_modules_next_dist_client_cf1d9188._.js:5956
[ 1344094ms] [LOG] [Fast Refresh] done in 134ms @ http://localhost:3000/_next/static/chunks/node_modules_next_dist_client_cf1d9188._.js:5816
[ 1344253ms] [LOG] [Fast Refresh] rebuilding @ http://localhost:3000/_next/static/chunks/node_modules_next_dist_client_cf1d9188._.js:5956
[ 1344258ms] [LOG] [Fast Refresh] done in 107ms @ http://localhost:3000/_next/static/chunks/node_modules_next_dist_client_cf1d9188._.js:5816
[ 1344634ms] [LOG] [Fast Refresh] rebuilding @ http://localhost:3000/_next/static/chunks/node_modules_next_dist_client_cf1d9188._.js:5956
[ 1344652ms] [LOG] [Fast Refresh] done in 130ms @ http://localhost:3000/_next/static/chunks/node_modules_next_dist_client_cf1d9188._.js:5816
[ 1344768ms] [LOG] [Fast Refresh] rebuilding @ http://localhost:3000/_next/static/chunks/node_modules_next_dist_client_cf1d9188._.js:5956
[ 1344771ms] [LOG] [Fast Refresh] done in 108ms @ http://localhost:3000/_next/static/chunks/node_modules_next_dist_client_cf1d9188._.js:5816
[ 1344903ms] [LOG] [Fast Refresh] rebuilding @ http://localhost:3000/_next/static/chunks/node_modules_next_dist_client_cf1d9188._.js:5956
[ 1344939ms] [LOG] [Fast Refresh] done in 138ms @ http://localhost:3000/_next/static/chunks/node_modules_next_dist_client_cf1d9188._.js:5816
[ 1345300ms] [LOG] [Fast Refresh] rebuilding @ http://localhost:3000/_next/static/chunks/node_modules_next_dist_client_cf1d9188._.js:5956
[ 1345303ms] [LOG] [Fast Refresh] done in 112ms @ http://localhost:3000/_next/static/chunks/node_modules_next_dist_client_cf1d9188._.js:5816
[ 1345433ms] [LOG] [Fast Refresh] rebuilding @ http://localhost:3000/_next/static/chunks/node_modules_next_dist_client_cf1d9188._.js:5956
[ 1345445ms] [LOG] [Fast Refresh] done in 115ms @ http://localhost:3000/_next/static/chunks/node_modules_next_dist_client_cf1d9188._.js:5816
[ 1345952ms] [LOG] [Fast Refresh] rebuilding @ http://localhost:3000/_next/static/chunks/node_modules_next_dist_client_cf1d9188._.js:5956
[ 1345957ms] [LOG] [Fast Refresh] done in 107ms @ http://localhost:3000/_next/static/chunks/node_modules_next_dist_client_cf1d9188._.js:5816
[ 1346586ms] [LOG] [Fast Refresh] rebuilding @ http://localhost:3000/_next/static/chunks/node_modules_next_dist_client_cf1d9188._.js:5956
[ 1346739ms] [LOG] [Fast Refresh] done in 266ms @ http://localhost:3000/_next/static/chunks/node_modules_next_dist_client_cf1d9188._.js:5816
[ 1347519ms] [LOG] [Fast Refresh] rebuilding @ http://localhost:3000/_next/static/chunks/node_modules_next_dist_client_cf1d9188._.js:5956
[ 1347560ms] [LOG] [Fast Refresh] done in 144ms @ http://localhost:3000/_next/static/chunks/node_modules_next_dist_client_cf1d9188._.js:5816
[ 1347952ms] [LOG] [Fast Refresh] rebuilding @ http://localhost:3000/_next/static/chunks/node_modules_next_dist_client_cf1d9188._.js:5956
[ 1348035ms] [LOG] [Fast Refresh] done in 192ms @ http://localhost:3000/_next/static/chunks/node_modules_next_dist_client_cf1d9188._.js:5816
[ 1348186ms] [LOG] [Fast Refresh] rebuilding @ http://localhost:3000/_next/static/chunks/node_modules_next_dist_client_cf1d9188._.js:5956
[ 1348211ms] [LOG] [Fast Refresh] done in 134ms @ http://localhost:3000/_next/static/chunks/node_modules_next_dist_client_cf1d9188._.js:5816
[ 1351121ms] [WARNING] The resource http://localhost:3000/_next/static/chunks/%5Broot-of-the-server%5D__ad960bb7._.css was preloaded using link preload but not used within a few seconds from the window's load event. Please make sure it has an appropriate `as` value and it is preloaded intentionally. @ http://localhost:3000/ar/market-place:0
[ 2139057ms] [LOG] [Fast Refresh] rebuilding @ http://localhost:3000/_next/static/chunks/node_modules_next_dist_client_cf1d9188._.js:5956
[ 2139088ms] [LOG] [Fast Refresh] done in 40ms @ http://localhost:3000/_next/static/chunks/node_modules_next_dist_client_cf1d9188._.js:5816
[ 2249081ms] [LOG] [Fast Refresh] rebuilding @ http://localhost:3000/_next/static/chunks/node_modules_next_dist_client_cf1d9188._.js:5956
[ 2249110ms] [LOG] [Fast Refresh] done in 91ms @ http://localhost:3000/_next/static/chunks/node_modules_next_dist_client_cf1d9188._.js:5816
[ 2269308ms] [LOG] [Fast Refresh] rebuilding @ http://localhost:3000/_next/static/chunks/node_modules_next_dist_client_cf1d9188._.js:5956
[ 2269356ms] [LOG] [Fast Refresh] done in 27ms @ http://localhost:3000/_next/static/chunks/node_modules_next_dist_client_cf1d9188._.js:5816
[ 2273545ms] [LOG] [Fast Refresh] rebuilding @ http://localhost:3000/_next/static/chunks/node_modules_next_dist_client_cf1d9188._.js:5956
[ 2273616ms] [LOG] [Fast Refresh] done in 30ms @ http://localhost:3000/_next/static/chunks/node_modules_next_dist_client_cf1d9188._.js:5816
[ 2273856ms] [LOG] [Fast Refresh] rebuilding @ http://localhost:3000/_next/static/chunks/node_modules_next_dist_client_cf1d9188._.js:5956
[ 2273979ms] [LOG] [Fast Refresh] done in 234ms @ http://localhost:3000/_next/static/chunks/node_modules_next_dist_client_cf1d9188._.js:5816
[ 2274769ms] [LOG] [Fast Refresh] rebuilding @ http://localhost:3000/_next/static/chunks/node_modules_next_dist_client_cf1d9188._.js:5956
[ 2274797ms] [LOG] [Fast Refresh] done in 135ms @ http://localhost:3000/_next/static/chunks/node_modules_next_dist_client_cf1d9188._.js:5816
[ 2275539ms] [LOG] [Fast Refresh] rebuilding @ http://localhost:3000/_next/static/chunks/node_modules_next_dist_client_cf1d9188._.js:5956
[ 2275624ms] [LOG] [Fast Refresh] done in 117ms @ http://localhost:3000/_next/static/chunks/node_modules_next_dist_client_cf1d9188._.js:5816
[ 2275772ms] [LOG] [Fast Refresh] rebuilding @ http://localhost:3000/_next/static/chunks/node_modules_next_dist_client_cf1d9188._.js:5956
[ 2275823ms] [LOG] [Fast Refresh] done in 151ms @ http://localhost:3000/_next/static/chunks/node_modules_next_dist_client_cf1d9188._.js:5816
[ 2276405ms] [LOG] [Fast Refresh] rebuilding @ http://localhost:3000/_next/static/chunks/node_modules_next_dist_client_cf1d9188._.js:5956
[ 2276464ms] [LOG] [Fast Refresh] done in 160ms @ http://localhost:3000/_next/static/chunks/node_modules_next_dist_client_cf1d9188._.js:5816
[ 2276885ms] [LOG] [Fast Refresh] rebuilding @ http://localhost:3000/_next/static/chunks/node_modules_next_dist_client_cf1d9188._.js:5956
[ 2276885ms] [LOG] [Fast Refresh] done in 108ms @ http://localhost:3000/_next/static/chunks/node_modules_next_dist_client_cf1d9188._.js:5816
[ 2277186ms] [LOG] [Fast Refresh] rebuilding @ http://localhost:3000/_next/static/chunks/node_modules_next_dist_client_cf1d9188._.js:5956
[ 2277191ms] [LOG] [Fast Refresh] done in 112ms @ http://localhost:3000/_next/static/chunks/node_modules_next_dist_client_cf1d9188._.js:5816
[ 2278938ms] [LOG] [Fast Refresh] rebuilding @ http://localhost:3000/_next/static/chunks/node_modules_next_dist_client_cf1d9188._.js:5956
[ 2278943ms] [LOG] [Fast Refresh] done in 111ms @ http://localhost:3000/_next/static/chunks/node_modules_next_dist_client_cf1d9188._.js:5816
[ 2279498ms] [LOG] [Fast Refresh] rebuilding @ http://localhost:3000/_next/static/chunks/node_modules_next_dist_client_cf1d9188._.js:5956
[ 2279936ms] [LOG] [Fast Refresh] done in 540ms @ http://localhost:3000/_next/static/chunks/node_modules_next_dist_client_cf1d9188._.js:5816
[ 2280321ms] [LOG] [Fast Refresh] rebuilding @ http://localhost:3000/_next/static/chunks/node_modules_next_dist_client_cf1d9188._.js:5956
[ 2281431ms] [LOG] [Fast Refresh] done in 701ms @ http://localhost:3000/_next/static/chunks/node_modules_next_dist_client_cf1d9188._.js:5816
[ 2281893ms] [LOG] [Fast Refresh] rebuilding @ http://localhost:3000/_next/static/chunks/node_modules_next_dist_client_cf1d9188._.js:5956
[ 2282091ms] [WARNING] The resource http://localhost:3000/_next/static/chunks/%5Broot-of-the-server%5D__ad960bb7._.css was preloaded using link preload but not used within a few seconds from the window's load event. Please make sure it has an appropriate `as` value and it is preloaded intentionally. @ http://localhost:3000/ar/market-place:0
[ 2282405ms] [LOG] [Fast Refresh] done in 618ms @ http://localhost:3000/_next/static/chunks/node_modules_next_dist_client_cf1d9188._.js:5816
[ 2285022ms] [LOG] [Fast Refresh] rebuilding @ http://localhost:3000/_next/static/chunks/node_modules_next_dist_client_cf1d9188._.js:5956
[ 2285023ms] [LOG] [Fast Refresh] done in 104ms @ http://localhost:3000/_next/static/chunks/node_modules_next_dist_client_cf1d9188._.js:5816
[ 2285171ms] [LOG] [Fast Refresh] rebuilding @ http://localhost:3000/_next/static/chunks/node_modules_next_dist_client_cf1d9188._.js:5956
[ 2285429ms] [LOG] [Fast Refresh] done in 364ms @ http://localhost:3000/_next/static/chunks/node_modules_next_dist_client_cf1d9188._.js:5816
[ 2285588ms] [LOG] [Fast Refresh] rebuilding @ http://localhost:3000/_next/static/chunks/node_modules_next_dist_client_cf1d9188._.js:5956
[ 2285602ms] [LOG] [Fast Refresh] done in 123ms @ http://localhost:3000/_next/static/chunks/node_modules_next_dist_client_cf1d9188._.js:5816
[ 2285952ms] [LOG] [Fast Refresh] rebuilding @ http://localhost:3000/_next/static/chunks/node_modules_next_dist_client_cf1d9188._.js:5956
[ 2285971ms] [LOG] [Fast Refresh] done in 121ms @ http://localhost:3000/_next/static/chunks/node_modules_next_dist_client_cf1d9188._.js:5816
[ 2286488ms] [LOG] [Fast Refresh] rebuilding @ http://localhost:3000/_next/static/chunks/node_modules_next_dist_client_cf1d9188._.js:5956
[ 2286547ms] [LOG] [Fast Refresh] done in 171ms @ http://localhost:3000/_next/static/chunks/node_modules_next_dist_client_cf1d9188._.js:5816
[ 2287071ms] [LOG] [Fast Refresh] rebuilding @ http://localhost:3000/_next/static/chunks/node_modules_next_dist_client_cf1d9188._.js:5956
[ 2287095ms] [LOG] [Fast Refresh] done in 125ms @ http://localhost:3000/_next/static/chunks/node_modules_next_dist_client_cf1d9188._.js:5816
[ 2289038ms] [LOG] [Fast Refresh] rebuilding @ http://localhost:3000/_next/static/chunks/node_modules_next_dist_client_cf1d9188._.js:5956
[ 2289207ms] [LOG] [Fast Refresh] done in 281ms @ http://localhost:3000/_next/static/chunks/node_modules_next_dist_client_cf1d9188._.js:5816
[ 2289953ms] [LOG] [Fast Refresh] rebuilding @ http://localhost:3000/_next/static/chunks/node_modules_next_dist_client_cf1d9188._.js:5956
[ 2289968ms] [LOG] [Fast Refresh] done in 122ms @ http://localhost:3000/_next/static/chunks/node_modules_next_dist_client_cf1d9188._.js:5816
[ 2290129ms] [LOG] [Fast Refresh] rebuilding @ http://localhost:3000/_next/static/chunks/node_modules_next_dist_client_cf1d9188._.js:5956
[ 2290129ms] [LOG] [Fast Refresh] done in 107ms @ http://localhost:3000/_next/static/chunks/node_modules_next_dist_client_cf1d9188._.js:5816
[ 2290337ms] [LOG] [Fast Refresh] rebuilding @ http://localhost:3000/_next/static/chunks/node_modules_next_dist_client_cf1d9188._.js:5956
[ 2290339ms] [LOG] [Fast Refresh] done in 106ms @ http://localhost:3000/_next/static/chunks/node_modules_next_dist_client_cf1d9188._.js:5816
[ 2291086ms] [LOG] [Fast Refresh] rebuilding @ http://localhost:3000/_next/static/chunks/node_modules_next_dist_client_cf1d9188._.js:5956
[ 2291093ms] [LOG] [Fast Refresh] done in 116ms @ http://localhost:3000/_next/static/chunks/node_modules_next_dist_client_cf1d9188._.js:5816
[ 2291553ms] [LOG] [Fast Refresh] rebuilding @ http://localhost:3000/_next/static/chunks/node_modules_next_dist_client_cf1d9188._.js:5956
[ 2291563ms] [LOG] [Fast Refresh] done in 118ms @ http://localhost:3000/_next/static/chunks/node_modules_next_dist_client_cf1d9188._.js:5816
[ 2292970ms] [LOG] [Fast Refresh] rebuilding @ http://localhost:3000/_next/static/chunks/node_modules_next_dist_client_cf1d9188._.js:5956
[ 2292975ms] [LOG] [Fast Refresh] done in 107ms @ http://localhost:3000/_next/static/chunks/node_modules_next_dist_client_cf1d9188._.js:5816
[ 2294796ms] [LOG] [Fast Refresh] rebuilding @ http://localhost:3000/_next/static/chunks/node_modules_next_dist_client_cf1d9188._.js:5956
[ 2294822ms] [LOG] [Fast Refresh] done in 61ms @ http://localhost:3000/_next/static/chunks/node_modules_next_dist_client_cf1d9188._.js:5816
[ 2294824ms] [LOG] [Fast Refresh] rebuilding @ http://localhost:3000/_next/static/chunks/node_modules_next_dist_client_cf1d9188._.js:5956
[ 2294916ms] [LOG] [Fast Refresh] done in 1ms @ http://localhost:3000/_next/static/chunks/node_modules_next_dist_client_cf1d9188._.js:5816
[ 2295603ms] [LOG] [Fast Refresh] rebuilding @ http://localhost:3000/_next/static/chunks/node_modules_next_dist_client_cf1d9188._.js:5956
[ 2295607ms] [LOG] [Fast Refresh] done in 114ms @ http://localhost:3000/_next/static/chunks/node_modules_next_dist_client_cf1d9188._.js:5816
[ 2297236ms] [LOG] [Fast Refresh] rebuilding @ http://localhost:3000/_next/static/chunks/node_modules_next_dist_client_cf1d9188._.js:5956
[ 2297257ms] [LOG] [Fast Refresh] done in 130ms @ http://localhost:3000/_next/static/chunks/node_modules_next_dist_client_cf1d9188._.js:5816
[ 2297604ms] [LOG] [Fast Refresh] rebuilding @ http://localhost:3000/_next/static/chunks/node_modules_next_dist_client_cf1d9188._.js:5956
[ 2297645ms] [LOG] [Fast Refresh] done in 156ms @ http://localhost:3000/_next/static/chunks/node_modules_next_dist_client_cf1d9188._.js:5816
[ 2297787ms] [LOG] [Fast Refresh] rebuilding @ http://localhost:3000/_next/static/chunks/node_modules_next_dist_client_cf1d9188._.js:5956
[ 2297790ms] [LOG] [Fast Refresh] done in 111ms @ http://localhost:3000/_next/static/chunks/node_modules_next_dist_client_cf1d9188._.js:5816
[ 2297937ms] [LOG] [Fast Refresh] rebuilding @ http://localhost:3000/_next/static/chunks/node_modules_next_dist_client_cf1d9188._.js:5956
[ 2297946ms] [LOG] [Fast Refresh] done in 118ms @ http://localhost:3000/_next/static/chunks/node_modules_next_dist_client_cf1d9188._.js:5816
[ 2298070ms] [LOG] [Fast Refresh] rebuilding @ http://localhost:3000/_next/static/chunks/node_modules_next_dist_client_cf1d9188._.js:5956
[ 2298134ms] [LOG] [Fast Refresh] done in 175ms @ http://localhost:3000/_next/static/chunks/node_modules_next_dist_client_cf1d9188._.js:5816
[ 2299252ms] [LOG] [Fast Refresh] rebuilding @ http://localhost:3000/_next/static/chunks/node_modules_next_dist_client_cf1d9188._.js:5956
[ 2299254ms] [LOG] [Fast Refresh] done in 107ms @ http://localhost:3000/_next/static/chunks/node_modules_next_dist_client_cf1d9188._.js:5816
[ 2299750ms] [LOG] [Fast Refresh] rebuilding @ http://localhost:3000/_next/static/chunks/node_modules_next_dist_client_cf1d9188._.js:5956
[ 2299756ms] [LOG] [Fast Refresh] done in 107ms @ http://localhost:3000/_next/static/chunks/node_modules_next_dist_client_cf1d9188._.js:5816
[ 2300553ms] [LOG] [Fast Refresh] rebuilding @ http://localhost:3000/_next/static/chunks/node_modules_next_dist_client_cf1d9188._.js:5956
[ 2300582ms] [LOG] [Fast Refresh] done in 133ms @ http://localhost:3000/_next/static/chunks/node_modules_next_dist_client_cf1d9188._.js:5816
[ 2300736ms] [LOG] [Fast Refresh] rebuilding @ http://localhost:3000/_next/static/chunks/node_modules_next_dist_client_cf1d9188._.js:5956
[ 2300751ms] [LOG] [Fast Refresh] done in 120ms @ http://localhost:3000/_next/static/chunks/node_modules_next_dist_client_cf1d9188._.js:5816
[ 2301235ms] [LOG] [Fast Refresh] rebuilding @ http://localhost:3000/_next/static/chunks/node_modules_next_dist_client_cf1d9188._.js:5956
[ 2301250ms] [LOG] [Fast Refresh] done in 122ms @ http://localhost:3000/_next/static/chunks/node_modules_next_dist_client_cf1d9188._.js:5816
[ 2301720ms] [LOG] [Fast Refresh] rebuilding @ http://localhost:3000/_next/static/chunks/node_modules_next_dist_client_cf1d9188._.js:5956
[ 2301745ms] [LOG] [Fast Refresh] done in 127ms @ http://localhost:3000/_next/static/chunks/node_modules_next_dist_client_cf1d9188._.js:5816
[ 2302223ms] [LOG] [Fast Refresh] rebuilding @ http://localhost:3000/_next/static/chunks/node_modules_next_dist_client_cf1d9188._.js:5956
[ 2302336ms] [LOG] [Fast Refresh] done in 49ms @ http://localhost:3000/_next/static/chunks/node_modules_next_dist_client_cf1d9188._.js:5816
[ 2303436ms] [LOG] [Fast Refresh] rebuilding @ http://localhost:3000/_next/static/chunks/node_modules_next_dist_client_cf1d9188._.js:5956
[ 2303478ms] [LOG] [Fast Refresh] done in 147ms @ http://localhost:3000/_next/static/chunks/node_modules_next_dist_client_cf1d9188._.js:5816
[ 2303737ms] [LOG] [Fast Refresh] rebuilding @ http://localhost:3000/_next/static/chunks/node_modules_next_dist_client_cf1d9188._.js:5956
[ 2303759ms] [LOG] [Fast Refresh] done in 130ms @ http://localhost:3000/_next/static/chunks/node_modules_next_dist_client_cf1d9188._.js:5816
[ 2304052ms] [LOG] [Fast Refresh] rebuilding @ http://localhost:3000/_next/static/chunks/node_modules_next_dist_client_cf1d9188._.js:5956
[ 2304084ms] [LOG] [Fast Refresh] done in 139ms @ http://localhost:3000/_next/static/chunks/node_modules_next_dist_client_cf1d9188._.js:5816
[ 2304336ms] [LOG] [Fast Refresh] rebuilding @ http://localhost:3000/_next/static/chunks/node_modules_next_dist_client_cf1d9188._.js:5956
[ 2304337ms] [LOG] [Fast Refresh] done in 103ms @ http://localhost:3000/_next/static/chunks/node_modules_next_dist_client_cf1d9188._.js:5816
[ 2304786ms] [LOG] [Fast Refresh] rebuilding @ http://localhost:3000/_next/static/chunks/node_modules_next_dist_client_cf1d9188._.js:5956
[ 2304825ms] [LOG] [Fast Refresh] done in 145ms @ http://localhost:3000/_next/static/chunks/node_modules_next_dist_client_cf1d9188._.js:5816
[ 2305103ms] [LOG] [Fast Refresh] rebuilding @ http://localhost:3000/_next/static/chunks/node_modules_next_dist_client_cf1d9188._.js:5956
[ 2305203ms] [LOG] [Fast Refresh] done in 209ms @ http://localhost:3000/_next/static/chunks/node_modules_next_dist_client_cf1d9188._.js:5816
[ 2305652ms] [LOG] [Fast Refresh] rebuilding @ http://localhost:3000/_next/static/chunks/node_modules_next_dist_client_cf1d9188._.js:5956
[ 2305803ms] [LOG] [Fast Refresh] done in 262ms @ http://localhost:3000/_next/static/chunks/node_modules_next_dist_client_cf1d9188._.js:5816
[ 2306484ms] [LOG] [Fast Refresh] rebuilding @ http://localhost:3000/_next/static/chunks/node_modules_next_dist_client_cf1d9188._.js:5956
[ 2306496ms] [LOG] [Fast Refresh] done in 125ms @ http://localhost:3000/_next/static/chunks/node_modules_next_dist_client_cf1d9188._.js:5816
[ 2306835ms] [LOG] [Fast Refresh] rebuilding @ http://localhost:3000/_next/static/chunks/node_modules_next_dist_client_cf1d9188._.js:5956
[ 2306870ms] [LOG] [Fast Refresh] done in 148ms @ http://localhost:3000/_next/static/chunks/node_modules_next_dist_client_cf1d9188._.js:5816
[ 2307552ms] [LOG] [Fast Refresh] rebuilding @ http://localhost:3000/_next/static/chunks/node_modules_next_dist_client_cf1d9188._.js:5956
[ 2307601ms] [LOG] [Fast Refresh] done in 153ms @ http://localhost:3000/_next/static/chunks/node_modules_next_dist_client_cf1d9188._.js:5816
[ 2307939ms] [LOG] [Fast Refresh] rebuilding @ http://localhost:3000/_next/static/chunks/node_modules_next_dist_client_cf1d9188._.js:5956
[ 2308054ms] [LOG] [Fast Refresh] done in 221ms @ http://localhost:3000/_next/static/chunks/node_modules_next_dist_client_cf1d9188._.js:5816
[ 2308924ms] [LOG] [Fast Refresh] rebuilding @ http://localhost:3000/_next/static/chunks/node_modules_next_dist_client_cf1d9188._.js:5956
[ 2308969ms] [LOG] [Fast Refresh] done in 22ms @ http://localhost:3000/_next/static/chunks/node_modules_next_dist_client_cf1d9188._.js:5816
[ 2310941ms] [WARNING] The resource http://localhost:3000/_next/static/chunks/%5Broot-of-the-server%5D__ad960bb7._.css was preloaded using link preload but not used within a few seconds from the window's load event. Please make sure it has an appropriate `as` value and it is preloaded intentionally. @ http://localhost:3000/ar/market-place:0
[ 2311886ms] [LOG] [Fast Refresh] rebuilding @ http://localhost:3000/_next/static/chunks/node_modules_next_dist_client_cf1d9188._.js:5956
[ 2311919ms] [LOG] [Fast Refresh] done in 15ms @ http://localhost:3000/_next/static/chunks/node_modules_next_dist_client_cf1d9188._.js:5816
[ 2315191ms] [LOG] [Fast Refresh] rebuilding @ http://localhost:3000/_next/static/chunks/node_modules_next_dist_client_cf1d9188._.js:5956
[ 2315192ms] [LOG] [Fast Refresh] done in 39ms @ http://localhost:3000/_next/static/chunks/node_modules_next_dist_client_cf1d9188._.js:5816
[ 2315385ms] [LOG] [Fast Refresh] rebuilding @ http://localhost:3000/_next/static/chunks/node_modules_next_dist_client_cf1d9188._.js:5956
[ 2315588ms] [LOG] [Fast Refresh] done in 307ms @ http://localhost:3000/_next/static/chunks/node_modules_next_dist_client_cf1d9188._.js:5816
[ 2317034ms] [LOG] [Fast Refresh] rebuilding @ http://localhost:3000/_next/static/chunks/node_modules_next_dist_client_cf1d9188._.js:5956
[ 2317092ms] [LOG] [Fast Refresh] done in 158ms @ http://localhost:3000/_next/static/chunks/node_modules_next_dist_client_cf1d9188._.js:5816
[ 2318902ms] [LOG] [Fast Refresh] rebuilding @ http://localhost:3000/_next/static/chunks/node_modules_next_dist_client_cf1d9188._.js:5956
[ 2318927ms] [LOG] [Fast Refresh] done in 24ms @ http://localhost:3000/_next/static/chunks/node_modules_next_dist_client_cf1d9188._.js:5816
[ 2332800ms] [LOG] [Fast Refresh] rebuilding @ http://localhost:3000/_next/static/chunks/node_modules_next_dist_client_cf1d9188._.js:5956
[ 2332850ms] [LOG] [Fast Refresh] done in 157ms @ http://localhost:3000/_next/static/chunks/node_modules_next_dist_client_cf1d9188._.js:5816
[ 2352797ms] [LOG] [Fast Refresh] rebuilding @ http://localhost:3000/_next/static/chunks/node_modules_next_dist_client_cf1d9188._.js:5956
[ 2353098ms] [LOG] [Fast Refresh] done in 401ms @ http://localhost:3000/_next/static/chunks/node_modules_next_dist_client_cf1d9188._.js:5816
[ 2353214ms] [LOG] [Fast Refresh] rebuilding @ http://localhost:3000/_next/static/chunks/node_modules_next_dist_client_cf1d9188._.js:5956
[ 2353214ms] [LOG] [Fast Refresh] done in 116ms @ http://localhost:3000/_next/static/chunks/node_modules_next_dist_client_cf1d9188._.js:5816
[ 2353614ms] [LOG] [Fast Refresh] rebuilding @ http://localhost:3000/_next/static/chunks/node_modules_next_dist_client_cf1d9188._.js:5956
[ 2353722ms] [LOG] [Fast Refresh] done in 221ms @ http://localhost:3000/_next/static/chunks/node_modules_next_dist_client_cf1d9188._.js:5816
[ 2356980ms] [LOG] [Fast Refresh] rebuilding @ http://localhost:3000/_next/static/chunks/node_modules_next_dist_client_cf1d9188._.js:5956
[ 2357005ms] [LOG] [Fast Refresh] done in 130ms @ http://localhost:3000/_next/static/chunks/node_modules_next_dist_client_cf1d9188._.js:5816
[ 2359797ms] [LOG] [Fast Refresh] rebuilding @ http://localhost:3000/_next/static/chunks/node_modules_next_dist_client_cf1d9188._.js:5956
[ 2359838ms] [LOG] [Fast Refresh] done in 151ms @ http://localhost:3000/_next/static/chunks/node_modules_next_dist_client_cf1d9188._.js:5816
[ 2376479ms] [LOG] [Fast Refresh] rebuilding @ http://localhost:3000/_next/static/chunks/node_modules_next_dist_client_cf1d9188._.js:5956
[ 2377629ms] [LOG] [Fast Refresh] done in 1251ms @ http://localhost:3000/_next/static/chunks/node_modules_next_dist_client_cf1d9188._.js:5816
[ 2377730ms] [LOG] [Fast Refresh] rebuilding @ http://localhost:3000/_next/static/chunks/node_modules_next_dist_client_cf1d9188._.js:5956
[ 2377795ms] [LOG] [Fast Refresh] done in 165ms @ http://localhost:3000/_next/static/chunks/node_modules_next_dist_client_cf1d9188._.js:5816
[ 2379095ms] [LOG] [Fast Refresh] rebuilding @ http://localhost:3000/_next/static/chunks/node_modules_next_dist_client_cf1d9188._.js:5956
[ 2379109ms] [LOG] [Fast Refresh] done in 114ms @ http://localhost:3000/_next/static/chunks/node_modules_next_dist_client_cf1d9188._.js:5816
[ 2379211ms] [LOG] [Fast Refresh] rebuilding @ http://localhost:3000/_next/static/chunks/node_modules_next_dist_client_cf1d9188._.js:5956
[ 2379263ms] [LOG] [Fast Refresh] done in 153ms @ http://localhost:3000/_next/static/chunks/node_modules_next_dist_client_cf1d9188._.js:5816
[ 2403059ms] [LOG] [Fast Refresh] rebuilding @ http://localhost:3000/_next/static/chunks/node_modules_next_dist_client_cf1d9188._.js:5956
[ 2403463ms] [LOG] [Fast Refresh] done in 512ms @ http://localhost:3000/_next/static/chunks/node_modules_next_dist_client_cf1d9188._.js:5816
[ 2403574ms] [LOG] [Fast Refresh] rebuilding @ http://localhost:3000/_next/static/chunks/node_modules_next_dist_client_cf1d9188._.js:5956
[ 2403625ms] [LOG] [Fast Refresh] done in 161ms @ http://localhost:3000/_next/static/chunks/node_modules_next_dist_client_cf1d9188._.js:5816
[ 2404359ms] [LOG] [Fast Refresh] rebuilding @ http://localhost:3000/_next/static/chunks/node_modules_next_dist_client_cf1d9188._.js:5956
[ 2405020ms] [LOG] [Fast Refresh] done in 770ms @ http://localhost:3000/_next/static/chunks/node_modules_next_dist_client_cf1d9188._.js:5816
[ 2451239ms] [LOG] [Fast Refresh] rebuilding @ http://localhost:3000/_next/static/chunks/node_modules_next_dist_client_cf1d9188._.js:5956
[ 2451271ms] [LOG] [Fast Refresh] done in 24ms @ http://localhost:3000/_next/static/chunks/node_modules_next_dist_client_cf1d9188._.js:5816
[ 2457106ms] [LOG] [Fast Refresh] rebuilding @ http://localhost:3000/_next/static/chunks/node_modules_next_dist_client_cf1d9188._.js:5956
[ 2457137ms] [LOG] [Fast Refresh] done in 41ms @ http://localhost:3000/_next/static/chunks/node_modules_next_dist_client_cf1d9188._.js:5816
[ 2464121ms] [LOG] [Fast Refresh] rebuilding @ http://localhost:3000/_next/static/chunks/node_modules_next_dist_client_cf1d9188._.js:5956
[ 2464152ms] [LOG] [Fast Refresh] done in 21ms @ http://localhost:3000/_next/static/chunks/node_modules_next_dist_client_cf1d9188._.js:5816
[ 2472905ms] [LOG] [Fast Refresh] rebuilding @ http://localhost:3000/_next/static/chunks/node_modules_next_dist_client_cf1d9188._.js:5956
[ 2472935ms] [LOG] [Fast Refresh] done in 26ms @ http://localhost:3000/_next/static/chunks/node_modules_next_dist_client_cf1d9188._.js:5816
[ 3073438ms] [LOG] [Fast Refresh] rebuilding @ http://localhost:3000/_next/static/chunks/node_modules_next_dist_client_cf1d9188._.js:5956
[ 3073807ms] [LOG] [Fast Refresh] done in 478ms @ http://localhost:3000/_next/static/chunks/node_modules_next_dist_client_cf1d9188._.js:5816
[ 3073922ms] [LOG] [Fast Refresh] rebuilding @ http://localhost:3000/_next/static/chunks/node_modules_next_dist_client_cf1d9188._.js:5956
[ 3073990ms] [LOG] [Fast Refresh] done in 182ms @ http://localhost:3000/_next/static/chunks/node_modules_next_dist_client_cf1d9188._.js:5816
[ 3075922ms] [LOG] [Fast Refresh] rebuilding @ http://localhost:3000/_next/static/chunks/node_modules_next_dist_client_cf1d9188._.js:5956
[ 3076017ms] [LOG] [Fast Refresh] done in 201ms @ http://localhost:3000/_next/static/chunks/node_modules_next_dist_client_cf1d9188._.js:5816
[ 3091420ms] [LOG] [Fast Refresh] rebuilding @ http://localhost:3000/_next/static/chunks/node_modules_next_dist_client_cf1d9188._.js:5956
[ 3091436ms] [LOG] [Fast Refresh] done in 123ms @ http://localhost:3000/_next/static/chunks/node_modules_next_dist_client_cf1d9188._.js:5816
[ 3103802ms] [LOG] [Fast Refresh] rebuilding @ http://localhost:3000/_next/static/chunks/node_modules_next_dist_client_cf1d9188._.js:5956
[ 3104253ms] [LOG] [Fast Refresh] done in 552ms @ http://localhost:3000/_next/static/chunks/node_modules_next_dist_client_cf1d9188._.js:5816
[ 3104368ms] [LOG] [Fast Refresh] rebuilding @ http://localhost:3000/_next/static/chunks/node_modules_next_dist_client_cf1d9188._.js:5956
[ 3104419ms] [LOG] [Fast Refresh] done in 166ms @ http://localhost:3000/_next/static/chunks/node_modules_next_dist_client_cf1d9188._.js:5816
[ 3105869ms] [LOG] [Fast Refresh] rebuilding @ http://localhost:3000/_next/static/chunks/node_modules_next_dist_client_cf1d9188._.js:5956
[ 3105953ms] [LOG] [Fast Refresh] done in 192ms @ http://localhost:3000/_next/static/chunks/node_modules_next_dist_client_cf1d9188._.js:5816
[ 3112385ms] [LOG] [Fast Refresh] rebuilding @ http://localhost:3000/_next/static/chunks/node_modules_next_dist_client_cf1d9188._.js:5956
[ 3112862ms] [LOG] [Fast Refresh] done in 586ms @ http://localhost:3000/_next/static/chunks/node_modules_next_dist_client_cf1d9188._.js:5816
[ 3112963ms] [LOG] [Fast Refresh] rebuilding @ http://localhost:3000/_next/static/chunks/node_modules_next_dist_client_cf1d9188._.js:5956
[ 3113015ms] [LOG] [Fast Refresh] done in 153ms @ http://localhost:3000/_next/static/chunks/node_modules_next_dist_client_cf1d9188._.js:5816
[ 3113718ms] [LOG] [Fast Refresh] rebuilding @ http://localhost:3000/_next/static/chunks/node_modules_next_dist_client_cf1d9188._.js:5956
[ 3113791ms] [LOG] [Fast Refresh] done in 184ms @ http://localhost:3000/_next/static/chunks/node_modules_next_dist_client_cf1d9188._.js:5816
[ 3334690ms] [LOG] [Fast Refresh] rebuilding @ http://localhost:3000/_next/static/chunks/node_modules_next_dist_client_cf1d9188._.js:5956
[ 3334720ms] [LOG] [Fast Refresh] done in 43ms @ http://localhost:3000/_next/static/chunks/node_modules_next_dist_client_cf1d9188._.js:5816
[ 3357527ms] [LOG] [Fast Refresh] rebuilding @ http://localhost:3000/_next/static/chunks/node_modules_next_dist_client_cf1d9188._.js:5956
[ 3357553ms] [LOG] [Fast Refresh] done in 67ms @ http://localhost:3000/_next/static/chunks/node_modules_next_dist_client_cf1d9188._.js:5816
[ 3458349ms] [LOG] [Fast Refresh] rebuilding @ http://localhost:3000/_next/static/chunks/node_modules_next_dist_client_cf1d9188._.js:5956
[ 3458783ms] [LOG] [Fast Refresh] done in 536ms @ http://localhost:3000/_next/static/chunks/node_modules_next_dist_client_cf1d9188._.js:5816
[ 3458899ms] [LOG] [Fast Refresh] rebuilding @ http://localhost:3000/_next/static/chunks/node_modules_next_dist_client_cf1d9188._.js:5956
[ 3458932ms] [LOG] [Fast Refresh] done in 149ms @ http://localhost:3000/_next/static/chunks/node_modules_next_dist_client_cf1d9188._.js:5816
[ 3460632ms] [LOG] [Fast Refresh] rebuilding @ http://localhost:3000/_next/static/chunks/node_modules_next_dist_client_cf1d9188._.js:5956
[ 3460709ms] [LOG] [Fast Refresh] done in 179ms @ http://localhost:3000/_next/static/chunks/node_modules_next_dist_client_cf1d9188._.js:5816
[ 3466081ms] [LOG] [Fast Refresh] rebuilding @ http://localhost:3000/_next/static/chunks/node_modules_next_dist_client_cf1d9188._.js:5956
[ 3466482ms] [LOG] [Fast Refresh] done in 506ms @ http://localhost:3000/_next/static/chunks/node_modules_next_dist_client_cf1d9188._.js:5816
[ 3466583ms] [LOG] [Fast Refresh] rebuilding @ http://localhost:3000/_next/static/chunks/node_modules_next_dist_client_cf1d9188._.js:5956
[ 3466646ms] [LOG] [Fast Refresh] done in 163ms @ http://localhost:3000/_next/static/chunks/node_modules_next_dist_client_cf1d9188._.js:5816
[ 3468565ms] [LOG] [Fast Refresh] rebuilding @ http://localhost:3000/_next/static/chunks/node_modules_next_dist_client_cf1d9188._.js:5956
[ 3468639ms] [LOG] [Fast Refresh] done in 174ms @ http://localhost:3000/_next/static/chunks/node_modules_next_dist_client_cf1d9188._.js:5816
[ 3481213ms] [LOG] [Fast Refresh] rebuilding @ http://localhost:3000/_next/static/chunks/node_modules_next_dist_client_cf1d9188._.js:5956
[ 3481586ms] [LOG] [Fast Refresh] done in 489ms @ http://localhost:3000/_next/static/chunks/node_modules_next_dist_client_cf1d9188._.js:5816
[ 3481697ms] [LOG] [Fast Refresh] rebuilding @ http://localhost:3000/_next/static/chunks/node_modules_next_dist_client_cf1d9188._.js:5956
[ 3481745ms] [LOG] [Fast Refresh] done in 159ms @ http://localhost:3000/_next/static/chunks/node_modules_next_dist_client_cf1d9188._.js:5816
[ 3483679ms] [LOG] [Fast Refresh] rebuilding @ http://localhost:3000/_next/static/chunks/node_modules_next_dist_client_cf1d9188._.js:5956
[ 3483783ms] [LOG] [Fast Refresh] done in 206ms @ http://localhost:3000/_next/static/chunks/node_modules_next_dist_client_cf1d9188._.js:5816
[ 3490277ms] [LOG] [Fast Refresh] rebuilding @ http://localhost:3000/_next/static/chunks/node_modules_next_dist_client_cf1d9188._.js:5956
[ 3490713ms] [LOG] [Fast Refresh] done in 544ms @ http://localhost:3000/_next/static/chunks/node_modules_next_dist_client_cf1d9188._.js:5816
[ 3490826ms] [LOG] [Fast Refresh] rebuilding @ http://localhost:3000/_next/static/chunks/node_modules_next_dist_client_cf1d9188._.js:5956
[ 3490879ms] [LOG] [Fast Refresh] done in 165ms @ http://localhost:3000/_next/static/chunks/node_modules_next_dist_client_cf1d9188._.js:5816
[ 3492495ms] [LOG] [Fast Refresh] rebuilding @ http://localhost:3000/_next/static/chunks/node_modules_next_dist_client_cf1d9188._.js:5956
[ 3492568ms] [LOG] [Fast Refresh] done in 187ms @ http://localhost:3000/_next/static/chunks/node_modules_next_dist_client_cf1d9188._.js:5816
[ 3641249ms] [LOG] [Fast Refresh] rebuilding @ http://localhost:3000/_next/static/chunks/node_modules_next_dist_client_cf1d9188._.js:5956
[ 3641282ms] [LOG] [Fast Refresh] done in 51ms @ http://localhost:3000/_next/static/chunks/node_modules_next_dist_client_cf1d9188._.js:5816
[ 3647782ms] [LOG] [Fast Refresh] rebuilding @ http://localhost:3000/_next/static/chunks/node_modules_next_dist_client_cf1d9188._.js:5956
[ 3647813ms] [LOG] [Fast Refresh] done in 42ms @ http://localhost:3000/_next/static/chunks/node_modules_next_dist_client_cf1d9188._.js:5816
[ 3654396ms] [LOG] [Fast Refresh] rebuilding @ http://localhost:3000/_next/static/chunks/node_modules_next_dist_client_cf1d9188._.js:5956
[ 3654429ms] [LOG] [Fast Refresh] done in 34ms @ http://localhost:3000/_next/static/chunks/node_modules_next_dist_client_cf1d9188._.js:5816
[ 3662330ms] [LOG] [Fast Refresh] rebuilding @ http://localhost:3000/_next/static/chunks/node_modules_next_dist_client_cf1d9188._.js:5956
[ 3662378ms] [LOG] [Fast Refresh] done in 29ms @ http://localhost:3000/_next/static/chunks/node_modules_next_dist_client_cf1d9188._.js:5816
[ 3670195ms] [LOG] [Fast Refresh] rebuilding @ http://localhost:3000/_next/static/chunks/node_modules_next_dist_client_cf1d9188._.js:5956
[ 3670227ms] [LOG] [Fast Refresh] done in 38ms @ http://localhost:3000/_next/static/chunks/node_modules_next_dist_client_cf1d9188._.js:5816
[ 3677911ms] [LOG] [Fast Refresh] rebuilding @ http://localhost:3000/_next/static/chunks/node_modules_next_dist_client_cf1d9188._.js:5956
[ 3677944ms] [LOG] [Fast Refresh] done in 35ms @ http://localhost:3000/_next/static/chunks/node_modules_next_dist_client_cf1d9188._.js:5816
[ 3688826ms] [LOG] [Fast Refresh] rebuilding @ http://localhost:3000/_next/static/chunks/node_modules_next_dist_client_cf1d9188._.js:5956
[ 3688826ms] [LOG] [Fast Refresh] done in 35ms @ http://localhost:3000/_next/static/chunks/node_modules_next_dist_client_cf1d9188._.js:5816
[ 3725355ms] [LOG] [Fast Refresh] rebuilding @ http://localhost:3000/_next/static/chunks/node_modules_next_dist_client_cf1d9188._.js:5956
[ 3725757ms] [LOG] [Fast Refresh] done in 507ms @ http://localhost:3000/_next/static/chunks/node_modules_next_dist_client_cf1d9188._.js:5816
[ 3725870ms] [LOG] [Fast Refresh] rebuilding @ http://localhost:3000/_next/static/chunks/node_modules_next_dist_client_cf1d9188._.js:5956
[ 3725936ms] [LOG] [Fast Refresh] done in 179ms @ http://localhost:3000/_next/static/chunks/node_modules_next_dist_client_cf1d9188._.js:5816
[ 3726687ms] [LOG] [Fast Refresh] rebuilding @ http://localhost:3000/_next/static/chunks/node_modules_next_dist_client_cf1d9188._.js:5956
[ 3726761ms] [LOG] [Fast Refresh] done in 186ms @ http://localhost:3000/_next/static/chunks/node_modules_next_dist_client_cf1d9188._.js:5816
[ 3728187ms] [LOG] [Fast Refresh] rebuilding @ http://localhost:3000/_next/static/chunks/node_modules_next_dist_client_cf1d9188._.js:5956
[ 3728227ms] [LOG] [Fast Refresh] done in 143ms @ http://localhost:3000/_next/static/chunks/node_modules_next_dist_client_cf1d9188._.js:5816
[ 3733619ms] [LOG] [Fast Refresh] rebuilding @ http://localhost:3000/_next/static/chunks/node_modules_next_dist_client_cf1d9188._.js:5956
[ 3733661ms] [LOG] [Fast Refresh] done in 144ms @ http://localhost:3000/_next/static/chunks/node_modules_next_dist_client_cf1d9188._.js:5816
[ 3735887ms] [LOG] [Fast Refresh] rebuilding @ http://localhost:3000/_next/static/chunks/node_modules_next_dist_client_cf1d9188._.js:5956
[ 3735924ms] [LOG] [Fast Refresh] done in 149ms @ http://localhost:3000/_next/static/chunks/node_modules_next_dist_client_cf1d9188._.js:5816
[ 3917234ms] [LOG] [Fast Refresh] rebuilding @ http://localhost:3000/_next/static/chunks/node_modules_next_dist_client_cf1d9188._.js:5956
[ 3917269ms] [LOG] [Fast Refresh] done in 145ms @ http://localhost:3000/_next/static/chunks/node_modules_next_dist_client_cf1d9188._.js:5816
[ 3932548ms] [LOG] [Fast Refresh] rebuilding @ http://localhost:3000/_next/static/chunks/node_modules_next_dist_client_cf1d9188._.js:5956
[ 3933050ms] [LOG] [Fast Refresh] done in 608ms @ http://localhost:3000/_next/static/chunks/node_modules_next_dist_client_cf1d9188._.js:5816
[ 3933164ms] [LOG] [Fast Refresh] rebuilding @ http://localhost:3000/_next/static/chunks/node_modules_next_dist_client_cf1d9188._.js:5956
[ 3933216ms] [LOG] [Fast Refresh] done in 166ms @ http://localhost:3000/_next/static/chunks/node_modules_next_dist_client_cf1d9188._.js:5816
[ 3935116ms] [LOG] [Fast Refresh] rebuilding @ http://localhost:3000/_next/static/chunks/node_modules_next_dist_client_cf1d9188._.js:5956
[ 3935232ms] [LOG] [Fast Refresh] done in 218ms @ http://localhost:3000/_next/static/chunks/node_modules_next_dist_client_cf1d9188._.js:5816
[ 3994361ms] [LOG] [Fast Refresh] rebuilding @ http://localhost:3000/_next/static/chunks/node_modules_next_dist_client_cf1d9188._.js:5956
[ 3994394ms] [LOG] [Fast Refresh] done in 17ms @ http://localhost:3000/_next/static/chunks/node_modules_next_dist_client_cf1d9188._.js:5816
[ 4001205ms] [LOG] [Fast Refresh] rebuilding @ http://localhost:3000/_next/static/chunks/node_modules_next_dist_client_cf1d9188._.js:5956
[ 4001244ms] [LOG] [Fast Refresh] done in 30ms @ http://localhost:3000/_next/static/chunks/node_modules_next_dist_client_cf1d9188._.js:5816
[ 4007893ms] [LOG] [Fast Refresh] rebuilding @ http://localhost:3000/_next/static/chunks/node_modules_next_dist_client_cf1d9188._.js:5956
[ 4007926ms] [LOG] [Fast Refresh] done in 39ms @ http://localhost:3000/_next/static/chunks/node_modules_next_dist_client_cf1d9188._.js:5816
[ 4012809ms] [LOG] [Fast Refresh] rebuilding @ http://localhost:3000/_next/static/chunks/node_modules_next_dist_client_cf1d9188._.js:5956
[ 4012842ms] [LOG] [Fast Refresh] done in 78ms @ http://localhost:3000/_next/static/chunks/node_modules_next_dist_client_cf1d9188._.js:5816
[ 4020091ms] [LOG] [Fast Refresh] rebuilding @ http://localhost:3000/_next/static/chunks/node_modules_next_dist_client_cf1d9188._.js:5956
[ 4020125ms] [LOG] [Fast Refresh] done in 30ms @ http://localhost:3000/_next/static/chunks/node_modules_next_dist_client_cf1d9188._.js:5816
[ 4028624ms] [LOG] [Fast Refresh] rebuilding @ http://localhost:3000/_next/static/chunks/node_modules_next_dist_client_cf1d9188._.js:5956
[ 4028657ms] [LOG] [Fast Refresh] done in 17ms @ http://localhost:3000/_next/static/chunks/node_modules_next_dist_client_cf1d9188._.js:5816
[ 4038339ms] [LOG] [Fast Refresh] rebuilding @ http://localhost:3000/_next/static/chunks/node_modules_next_dist_client_cf1d9188._.js:5956
[ 4038373ms] [LOG] [Fast Refresh] done in 32ms @ http://localhost:3000/_next/static/chunks/node_modules_next_dist_client_cf1d9188._.js:5816
[ 4054973ms] [LOG] [Fast Refresh] rebuilding @ http://localhost:3000/_next/static/chunks/node_modules_next_dist_client_cf1d9188._.js:5956
[ 4054995ms] [LOG] [Fast Refresh] done in 65ms @ http://localhost:3000/_next/static/chunks/node_modules_next_dist_client_cf1d9188._.js:5816
[ 4056545ms] [LOG] [Fast Refresh] rebuilding @ http://localhost:3000/_next/static/chunks/node_modules_next_dist_client_cf1d9188._.js:5956
[ 4056689ms] [LOG] [Fast Refresh] done in 248ms @ http://localhost:3000/_next/static/chunks/node_modules_next_dist_client_cf1d9188._.js:5816
[ 4056803ms] [LOG] [Fast Refresh] rebuilding @ http://localhost:3000/_next/static/chunks/node_modules_next_dist_client_cf1d9188._.js:5956
[ 4056809ms] [LOG] [Fast Refresh] done in 113ms @ http://localhost:3000/_next/static/chunks/node_modules_next_dist_client_cf1d9188._.js:5816
[ 4057368ms] [LOG] [Fast Refresh] rebuilding @ http://localhost:3000/_next/static/chunks/node_modules_next_dist_client_cf1d9188._.js:5956
[ 4057390ms] [LOG] [Fast Refresh] done in 128ms @ http://localhost:3000/_next/static/chunks/node_modules_next_dist_client_cf1d9188._.js:5816
[ 4058070ms] [LOG] [Fast Refresh] rebuilding @ http://localhost:3000/_next/static/chunks/node_modules_next_dist_client_cf1d9188._.js:5956
[ 4058121ms] [LOG] [Fast Refresh] done in 155ms @ http://localhost:3000/_next/static/chunks/node_modules_next_dist_client_cf1d9188._.js:5816
[ 4058669ms] [LOG] [Fast Refresh] rebuilding @ http://localhost:3000/_next/static/chunks/node_modules_next_dist_client_cf1d9188._.js:5956
[ 4058857ms] [LOG] [Fast Refresh] done in 293ms @ http://localhost:3000/_next/static/chunks/node_modules_next_dist_client_cf1d9188._.js:5816
[ 4059220ms] [LOG] [Fast Refresh] rebuilding @ http://localhost:3000/_next/static/chunks/node_modules_next_dist_client_cf1d9188._.js:5956
[ 4059221ms] [LOG] [Fast Refresh] done in 108ms @ http://localhost:3000/_next/static/chunks/node_modules_next_dist_client_cf1d9188._.js:5816
[ 4059336ms] [LOG] [Fast Refresh] rebuilding @ http://localhost:3000/_next/static/chunks/node_modules_next_dist_client_cf1d9188._.js:5956
[ 4059375ms] [LOG] [Fast Refresh] done in 153ms @ http://localhost:3000/_next/static/chunks/node_modules_next_dist_client_cf1d9188._.js:5816
[ 4060086ms] [LOG] [Fast Refresh] rebuilding @ http://localhost:3000/_next/static/chunks/node_modules_next_dist_client_cf1d9188._.js:5956
[ 4060089ms] [LOG] [Fast Refresh] done in 115ms @ http://localhost:3000/_next/static/chunks/node_modules_next_dist_client_cf1d9188._.js:5816
[ 4060540ms] [LOG] [Fast Refresh] rebuilding @ http://localhost:3000/_next/static/chunks/node_modules_next_dist_client_cf1d9188._.js:5956
[ 4061113ms] [LOG] [Fast Refresh] done in 676ms @ http://localhost:3000/_next/static/chunks/node_modules_next_dist_client_cf1d9188._.js:5816
[ 4063448ms] [WARNING] The resource http://localhost:3000/_next/static/chunks/%5Broot-of-the-server%5D__ad960bb7._.css was preloaded using link preload but not used within a few seconds from the window's load event. Please make sure it has an appropriate `as` value and it is preloaded intentionally. @ http://localhost:3000/ar/market-place:0
[ 4063740ms] [LOG] [Fast Refresh] rebuilding @ http://localhost:3000/_next/static/chunks/node_modules_next_dist_client_cf1d9188._.js:5956
[ 4063749ms] [LOG] [Fast Refresh] done in 109ms @ http://localhost:3000/_next/static/chunks/node_modules_next_dist_client_cf1d9188._.js:5816
[ 4064093ms] [LOG] [Fast Refresh] rebuilding @ http://localhost:3000/_next/static/chunks/node_modules_next_dist_client_cf1d9188._.js:5956
[ 4064193ms] [LOG] [Fast Refresh] done in 202ms @ http://localhost:3000/_next/static/chunks/node_modules_next_dist_client_cf1d9188._.js:5816
[ 4066098ms] [LOG] [Fast Refresh] rebuilding @ http://localhost:3000/_next/static/chunks/node_modules_next_dist_client_cf1d9188._.js:5956
[ 4066138ms] [LOG] [Fast Refresh] done in 142ms @ http://localhost:3000/_next/static/chunks/node_modules_next_dist_client_cf1d9188._.js:5816
[ 4066252ms] [LOG] [Fast Refresh] rebuilding @ http://localhost:3000/_next/static/chunks/node_modules_next_dist_client_cf1d9188._.js:5956
[ 4066349ms] [LOG] [Fast Refresh] done in 209ms @ http://localhost:3000/_next/static/chunks/node_modules_next_dist_client_cf1d9188._.js:5816
[ 4066769ms] [LOG] [Fast Refresh] rebuilding @ http://localhost:3000/_next/static/chunks/node_modules_next_dist_client_cf1d9188._.js:5956
[ 4066866ms] [LOG] [Fast Refresh] done in 200ms @ http://localhost:3000/_next/static/chunks/node_modules_next_dist_client_cf1d9188._.js:5816
[ 4067402ms] [LOG] [Fast Refresh] rebuilding @ http://localhost:3000/_next/static/chunks/node_modules_next_dist_client_cf1d9188._.js:5956
[ 4067520ms] [LOG] [Fast Refresh] done in 220ms @ http://localhost:3000/_next/static/chunks/node_modules_next_dist_client_cf1d9188._.js:5816
[ 4067786ms] [LOG] [Fast Refresh] rebuilding @ http://localhost:3000/_next/static/chunks/node_modules_next_dist_client_cf1d9188._.js:5956
[ 4067832ms] [LOG] [Fast Refresh] done in 156ms @ http://localhost:3000/_next/static/chunks/node_modules_next_dist_client_cf1d9188._.js:5816
[ 4068099ms] [LOG] [Fast Refresh] rebuilding @ http://localhost:3000/_next/static/chunks/node_modules_next_dist_client_cf1d9188._.js:5956
[ 4068128ms] [LOG] [Fast Refresh] done in 95ms @ http://localhost:3000/_next/static/chunks/node_modules_next_dist_client_cf1d9188._.js:5816
[ 4068401ms] [LOG] [Fast Refresh] rebuilding @ http://localhost:3000/_next/static/chunks/node_modules_next_dist_client_cf1d9188._.js:5956
[ 4068514ms] [LOG] [Fast Refresh] done in 221ms @ http://localhost:3000/_next/static/chunks/node_modules_next_dist_client_cf1d9188._.js:5816
[ 4068752ms] [LOG] [Fast Refresh] rebuilding @ http://localhost:3000/_next/static/chunks/node_modules_next_dist_client_cf1d9188._.js:5956
[ 4068804ms] [LOG] [Fast Refresh] done in 154ms @ http://localhost:3000/_next/static/chunks/node_modules_next_dist_client_cf1d9188._.js:5816
[ 4069468ms] [LOG] [Fast Refresh] rebuilding @ http://localhost:3000/_next/static/chunks/node_modules_next_dist_client_cf1d9188._.js:5956
[ 4069508ms] [LOG] [Fast Refresh] done in 152ms @ http://localhost:3000/_next/static/chunks/node_modules_next_dist_client_cf1d9188._.js:5816
[ 4070952ms] [LOG] [Fast Refresh] rebuilding @ http://localhost:3000/_next/static/chunks/node_modules_next_dist_client_cf1d9188._.js:5956
[ 4071038ms] [LOG] [Fast Refresh] done in 191ms @ http://localhost:3000/_next/static/chunks/node_modules_next_dist_client_cf1d9188._.js:5816
[ 4071701ms] [LOG] [Fast Refresh] rebuilding @ http://localhost:3000/_next/static/chunks/node_modules_next_dist_client_cf1d9188._.js:5956
[ 4071742ms] [LOG] [Fast Refresh] done in 155ms @ http://localhost:3000/_next/static/chunks/node_modules_next_dist_client_cf1d9188._.js:5816
[ 4072385ms] [LOG] [Fast Refresh] rebuilding @ http://localhost:3000/_next/static/chunks/node_modules_next_dist_client_cf1d9188._.js:5956
[ 4072442ms] [LOG] [Fast Refresh] done in 158ms @ http://localhost:3000/_next/static/chunks/node_modules_next_dist_client_cf1d9188._.js:5816
[ 4072668ms] [LOG] [Fast Refresh] rebuilding @ http://localhost:3000/_next/static/chunks/node_modules_next_dist_client_cf1d9188._.js:5956
[ 4072678ms] [LOG] [Fast Refresh] done in 114ms @ http://localhost:3000/_next/static/chunks/node_modules_next_dist_client_cf1d9188._.js:5816
[ 4072785ms] [LOG] [Fast Refresh] rebuilding @ http://localhost:3000/_next/static/chunks/node_modules_next_dist_client_cf1d9188._.js:5956
[ 4072836ms] [LOG] [Fast Refresh] done in 157ms @ http://localhost:3000/_next/static/chunks/node_modules_next_dist_client_cf1d9188._.js:5816
[ 4073835ms] [LOG] [Fast Refresh] rebuilding @ http://localhost:3000/_next/static/chunks/node_modules_next_dist_client_cf1d9188._.js:5956
[ 4073883ms] [LOG] [Fast Refresh] done in 150ms @ http://localhost:3000/_next/static/chunks/node_modules_next_dist_client_cf1d9188._.js:5816
[ 4074002ms] [LOG] [Fast Refresh] rebuilding @ http://localhost:3000/_next/static/chunks/node_modules_next_dist_client_cf1d9188._.js:5956
[ 4074022ms] [LOG] [Fast Refresh] done in 120ms @ http://localhost:3000/_next/static/chunks/node_modules_next_dist_client_cf1d9188._.js:5816
[ 4074576ms] [LOG] [Fast Refresh] rebuilding @ http://localhost:3000/_next/static/chunks/node_modules_next_dist_client_cf1d9188._.js:5956
[ 4074609ms] [LOG] [Fast Refresh] done in 134ms @ http://localhost:3000/_next/static/chunks/node_modules_next_dist_client_cf1d9188._.js:5816
[ 4075051ms] [LOG] [Fast Refresh] rebuilding @ http://localhost:3000/_next/static/chunks/node_modules_next_dist_client_cf1d9188._.js:5956
[ 4075055ms] [LOG] [Fast Refresh] done in 112ms @ http://localhost:3000/_next/static/chunks/node_modules_next_dist_client_cf1d9188._.js:5816
[ 4075181ms] [LOG] [Fast Refresh] rebuilding @ http://localhost:3000/_next/static/chunks/node_modules_next_dist_client_cf1d9188._.js:5956
[ 4075200ms] [LOG] [Fast Refresh] done in 122ms @ http://localhost:3000/_next/static/chunks/node_modules_next_dist_client_cf1d9188._.js:5816
[ 4075502ms] [LOG] [Fast Refresh] rebuilding @ http://localhost:3000/_next/static/chunks/node_modules_next_dist_client_cf1d9188._.js:5956
[ 4075546ms] [LOG] [Fast Refresh] done in 153ms @ http://localhost:3000/_next/static/chunks/node_modules_next_dist_client_cf1d9188._.js:5816
[ 4075684ms] [LOG] [Fast Refresh] rebuilding @ http://localhost:3000/_next/static/chunks/node_modules_next_dist_client_cf1d9188._.js:5956
[ 4075845ms] [LOG] [Fast Refresh] done in 264ms @ http://localhost:3000/_next/static/chunks/node_modules_next_dist_client_cf1d9188._.js:5816
[ 4078179ms] [LOG] [Fast Refresh] rebuilding @ http://localhost:3000/_next/static/chunks/node_modules_next_dist_client_cf1d9188._.js:5956
[ 4078187ms] [LOG] [Fast Refresh] done in 108ms @ http://localhost:3000/_next/static/chunks/node_modules_next_dist_client_cf1d9188._.js:5816
[ 4078829ms] [LOG] [Fast Refresh] rebuilding @ http://localhost:3000/_next/static/chunks/node_modules_next_dist_client_cf1d9188._.js:5956
[ 4078860ms] [LOG] [Fast Refresh] done in 132ms @ http://localhost:3000/_next/static/chunks/node_modules_next_dist_client_cf1d9188._.js:5816
[ 4080494ms] [LOG] [Fast Refresh] rebuilding @ http://localhost:3000/_next/static/chunks/node_modules_next_dist_client_cf1d9188._.js:5956
[ 4080505ms] [LOG] [Fast Refresh] done in 115ms @ http://localhost:3000/_next/static/chunks/node_modules_next_dist_client_cf1d9188._.js:5816
[ 4080666ms] [LOG] [Fast Refresh] rebuilding @ http://localhost:3000/_next/static/chunks/node_modules_next_dist_client_cf1d9188._.js:5956
[ 4080691ms] [LOG] [Fast Refresh] done in 132ms @ http://localhost:3000/_next/static/chunks/node_modules_next_dist_client_cf1d9188._.js:5816
[ 4080917ms] [LOG] [Fast Refresh] rebuilding @ http://localhost:3000/_next/static/chunks/node_modules_next_dist_client_cf1d9188._.js:5956
[ 4081010ms] [LOG] [Fast Refresh] done in 194ms @ http://localhost:3000/_next/static/chunks/node_modules_next_dist_client_cf1d9188._.js:5816
[ 4081553ms] [LOG] [Fast Refresh] rebuilding @ http://localhost:3000/_next/static/chunks/node_modules_next_dist_client_cf1d9188._.js:5956
[ 4081579ms] [LOG] [Fast Refresh] done in 126ms @ http://localhost:3000/_next/static/chunks/node_modules_next_dist_client_cf1d9188._.js:5816
[ 4082051ms] [LOG] [Fast Refresh] rebuilding @ http://localhost:3000/_next/static/chunks/node_modules_next_dist_client_cf1d9188._.js:5956
[ 4082057ms] [LOG] [Fast Refresh] done in 118ms @ http://localhost:3000/_next/static/chunks/node_modules_next_dist_client_cf1d9188._.js:5816
[ 4082333ms] [LOG] [Fast Refresh] rebuilding @ http://localhost:3000/_next/static/chunks/node_modules_next_dist_client_cf1d9188._.js:5956
[ 4082353ms] [LOG] [Fast Refresh] done in 129ms @ http://localhost:3000/_next/static/chunks/node_modules_next_dist_client_cf1d9188._.js:5816
[ 4082750ms] [LOG] [Fast Refresh] rebuilding @ http://localhost:3000/_next/static/chunks/node_modules_next_dist_client_cf1d9188._.js:5956
[ 4082794ms] [LOG] [Fast Refresh] done in 151ms @ http://localhost:3000/_next/static/chunks/node_modules_next_dist_client_cf1d9188._.js:5816
[ 4083467ms] [LOG] [Fast Refresh] rebuilding @ http://localhost:3000/_next/static/chunks/node_modules_next_dist_client_cf1d9188._.js:5956
[ 4083507ms] [LOG] [Fast Refresh] done in 148ms @ http://localhost:3000/_next/static/chunks/node_modules_next_dist_client_cf1d9188._.js:5816
[ 4083948ms] [LOG] [Fast Refresh] rebuilding @ http://localhost:3000/_next/static/chunks/node_modules_next_dist_client_cf1d9188._.js:5956
[ 4083956ms] [LOG] [Fast Refresh] done in 115ms @ http://localhost:3000/_next/static/chunks/node_modules_next_dist_client_cf1d9188._.js:5816
[ 4084043ms] [LOG] [Fast Refresh] rebuilding @ http://localhost:3000/_next/static/chunks/node_modules_next_dist_client_cf1d9188._.js:5956
[ 4084070ms] [LOG] [Fast Refresh] done in 113ms @ http://localhost:3000/_next/static/chunks/node_modules_next_dist_client_cf1d9188._.js:5816
[ 4084801ms] [LOG] [Fast Refresh] rebuilding @ http://localhost:3000/_next/static/chunks/node_modules_next_dist_client_cf1d9188._.js:5956
[ 4084904ms] [LOG] [Fast Refresh] done in 215ms @ http://localhost:3000/_next/static/chunks/node_modules_next_dist_client_cf1d9188._.js:5816
[ 4085184ms] [LOG] [Fast Refresh] rebuilding @ http://localhost:3000/_next/static/chunks/node_modules_next_dist_client_cf1d9188._.js:5956
[ 4085200ms] [LOG] [Fast Refresh] done in 132ms @ http://localhost:3000/_next/static/chunks/node_modules_next_dist_client_cf1d9188._.js:5816
[ 4086601ms] [LOG] [Fast Refresh] rebuilding @ http://localhost:3000/_next/static/chunks/node_modules_next_dist_client_cf1d9188._.js:5956
[ 4086645ms] [LOG] [Fast Refresh] done in 153ms @ http://localhost:3000/_next/static/chunks/node_modules_next_dist_client_cf1d9188._.js:5816
[ 4087098ms] [LOG] [Fast Refresh] rebuilding @ http://localhost:3000/_next/static/chunks/node_modules_next_dist_client_cf1d9188._.js:5956
[ 4087104ms] [LOG] [Fast Refresh] done in 118ms @ http://localhost:3000/_next/static/chunks/node_modules_next_dist_client_cf1d9188._.js:5816
[ 4087333ms] [LOG] [Fast Refresh] rebuilding @ http://localhost:3000/_next/static/chunks/node_modules_next_dist_client_cf1d9188._.js:5956
[ 4087360ms] [LOG] [Fast Refresh] done in 132ms @ http://localhost:3000/_next/static/chunks/node_modules_next_dist_client_cf1d9188._.js:5816
[ 4088333ms] [LOG] [Fast Refresh] rebuilding @ http://localhost:3000/_next/static/chunks/node_modules_next_dist_client_cf1d9188._.js:5956
[ 4088437ms] [LOG] [Fast Refresh] done in 207ms @ http://localhost:3000/_next/static/chunks/node_modules_next_dist_client_cf1d9188._.js:5816
[ 4088683ms] [LOG] [Fast Refresh] rebuilding @ http://localhost:3000/_next/static/chunks/node_modules_next_dist_client_cf1d9188._.js:5956
[ 4088718ms] [LOG] [Fast Refresh] done in 138ms @ http://localhost:3000/_next/static/chunks/node_modules_next_dist_client_cf1d9188._.js:5816
[ 4088949ms] [LOG] [Fast Refresh] rebuilding @ http://localhost:3000/_next/static/chunks/node_modules_next_dist_client_cf1d9188._.js:5956
[ 4088966ms] [LOG] [Fast Refresh] done in 121ms @ http://localhost:3000/_next/static/chunks/node_modules_next_dist_client_cf1d9188._.js:5816
[ 4089567ms] [LOG] [Fast Refresh] rebuilding @ http://localhost:3000/_next/static/chunks/node_modules_next_dist_client_cf1d9188._.js:5956
[ 4089572ms] [LOG] [Fast Refresh] done in 113ms @ http://localhost:3000/_next/static/chunks/node_modules_next_dist_client_cf1d9188._.js:5816
[ 4089833ms] [LOG] [Fast Refresh] rebuilding @ http://localhost:3000/_next/static/chunks/node_modules_next_dist_client_cf1d9188._.js:5956
[ 4089871ms] [LOG] [Fast Refresh] done in 138ms @ http://localhost:3000/_next/static/chunks/node_modules_next_dist_client_cf1d9188._.js:5816
[ 4090400ms] [LOG] [Fast Refresh] rebuilding @ http://localhost:3000/_next/static/chunks/node_modules_next_dist_client_cf1d9188._.js:5956
[ 4090440ms] [LOG] [Fast Refresh] done in 153ms @ http://localhost:3000/_next/static/chunks/node_modules_next_dist_client_cf1d9188._.js:5816
[ 4090750ms] [LOG] [Fast Refresh] rebuilding @ http://localhost:3000/_next/static/chunks/node_modules_next_dist_client_cf1d9188._.js:5956
[ 4090771ms] [LOG] [Fast Refresh] done in 124ms @ http://localhost:3000/_next/static/chunks/node_modules_next_dist_client_cf1d9188._.js:5816
[ 4091148ms] [LOG] [Fast Refresh] rebuilding @ http://localhost:3000/_next/static/chunks/node_modules_next_dist_client_cf1d9188._.js:5956
[ 4091179ms] [LOG] [Fast Refresh] done in 137ms @ http://localhost:3000/_next/static/chunks/node_modules_next_dist_client_cf1d9188._.js:5816
[ 4091866ms] [LOG] [Fast Refresh] rebuilding @ http://localhost:3000/_next/static/chunks/node_modules_next_dist_client_cf1d9188._.js:5956
[ 4091954ms] [LOG] [Fast Refresh] done in 200ms @ http://localhost:3000/_next/static/chunks/node_modules_next_dist_client_cf1d9188._.js:5816
[ 4092533ms] [LOG] [Fast Refresh] rebuilding @ http://localhost:3000/_next/static/chunks/node_modules_next_dist_client_cf1d9188._.js:5956
[ 4092541ms] [LOG] [Fast Refresh] done in 121ms @ http://localhost:3000/_next/static/chunks/node_modules_next_dist_client_cf1d9188._.js:5816
[ 4092683ms] [LOG] [Fast Refresh] rebuilding @ http://localhost:3000/_next/static/chunks/node_modules_next_dist_client_cf1d9188._.js:5956
[ 4092684ms] [LOG] [Fast Refresh] done in 110ms @ http://localhost:3000/_next/static/chunks/node_modules_next_dist_client_cf1d9188._.js:5816
[ 4092915ms] [LOG] [Fast Refresh] rebuilding @ http://localhost:3000/_next/static/chunks/node_modules_next_dist_client_cf1d9188._.js:5956
[ 4092955ms] [LOG] [Fast Refresh] done in 146ms @ http://localhost:3000/_next/static/chunks/node_modules_next_dist_client_cf1d9188._.js:5816
[ 4093232ms] [LOG] [Fast Refresh] rebuilding @ http://localhost:3000/_next/static/chunks/node_modules_next_dist_client_cf1d9188._.js:5956
[ 4093235ms] [LOG] [Fast Refresh] done in 113ms @ http://localhost:3000/_next/static/chunks/node_modules_next_dist_client_cf1d9188._.js:5816
[ 4093616ms] [LOG] [Fast Refresh] rebuilding @ http://localhost:3000/_next/static/chunks/node_modules_next_dist_client_cf1d9188._.js:5956
[ 4093694ms] [LOG] [Fast Refresh] done in 182ms @ http://localhost:3000/_next/static/chunks/node_modules_next_dist_client_cf1d9188._.js:5816
[ 4093816ms] [LOG] [Fast Refresh] rebuilding @ http://localhost:3000/_next/static/chunks/node_modules_next_dist_client_cf1d9188._.js:5956
[ 4093826ms] [LOG] [Fast Refresh] done in 116ms @ http://localhost:3000/_next/static/chunks/node_modules_next_dist_client_cf1d9188._.js:5816
[ 4094366ms] [LOG] [Fast Refresh] rebuilding @ http://localhost:3000/_next/static/chunks/node_modules_next_dist_client_cf1d9188._.js:5956
[ 4094412ms] [LOG] [Fast Refresh] done in 157ms @ http://localhost:3000/_next/static/chunks/node_modules_next_dist_client_cf1d9188._.js:5816
[ 4094816ms] [LOG] [Fast Refresh] rebuilding @ http://localhost:3000/_next/static/chunks/node_modules_next_dist_client_cf1d9188._.js:5956
[ 4094817ms] [LOG] [Fast Refresh] done in 108ms @ http://localhost:3000/_next/static/chunks/node_modules_next_dist_client_cf1d9188._.js:5816
[ 4096683ms] [LOG] [Fast Refresh] rebuilding @ http://localhost:3000/_next/static/chunks/node_modules_next_dist_client_cf1d9188._.js:5956
[ 4096687ms] [LOG] [Fast Refresh] done in 104ms @ http://localhost:3000/_next/static/chunks/node_modules_next_dist_client_cf1d9188._.js:5816
[ 4096817ms] [LOG] [Fast Refresh] rebuilding @ http://localhost:3000/_next/static/chunks/node_modules_next_dist_client_cf1d9188._.js:5956
[ 4096908ms] [LOG] [Fast Refresh] done in 205ms @ http://localhost:3000/_next/static/chunks/node_modules_next_dist_client_cf1d9188._.js:5816
[ 4097049ms] [LOG] [Fast Refresh] rebuilding @ http://localhost:3000/_next/static/chunks/node_modules_next_dist_client_cf1d9188._.js:5956
[ 4097080ms] [LOG] [Fast Refresh] done in 135ms @ http://localhost:3000/_next/static/chunks/node_modules_next_dist_client_cf1d9188._.js:5816
[ 4097943ms] [LOG] [Fast Refresh] rebuilding @ http://localhost:3000/_next/static/chunks/node_modules_next_dist_client_cf1d9188._.js:5956
[ 4097946ms] [LOG] [Fast Refresh] done in 105ms @ http://localhost:3000/_next/static/chunks/node_modules_next_dist_client_cf1d9188._.js:5816
[ 4098182ms] [LOG] [Fast Refresh] rebuilding @ http://localhost:3000/_next/static/chunks/node_modules_next_dist_client_cf1d9188._.js:5956
[ 4098245ms] [LOG] [Fast Refresh] done in 166ms @ http://localhost:3000/_next/static/chunks/node_modules_next_dist_client_cf1d9188._.js:5816
[ 4098379ms] [LOG] [Fast Refresh] rebuilding @ http://localhost:3000/_next/static/chunks/node_modules_next_dist_client_cf1d9188._.js:5956
[ 4098427ms] [LOG] [Fast Refresh] done in 150ms @ http://localhost:3000/_next/static/chunks/node_modules_next_dist_client_cf1d9188._.js:5816
[ 4098598ms] [LOG] [Fast Refresh] rebuilding @ http://localhost:3000/_next/static/chunks/node_modules_next_dist_client_cf1d9188._.js:5956
[ 4098602ms] [LOG] [Fast Refresh] done in 113ms @ http://localhost:3000/_next/static/chunks/node_modules_next_dist_client_cf1d9188._.js:5816
[ 4098898ms] [LOG] [Fast Refresh] rebuilding @ http://localhost:3000/_next/static/chunks/node_modules_next_dist_client_cf1d9188._.js:5956
[ 4098954ms] [LOG] [Fast Refresh] done in 161ms @ http://localhost:3000/_next/static/chunks/node_modules_next_dist_client_cf1d9188._.js:5816
[ 4099144ms] [LOG] [Fast Refresh] rebuilding @ http://localhost:3000/_next/static/chunks/node_modules_next_dist_client_cf1d9188._.js:5956
[ 4099159ms] [LOG] [Fast Refresh] done in 117ms @ http://localhost:3000/_next/static/chunks/node_modules_next_dist_client_cf1d9188._.js:5816
[ 4100249ms] [LOG] [Fast Refresh] rebuilding @ http://localhost:3000/_next/static/chunks/node_modules_next_dist_client_cf1d9188._.js:5956
[ 4100352ms] [LOG] [Fast Refresh] done in 210ms @ http://localhost:3000/_next/static/chunks/node_modules_next_dist_client_cf1d9188._.js:5816
[ 4100465ms] [LOG] [Fast Refresh] rebuilding @ http://localhost:3000/_next/static/chunks/node_modules_next_dist_client_cf1d9188._.js:5956
[ 4100503ms] [LOG] [Fast Refresh] done in 142ms @ http://localhost:3000/_next/static/chunks/node_modules_next_dist_client_cf1d9188._.js:5816
[ 4101142ms] [LOG] [Fast Refresh] rebuilding @ http://localhost:3000/_next/static/chunks/node_modules_next_dist_client_cf1d9188._.js:5956
[ 4101175ms] [LOG] [Fast Refresh] done in 136ms @ http://localhost:3000/_next/static/chunks/node_modules_next_dist_client_cf1d9188._.js:5816
[ 4101815ms] [LOG] [Fast Refresh] rebuilding @ http://localhost:3000/_next/static/chunks/node_modules_next_dist_client_cf1d9188._.js:5956
[ 4101971ms] [LOG] [Fast Refresh] done in 268ms @ http://localhost:3000/_next/static/chunks/node_modules_next_dist_client_cf1d9188._.js:5816
[ 4102332ms] [LOG] [Fast Refresh] rebuilding @ http://localhost:3000/_next/static/chunks/node_modules_next_dist_client_cf1d9188._.js:5956
[ 4102341ms] [LOG] [Fast Refresh] done in 110ms @ http://localhost:3000/_next/static/chunks/node_modules_next_dist_client_cf1d9188._.js:5816
[ 4102465ms] [LOG] [Fast Refresh] rebuilding @ http://localhost:3000/_next/static/chunks/node_modules_next_dist_client_cf1d9188._.js:5956
[ 4102687ms] [LOG] [Fast Refresh] done in 327ms @ http://localhost:3000/_next/static/chunks/node_modules_next_dist_client_cf1d9188._.js:5816
[ 4103216ms] [LOG] [Fast Refresh] rebuilding @ http://localhost:3000/_next/static/chunks/node_modules_next_dist_client_cf1d9188._.js:5956
[ 4103253ms] [LOG] [Fast Refresh] done in 149ms @ http://localhost:3000/_next/static/chunks/node_modules_next_dist_client_cf1d9188._.js:5816
[ 4104349ms] [LOG] [Fast Refresh] rebuilding @ http://localhost:3000/_next/static/chunks/node_modules_next_dist_client_cf1d9188._.js:5956
[ 4104357ms] [LOG] [Fast Refresh] done in 110ms @ http://localhost:3000/_next/static/chunks/node_modules_next_dist_client_cf1d9188._.js:5816
[ 4104798ms] [LOG] [Fast Refresh] rebuilding @ http://localhost:3000/_next/static/chunks/node_modules_next_dist_client_cf1d9188._.js:5956
[ 4104823ms] [LOG] [Fast Refresh] done in 134ms @ http://localhost:3000/_next/static/chunks/node_modules_next_dist_client_cf1d9188._.js:5816
[ 4105628ms] [LOG] [Fast Refresh] rebuilding @ http://localhost:3000/_next/static/chunks/node_modules_next_dist_client_cf1d9188._.js:5956
[ 4105667ms] [LOG] [Fast Refresh] done in 143ms @ http://localhost:3000/_next/static/chunks/node_modules_next_dist_client_cf1d9188._.js:5816
[ 4105948ms] [LOG] [Fast Refresh] rebuilding @ http://localhost:3000/_next/static/chunks/node_modules_next_dist_client_cf1d9188._.js:5956
[ 4105949ms] [LOG] [Fast Refresh] done in 107ms @ http://localhost:3000/_next/static/chunks/node_modules_next_dist_client_cf1d9188._.js:5816
[ 4106198ms] [LOG] [Fast Refresh] rebuilding @ http://localhost:3000/_next/static/chunks/node_modules_next_dist_client_cf1d9188._.js:5956
[ 4106238ms] [LOG] [Fast Refresh] done in 154ms @ http://localhost:3000/_next/static/chunks/node_modules_next_dist_client_cf1d9188._.js:5816
[ 4106797ms] [LOG] [Fast Refresh] rebuilding @ http://localhost:3000/_next/static/chunks/node_modules_next_dist_client_cf1d9188._.js:5956
[ 4106818ms] [LOG] [Fast Refresh] done in 129ms @ http://localhost:3000/_next/static/chunks/node_modules_next_dist_client_cf1d9188._.js:5816
[ 4107946ms] [LOG] [Fast Refresh] rebuilding @ http://localhost:3000/_next/static/chunks/node_modules_next_dist_client_cf1d9188._.js:5956
[ 4108025ms] [LOG] [Fast Refresh] done in 182ms @ http://localhost:3000/_next/static/chunks/node_modules_next_dist_client_cf1d9188._.js:5816
[ 4108232ms] [LOG] [Fast Refresh] rebuilding @ http://localhost:3000/_next/static/chunks/node_modules_next_dist_client_cf1d9188._.js:5956
[ 4108241ms] [LOG] [Fast Refresh] done in 116ms @ http://localhost:3000/_next/static/chunks/node_modules_next_dist_client_cf1d9188._.js:5816
[ 4108564ms] [LOG] [Fast Refresh] rebuilding @ http://localhost:3000/_next/static/chunks/node_modules_next_dist_client_cf1d9188._.js:5956
[ 4108566ms] [LOG] [Fast Refresh] done in 115ms @ http://localhost:3000/_next/static/chunks/node_modules_next_dist_client_cf1d9188._.js:5816
[ 4108831ms] [LOG] [Fast Refresh] rebuilding @ http://localhost:3000/_next/static/chunks/node_modules_next_dist_client_cf1d9188._.js:5956
[ 4108870ms] [LOG] [Fast Refresh] done in 145ms @ http://localhost:3000/_next/static/chunks/node_modules_next_dist_client_cf1d9188._.js:5816
[ 4109174ms] [LOG] [Fast Refresh] rebuilding @ http://localhost:3000/_next/static/chunks/node_modules_next_dist_client_cf1d9188._.js:5956
[ 4109183ms] [LOG] [Fast Refresh] done in 115ms @ http://localhost:3000/_next/static/chunks/node_modules_next_dist_client_cf1d9188._.js:5816
[ 4109412ms] [LOG] [Fast Refresh] rebuilding @ http://localhost:3000/_next/static/chunks/node_modules_next_dist_client_cf1d9188._.js:5956
[ 4109443ms] [LOG] [Fast Refresh] done in 139ms @ http://localhost:3000/_next/static/chunks/node_modules_next_dist_client_cf1d9188._.js:5816
[ 4110598ms] [LOG] [Fast Refresh] rebuilding @ http://localhost:3000/_next/static/chunks/node_modules_next_dist_client_cf1d9188._.js:5956
[ 4110710ms] [LOG] [Fast Refresh] done in 221ms @ http://localhost:3000/_next/static/chunks/node_modules_next_dist_client_cf1d9188._.js:5816
[ 4111144ms] [LOG] [Fast Refresh] rebuilding @ http://localhost:3000/_next/static/chunks/node_modules_next_dist_client_cf1d9188._.js:5956
[ 4111148ms] [LOG] [Fast Refresh] done in 106ms @ http://localhost:3000/_next/static/chunks/node_modules_next_dist_client_cf1d9188._.js:5816
[ 4111281ms] [LOG] [Fast Refresh] rebuilding @ http://localhost:3000/_next/static/chunks/node_modules_next_dist_client_cf1d9188._.js:5956
[ 4111493ms] [LOG] [Fast Refresh] done in 322ms @ http://localhost:3000/_next/static/chunks/node_modules_next_dist_client_cf1d9188._.js:5816
[ 4111964ms] [LOG] [Fast Refresh] rebuilding @ http://localhost:3000/_next/static/chunks/node_modules_next_dist_client_cf1d9188._.js:5956
[ 4111978ms] [LOG] [Fast Refresh] done in 118ms @ http://localhost:3000/_next/static/chunks/node_modules_next_dist_client_cf1d9188._.js:5816
[ 4112347ms] [LOG] [Fast Refresh] rebuilding @ http://localhost:3000/_next/static/chunks/node_modules_next_dist_client_cf1d9188._.js:5956
[ 4112405ms] [LOG] [Fast Refresh] done in 161ms @ http://localhost:3000/_next/static/chunks/node_modules_next_dist_client_cf1d9188._.js:5816
[ 4112698ms] [LOG] [Fast Refresh] rebuilding @ http://localhost:3000/_next/static/chunks/node_modules_next_dist_client_cf1d9188._.js:5956
[ 4112733ms] [LOG] [Fast Refresh] done in 136ms @ http://localhost:3000/_next/static/chunks/node_modules_next_dist_client_cf1d9188._.js:5816
[ 4113064ms] [LOG] [Fast Refresh] rebuilding @ http://localhost:3000/_next/static/chunks/node_modules_next_dist_client_cf1d9188._.js:5956
[ 4113067ms] [LOG] [Fast Refresh] done in 107ms @ http://localhost:3000/_next/static/chunks/node_modules_next_dist_client_cf1d9188._.js:5816
[ 4113598ms] [LOG] [Fast Refresh] rebuilding @ http://localhost:3000/_next/static/chunks/node_modules_next_dist_client_cf1d9188._.js:5956
[ 4113635ms] [LOG] [Fast Refresh] done in 149ms @ http://localhost:3000/_next/static/chunks/node_modules_next_dist_client_cf1d9188._.js:5816
[ 4113981ms] [LOG] [Fast Refresh] rebuilding @ http://localhost:3000/_next/static/chunks/node_modules_next_dist_client_cf1d9188._.js:5956
[ 4114001ms] [LOG] [Fast Refresh] done in 133ms @ http://localhost:3000/_next/static/chunks/node_modules_next_dist_client_cf1d9188._.js:5816
[ 4114247ms] [LOG] [Fast Refresh] rebuilding @ http://localhost:3000/_next/static/chunks/node_modules_next_dist_client_cf1d9188._.js:5956
[ 4114257ms] [LOG] [Fast Refresh] done in 111ms @ http://localhost:3000/_next/static/chunks/node_modules_next_dist_client_cf1d9188._.js:5816
[ 4114514ms] [LOG] [Fast Refresh] rebuilding @ http://localhost:3000/_next/static/chunks/node_modules_next_dist_client_cf1d9188._.js:5956
[ 4114519ms] [LOG] [Fast Refresh] done in 105ms @ http://localhost:3000/_next/static/chunks/node_modules_next_dist_client_cf1d9188._.js:5816
[ 4114763ms] [LOG] [Fast Refresh] rebuilding @ http://localhost:3000/_next/static/chunks/node_modules_next_dist_client_cf1d9188._.js:5956
[ 4114823ms] [LOG] [Fast Refresh] done in 166ms @ http://localhost:3000/_next/static/chunks/node_modules_next_dist_client_cf1d9188._.js:5816
[ 4115214ms] [LOG] [Fast Refresh] rebuilding @ http://localhost:3000/_next/static/chunks/node_modules_next_dist_client_cf1d9188._.js:5956
[ 4115220ms] [LOG] [Fast Refresh] done in 106ms @ http://localhost:3000/_next/static/chunks/node_modules_next_dist_client_cf1d9188._.js:5816
[ 4115461ms] [LOG] [Fast Refresh] rebuilding @ http://localhost:3000/_next/static/chunks/node_modules_next_dist_client_cf1d9188._.js:5956
[ 4115595ms] [LOG] [Fast Refresh] done in 235ms @ http://localhost:3000/_next/static/chunks/node_modules_next_dist_client_cf1d9188._.js:5816
[ 4115731ms] [LOG] [Fast Refresh] rebuilding @ http://localhost:3000/_next/static/chunks/node_modules_next_dist_client_cf1d9188._.js:5956
[ 4115735ms] [LOG] [Fast Refresh] done in 112ms @ http://localhost:3000/_next/static/chunks/node_modules_next_dist_client_cf1d9188._.js:5816
[ 4116047ms] [LOG] [Fast Refresh] rebuilding @ http://localhost:3000/_next/static/chunks/node_modules_next_dist_client_cf1d9188._.js:5956
[ 4116056ms] [LOG] [Fast Refresh] done in 118ms @ http://localhost:3000/_next/static/chunks/node_modules_next_dist_client_cf1d9188._.js:5816
[ 4116230ms] [LOG] [Fast Refresh] rebuilding @ http://localhost:3000/_next/static/chunks/node_modules_next_dist_client_cf1d9188._.js:5956
[ 4116276ms] [LOG] [Fast Refresh] done in 153ms @ http://localhost:3000/_next/static/chunks/node_modules_next_dist_client_cf1d9188._.js:5816
[ 4116430ms] [LOG] [Fast Refresh] rebuilding @ http://localhost:3000/_next/static/chunks/node_modules_next_dist_client_cf1d9188._.js:5956
[ 4116438ms] [LOG] [Fast Refresh] done in 108ms @ http://localhost:3000/_next/static/chunks/node_modules_next_dist_client_cf1d9188._.js:5816
[ 4116681ms] [LOG] [Fast Refresh] rebuilding @ http://localhost:3000/_next/static/chunks/node_modules_next_dist_client_cf1d9188._.js:5956
[ 4116691ms] [LOG] [Fast Refresh] done in 115ms @ http://localhost:3000/_next/static/chunks/node_modules_next_dist_client_cf1d9188._.js:5816
[ 4117314ms] [LOG] [Fast Refresh] rebuilding @ http://localhost:3000/_next/static/chunks/node_modules_next_dist_client_cf1d9188._.js:5956
[ 4117322ms] [LOG] [Fast Refresh] done in 123ms @ http://localhost:3000/_next/static/chunks/node_modules_next_dist_client_cf1d9188._.js:5816
[ 4117513ms] [LOG] [Fast Refresh] rebuilding @ http://localhost:3000/_next/static/chunks/node_modules_next_dist_client_cf1d9188._.js:5956
[ 4117524ms] [LOG] [Fast Refresh] done in 117ms @ http://localhost:3000/_next/static/chunks/node_modules_next_dist_client_cf1d9188._.js:5816
[ 4119040ms] [LOG] [Fast Refresh] rebuilding @ http://localhost:3000/_next/static/chunks/node_modules_next_dist_client_cf1d9188._.js:5956
[ 4119085ms] [LOG] [Fast Refresh] done in 152ms @ http://localhost:3000/_next/static/chunks/node_modules_next_dist_client_cf1d9188._.js:5816
[ 4119927ms] [LOG] [Fast Refresh] rebuilding @ http://localhost:3000/_next/static/chunks/node_modules_next_dist_client_cf1d9188._.js:5956
[ 4119977ms] [LOG] [Fast Refresh] done in 150ms @ http://localhost:3000/_next/static/chunks/node_modules_next_dist_client_cf1d9188._.js:5816
[ 4120095ms] [WARNING] The resource http://localhost:3000/_next/static/chunks/%5Broot-of-the-server%5D__ad960bb7._.css was preloaded using link preload but not used within a few seconds from the window's load event. Please make sure it has an appropriate `as` value and it is preloaded intentionally. @ http://localhost:3000/ar/market-place:0
[ 4120559ms] [LOG] [Fast Refresh] rebuilding @ http://localhost:3000/_next/static/chunks/node_modules_next_dist_client_cf1d9188._.js:5956
[ 4120600ms] [LOG] [Fast Refresh] done in 145ms @ http://localhost:3000/_next/static/chunks/node_modules_next_dist_client_cf1d9188._.js:5816
[ 4124111ms] [LOG] [Fast Refresh] rebuilding @ http://localhost:3000/_next/static/chunks/node_modules_next_dist_client_cf1d9188._.js:5956
[ 4124173ms] [LOG] [Fast Refresh] done in 171ms @ http://localhost:3000/_next/static/chunks/node_modules_next_dist_client_cf1d9188._.js:5816
[ 4124430ms] [LOG] [Fast Refresh] rebuilding @ http://localhost:3000/_next/static/chunks/node_modules_next_dist_client_cf1d9188._.js:5956
[ 4124551ms] [LOG] [Fast Refresh] done in 225ms @ http://localhost:3000/_next/static/chunks/node_modules_next_dist_client_cf1d9188._.js:5816
[ 4125013ms] [LOG] [Fast Refresh] rebuilding @ http://localhost:3000/_next/static/chunks/node_modules_next_dist_client_cf1d9188._.js:5956
[ 4125047ms] [LOG] [Fast Refresh] done in 150ms @ http://localhost:3000/_next/static/chunks/node_modules_next_dist_client_cf1d9188._.js:5816
[ 4125346ms] [LOG] [Fast Refresh] rebuilding @ http://localhost:3000/_next/static/chunks/node_modules_next_dist_client_cf1d9188._.js:5956
[ 4125356ms] [LOG] [Fast Refresh] done in 120ms @ http://localhost:3000/_next/static/chunks/node_modules_next_dist_client_cf1d9188._.js:5816
[ 4127046ms] [LOG] [Fast Refresh] rebuilding @ http://localhost:3000/_next/static/chunks/node_modules_next_dist_client_cf1d9188._.js:5956
[ 4127125ms] [LOG] [Fast Refresh] done in 193ms @ http://localhost:3000/_next/static/chunks/node_modules_next_dist_client_cf1d9188._.js:5816
[ 4128446ms] [LOG] [Fast Refresh] rebuilding @ http://localhost:3000/_next/static/chunks/node_modules_next_dist_client_cf1d9188._.js:5956
[ 4128467ms] [LOG] [Fast Refresh] done in 132ms @ http://localhost:3000/_next/static/chunks/node_modules_next_dist_client_cf1d9188._.js:5816
[ 4129936ms] [LOG] [Fast Refresh] rebuilding @ http://localhost:3000/_next/static/chunks/node_modules_next_dist_client_cf1d9188._.js:5956
[ 4129949ms] [LOG] [Fast Refresh] done in 118ms @ http://localhost:3000/_next/static/chunks/node_modules_next_dist_client_cf1d9188._.js:5816
[ 4133745ms] [LOG] [Fast Refresh] rebuilding @ http://localhost:3000/_next/static/chunks/node_modules_next_dist_client_cf1d9188._.js:5956
[ 4133752ms] [LOG] [Fast Refresh] done in 109ms @ http://localhost:3000/_next/static/chunks/node_modules_next_dist_client_cf1d9188._.js:5816
[ 4135611ms] [LOG] [Fast Refresh] rebuilding @ http://localhost:3000/_next/static/chunks/node_modules_next_dist_client_cf1d9188._.js:5956
[ 4136155ms] [LOG] [Fast Refresh] done in 647ms @ http://localhost:3000/_next/static/chunks/node_modules_next_dist_client_cf1d9188._.js:5816
[ 4136256ms] [LOG] [Fast Refresh] rebuilding @ http://localhost:3000/_next/static/chunks/node_modules_next_dist_client_cf1d9188._.js:5956
[ 4136345ms] [LOG] [Fast Refresh] done in 190ms @ http://localhost:3000/_next/static/chunks/node_modules_next_dist_client_cf1d9188._.js:5816
[ 4136778ms] [LOG] [Fast Refresh] rebuilding @ http://localhost:3000/_next/static/chunks/node_modules_next_dist_client_cf1d9188._.js:5956
[ 4136868ms] [LOG] [Fast Refresh] done in 200ms @ http://localhost:3000/_next/static/chunks/node_modules_next_dist_client_cf1d9188._.js:5816
[ 4137427ms] [LOG] [Fast Refresh] rebuilding @ http://localhost:3000/_next/static/chunks/node_modules_next_dist_client_cf1d9188._.js:5956
[ 4137454ms] [LOG] [Fast Refresh] done in 130ms @ http://localhost:3000/_next/static/chunks/node_modules_next_dist_client_cf1d9188._.js:5816
[ 4138245ms] [LOG] [Fast Refresh] rebuilding @ http://localhost:3000/_next/static/chunks/node_modules_next_dist_client_cf1d9188._.js:5956
[ 4138262ms] [LOG] [Fast Refresh] done in 126ms @ http://localhost:3000/_next/static/chunks/node_modules_next_dist_client_cf1d9188._.js:5816
[ 4139794ms] [LOG] [Fast Refresh] rebuilding @ http://localhost:3000/_next/static/chunks/node_modules_next_dist_client_cf1d9188._.js:5956
[ 4139802ms] [LOG] [Fast Refresh] done in 113ms @ http://localhost:3000/_next/static/chunks/node_modules_next_dist_client_cf1d9188._.js:5816
[ 4140827ms] [LOG] [Fast Refresh] rebuilding @ http://localhost:3000/_next/static/chunks/node_modules_next_dist_client_cf1d9188._.js:5956
[ 4140900ms] [LOG] [Fast Refresh] done in 178ms @ http://localhost:3000/_next/static/chunks/node_modules_next_dist_client_cf1d9188._.js:5816
[ 4141161ms] [LOG] [Fast Refresh] rebuilding @ http://localhost:3000/_next/static/chunks/node_modules_next_dist_client_cf1d9188._.js:5956
[ 4141213ms] [LOG] [Fast Refresh] done in 160ms @ http://localhost:3000/_next/static/chunks/node_modules_next_dist_client_cf1d9188._.js:5816
[ 4141828ms] [LOG] [Fast Refresh] rebuilding @ http://localhost:3000/_next/static/chunks/node_modules_next_dist_client_cf1d9188._.js:5956
[ 4141835ms] [LOG] [Fast Refresh] done in 111ms @ http://localhost:3000/_next/static/chunks/node_modules_next_dist_client_cf1d9188._.js:5816
[ 4145476ms] [LOG] [Fast Refresh] rebuilding @ http://localhost:3000/_next/static/chunks/node_modules_next_dist_client_cf1d9188._.js:5956
[ 4145515ms] [LOG] [Fast Refresh] done in 150ms @ http://localhost:3000/_next/static/chunks/node_modules_next_dist_client_cf1d9188._.js:5816
[ 4147860ms] [LOG] [Fast Refresh] rebuilding @ http://localhost:3000/_next/static/chunks/node_modules_next_dist_client_cf1d9188._.js:5956
[ 4147906ms] [LOG] [Fast Refresh] done in 149ms @ http://localhost:3000/_next/static/chunks/node_modules_next_dist_client_cf1d9188._.js:5816
[ 4149312ms] [LOG] [Fast Refresh] rebuilding @ http://localhost:3000/_next/static/chunks/node_modules_next_dist_client_cf1d9188._.js:5956
[ 4149316ms] [LOG] [Fast Refresh] done in 104ms @ http://localhost:3000/_next/static/chunks/node_modules_next_dist_client_cf1d9188._.js:5816
[ 4151060ms] [LOG] [Fast Refresh] rebuilding @ http://localhost:3000/_next/static/chunks/node_modules_next_dist_client_cf1d9188._.js:5956
[ 4151087ms] [LOG] [Fast Refresh] done in 128ms @ http://localhost:3000/_next/static/chunks/node_modules_next_dist_client_cf1d9188._.js:5816
[ 4151340ms] [LOG] [Fast Refresh] rebuilding @ http://localhost:3000/_next/static/chunks/node_modules_next_dist_client_cf1d9188._.js:5956
[ 4151350ms] [LOG] [Fast Refresh] done in 114ms @ http://localhost:3000/_next/static/chunks/node_modules_next_dist_client_cf1d9188._.js:5816
[ 4152693ms] [LOG] [Fast Refresh] rebuilding @ http://localhost:3000/_next/static/chunks/node_modules_next_dist_client_cf1d9188._.js:5956
[ 4152737ms] [LOG] [Fast Refresh] done in 150ms @ http://localhost:3000/_next/static/chunks/node_modules_next_dist_client_cf1d9188._.js:5816
[ 4263997ms] [LOG] [Fast Refresh] rebuilding @ http://localhost:3000/_next/static/chunks/node_modules_next_dist_client_cf1d9188._.js:5956
[ 4264074ms] [LOG] [Fast Refresh] done in 191ms @ http://localhost:3000/_next/static/chunks/node_modules_next_dist_client_cf1d9188._.js:5816
[ 4277063ms] [LOG] [Fast Refresh] rebuilding @ http://localhost:3000/_next/static/chunks/node_modules_next_dist_client_cf1d9188._.js:5956
[ 4277125ms] [LOG] [Fast Refresh] done in 172ms @ http://localhost:3000/_next/static/chunks/node_modules_next_dist_client_cf1d9188._.js:5816
[ 4286229ms] [LOG] [Fast Refresh] rebuilding @ http://localhost:3000/_next/static/chunks/node_modules_next_dist_client_cf1d9188._.js:5956
[ 4286563ms] [LOG] [Fast Refresh] done in 443ms @ http://localhost:3000/_next/static/chunks/node_modules_next_dist_client_cf1d9188._.js:5816
[ 4286665ms] [LOG] [Fast Refresh] rebuilding @ http://localhost:3000/_next/static/chunks/node_modules_next_dist_client_cf1d9188._.js:5956
[ 4286696ms] [LOG] [Fast Refresh] done in 133ms @ http://localhost:3000/_next/static/chunks/node_modules_next_dist_client_cf1d9188._.js:5816
[ 4287596ms] [LOG] [Fast Refresh] rebuilding @ http://localhost:3000/_next/static/chunks/node_modules_next_dist_client_cf1d9188._.js:5956
[ 4287692ms] [LOG] [Fast Refresh] done in 196ms @ http://localhost:3000/_next/static/chunks/node_modules_next_dist_client_cf1d9188._.js:5816
[ 4293829ms] [LOG] [Fast Refresh] rebuilding @ http://localhost:3000/_next/static/chunks/node_modules_next_dist_client_cf1d9188._.js:5956
[ 4293839ms] [LOG] [Fast Refresh] done in 110ms @ http://localhost:3000/_next/static/chunks/node_modules_next_dist_client_cf1d9188._.js:5816
[ 4320926ms] [LOG] [Fast Refresh] rebuilding @ http://localhost:3000/_next/static/chunks/node_modules_next_dist_client_cf1d9188._.js:5956
[ 4321164ms] [LOG] [Fast Refresh] done in 349ms @ http://localhost:3000/_next/static/chunks/node_modules_next_dist_client_cf1d9188._.js:5816
[ 4328408ms] [LOG] [Fast Refresh] rebuilding @ http://localhost:3000/_next/static/chunks/node_modules_next_dist_client_cf1d9188._.js:5956
[ 4328792ms] [LOG] [Fast Refresh] done in 495ms @ http://localhost:3000/_next/static/chunks/node_modules_next_dist_client_cf1d9188._.js:5816
[ 4328908ms] [LOG] [Fast Refresh] rebuilding @ http://localhost:3000/_next/static/chunks/node_modules_next_dist_client_cf1d9188._.js:5956
[ 4328923ms] [LOG] [Fast Refresh] done in 131ms @ http://localhost:3000/_next/static/chunks/node_modules_next_dist_client_cf1d9188._.js:5816
[ 4330240ms] [LOG] [Fast Refresh] rebuilding @ http://localhost:3000/_next/static/chunks/node_modules_next_dist_client_cf1d9188._.js:5956
[ 4330305ms] [LOG] [Fast Refresh] done in 169ms @ http://localhost:3000/_next/static/chunks/node_modules_next_dist_client_cf1d9188._.js:5816
[ 4336877ms] [LOG] [Fast Refresh] rebuilding @ http://localhost:3000/_next/static/chunks/node_modules_next_dist_client_cf1d9188._.js:5956
[ 4336908ms] [LOG] [Fast Refresh] done in 34ms @ http://localhost:3000/_next/static/chunks/node_modules_next_dist_client_cf1d9188._.js:5816
[ 4349693ms] [LOG] [Fast Refresh] rebuilding @ http://localhost:3000/_next/static/chunks/node_modules_next_dist_client_cf1d9188._.js:5956
[ 4349741ms] [LOG] [Fast Refresh] done in 46ms @ http://localhost:3000/_next/static/chunks/node_modules_next_dist_client_cf1d9188._.js:5816
[ 4469877ms] [LOG] [Fast Refresh] rebuilding @ http://localhost:3000/_next/static/chunks/node_modules_next_dist_client_cf1d9188._.js:5956
[ 4470198ms] [LOG] [Fast Refresh] done in 423ms @ http://localhost:3000/_next/static/chunks/node_modules_next_dist_client_cf1d9188._.js:5816
[ 4470310ms] [LOG] [Fast Refresh] rebuilding @ http://localhost:3000/_next/static/chunks/node_modules_next_dist_client_cf1d9188._.js:5956
[ 4470311ms] [LOG] [Fast Refresh] done in 112ms @ http://localhost:3000/_next/static/chunks/node_modules_next_dist_client_cf1d9188._.js:5816
[ 4470711ms] [LOG] [Fast Refresh] rebuilding @ http://localhost:3000/_next/static/chunks/node_modules_next_dist_client_cf1d9188._.js:5956
[ 4470806ms] [LOG] [Fast Refresh] done in 195ms @ http://localhost:3000/_next/static/chunks/node_modules_next_dist_client_cf1d9188._.js:5816
[ 4474059ms] [LOG] [Fast Refresh] rebuilding @ http://localhost:3000/_next/static/chunks/node_modules_next_dist_client_cf1d9188._.js:5956
[ 4474441ms] [LOG] [Fast Refresh] done in 490ms @ http://localhost:3000/_next/static/chunks/node_modules_next_dist_client_cf1d9188._.js:5816
[ 4474544ms] [LOG] [Fast Refresh] rebuilding @ http://localhost:3000/_next/static/chunks/node_modules_next_dist_client_cf1d9188._.js:5956
[ 4474590ms] [LOG] [Fast Refresh] done in 148ms @ http://localhost:3000/_next/static/chunks/node_modules_next_dist_client_cf1d9188._.js:5816
[ 4474960ms] [LOG] [Fast Refresh] rebuilding @ http://localhost:3000/_next/static/chunks/node_modules_next_dist_client_cf1d9188._.js:5956
[ 4475067ms] [LOG] [Fast Refresh] done in 211ms @ http://localhost:3000/_next/static/chunks/node_modules_next_dist_client_cf1d9188._.js:5816
[ 4492758ms] [LOG] [Fast Refresh] rebuilding @ http://localhost:3000/_next/static/chunks/node_modules_next_dist_client_cf1d9188._.js:5956
[ 4493179ms] [LOG] [Fast Refresh] done in 527ms @ http://localhost:3000/_next/static/chunks/node_modules_next_dist_client_cf1d9188._.js:5816
[ 4493290ms] [LOG] [Fast Refresh] rebuilding @ http://localhost:3000/_next/static/chunks/node_modules_next_dist_client_cf1d9188._.js:5956
[ 4493340ms] [LOG] [Fast Refresh] done in 160ms @ http://localhost:3000/_next/static/chunks/node_modules_next_dist_client_cf1d9188._.js:5816
[ 4494406ms] [LOG] [Fast Refresh] rebuilding @ http://localhost:3000/_next/static/chunks/node_modules_next_dist_client_cf1d9188._.js:5956
[ 4494519ms] [LOG] [Fast Refresh] done in 213ms @ http://localhost:3000/_next/static/chunks/node_modules_next_dist_client_cf1d9188._.js:5816
[ 4555291ms] [LOG] [Fast Refresh] rebuilding @ http://localhost:3000/_next/static/chunks/node_modules_next_dist_client_cf1d9188._.js:5956
[ 4555328ms] [LOG] [Fast Refresh] done in 81ms @ http://localhost:3000/_next/static/chunks/node_modules_next_dist_client_cf1d9188._.js:5816
[ 4557018ms] [LOG] [Fast Refresh] rebuilding @ http://localhost:3000/_next/static/chunks/node_modules_next_dist_client_cf1d9188._.js:5956
[ 4557038ms] [LOG] [Fast Refresh] done in 132ms @ http://localhost:3000/_next/static/chunks/node_modules_next_dist_client_cf1d9188._.js:5816
[ 4557668ms] [LOG] [Fast Refresh] rebuilding @ http://localhost:3000/_next/static/chunks/node_modules_next_dist_client_cf1d9188._.js:5956
[ 4557672ms] [LOG] [Fast Refresh] done in 120ms @ http://localhost:3000/_next/static/chunks/node_modules_next_dist_client_cf1d9188._.js:5816
[ 4559233ms] [LOG] [Fast Refresh] rebuilding @ http://localhost:3000/_next/static/chunks/node_modules_next_dist_client_cf1d9188._.js:5956
[ 4559316ms] [LOG] [Fast Refresh] done in 187ms @ http://localhost:3000/_next/static/chunks/node_modules_next_dist_client_cf1d9188._.js:5816
[ 4559867ms] [LOG] [Fast Refresh] rebuilding @ http://localhost:3000/_next/static/chunks/node_modules_next_dist_client_cf1d9188._.js:5956
[ 4559877ms] [LOG] [Fast Refresh] done in 117ms @ http://localhost:3000/_next/static/chunks/node_modules_next_dist_client_cf1d9188._.js:5816
[ 4560429ms] [LOG] [Fast Refresh] rebuilding @ http://localhost:3000/_next/static/chunks/node_modules_next_dist_client_cf1d9188._.js:5956
[ 4560431ms] [LOG] [Fast Refresh] done in 110ms @ http://localhost:3000/_next/static/chunks/node_modules_next_dist_client_cf1d9188._.js:5816
[ 4560584ms] [LOG] [Fast Refresh] rebuilding @ http://localhost:3000/_next/static/chunks/node_modules_next_dist_client_cf1d9188._.js:5956
[ 4560620ms] [LOG] [Fast Refresh] done in 149ms @ http://localhost:3000/_next/static/chunks/node_modules_next_dist_client_cf1d9188._.js:5816
[ 4561285ms] [LOG] [Fast Refresh] rebuilding @ http://localhost:3000/_next/static/chunks/node_modules_next_dist_client_cf1d9188._.js:5956
[ 4561593ms] [LOG] [Fast Refresh] done in 415ms @ http://localhost:3000/_next/static/chunks/node_modules_next_dist_client_cf1d9188._.js:5816
[ 4562256ms] [LOG] [Fast Refresh] rebuilding @ http://localhost:3000/_next/static/chunks/node_modules_next_dist_client_cf1d9188._.js:5956
[ 4562390ms] [LOG] [Fast Refresh] done in 248ms @ http://localhost:3000/_next/static/chunks/node_modules_next_dist_client_cf1d9188._.js:5816
[ 4563857ms] [WARNING] The resource http://localhost:3000/_next/static/chunks/%5Broot-of-the-server%5D__ad960bb7._.css was preloaded using link preload but not used within a few seconds from the window's load event. Please make sure it has an appropriate `as` value and it is preloaded intentionally. @ http://localhost:3000/ar/market-place:0
[ 4567299ms] [LOG] [Fast Refresh] rebuilding @ http://localhost:3000/_next/static/chunks/node_modules_next_dist_client_cf1d9188._.js:5956
[ 4567304ms] [LOG] [Fast Refresh] done in 112ms @ http://localhost:3000/_next/static/chunks/node_modules_next_dist_client_cf1d9188._.js:5816
[ 4567898ms] [LOG] [Fast Refresh] rebuilding @ http://localhost:3000/_next/static/chunks/node_modules_next_dist_client_cf1d9188._.js:5956
[ 4567905ms] [LOG] [Fast Refresh] done in 113ms @ http://localhost:3000/_next/static/chunks/node_modules_next_dist_client_cf1d9188._.js:5816
[ 4568100ms] [LOG] [Fast Refresh] rebuilding @ http://localhost:3000/_next/static/chunks/node_modules_next_dist_client_cf1d9188._.js:5956
[ 4568153ms] [LOG] [Fast Refresh] done in 166ms @ http://localhost:3000/_next/static/chunks/node_modules_next_dist_client_cf1d9188._.js:5816
[ 4568683ms] [LOG] [Fast Refresh] rebuilding @ http://localhost:3000/_next/static/chunks/node_modules_next_dist_client_cf1d9188._.js:5956
[ 4568706ms] [LOG] [Fast Refresh] done in 125ms @ http://localhost:3000/_next/static/chunks/node_modules_next_dist_client_cf1d9188._.js:5816
[ 4568999ms] [LOG] [Fast Refresh] rebuilding @ http://localhost:3000/_next/static/chunks/node_modules_next_dist_client_cf1d9188._.js:5956
[ 4569002ms] [LOG] [Fast Refresh] done in 106ms @ http://localhost:3000/_next/static/chunks/node_modules_next_dist_client_cf1d9188._.js:5816
[ 4569381ms] [LOG] [Fast Refresh] rebuilding @ http://localhost:3000/_next/static/chunks/node_modules_next_dist_client_cf1d9188._.js:5956
[ 4569418ms] [LOG] [Fast Refresh] done in 139ms @ http://localhost:3000/_next/static/chunks/node_modules_next_dist_client_cf1d9188._.js:5816
[ 4569544ms] [LOG] [Fast Refresh] rebuilding @ http://localhost:3000/_next/static/chunks/node_modules_next_dist_client_cf1d9188._.js:5956
[ 4569544ms] [LOG] [Fast Refresh] done in 108ms @ http://localhost:3000/_next/static/chunks/node_modules_next_dist_client_cf1d9188._.js:5816
[ 4569667ms] [LOG] [Fast Refresh] rebuilding @ http://localhost:3000/_next/static/chunks/node_modules_next_dist_client_cf1d9188._.js:5956
[ 4569694ms] [LOG] [Fast Refresh] done in 128ms @ http://localhost:3000/_next/static/chunks/node_modules_next_dist_client_cf1d9188._.js:5816
[ 4570189ms] [LOG] [Fast Refresh] rebuilding @ http://localhost:3000/_next/static/chunks/node_modules_next_dist_client_cf1d9188._.js:5956
[ 4570218ms] [LOG] [Fast Refresh] done in 131ms @ http://localhost:3000/_next/static/chunks/node_modules_next_dist_client_cf1d9188._.js:5816
[ 4570366ms] [LOG] [Fast Refresh] rebuilding @ http://localhost:3000/_next/static/chunks/node_modules_next_dist_client_cf1d9188._.js:5956
[ 4570384ms] [LOG] [Fast Refresh] done in 123ms @ http://localhost:3000/_next/static/chunks/node_modules_next_dist_client_cf1d9188._.js:5816
[ 4570650ms] [LOG] [Fast Refresh] rebuilding @ http://localhost:3000/_next/static/chunks/node_modules_next_dist_client_cf1d9188._.js:5956
[ 4570669ms] [LOG] [Fast Refresh] done in 123ms @ http://localhost:3000/_next/static/chunks/node_modules_next_dist_client_cf1d9188._.js:5816
[ 4570783ms] [LOG] [Fast Refresh] rebuilding @ http://localhost:3000/_next/static/chunks/node_modules_next_dist_client_cf1d9188._.js:5956
[ 4570784ms] [LOG] [Fast Refresh] done in 102ms @ http://localhost:3000/_next/static/chunks/node_modules_next_dist_client_cf1d9188._.js:5816
[ 4571067ms] [LOG] [Fast Refresh] rebuilding @ http://localhost:3000/_next/static/chunks/node_modules_next_dist_client_cf1d9188._.js:5956
[ 4571089ms] [LOG] [Fast Refresh] done in 126ms @ http://localhost:3000/_next/static/chunks/node_modules_next_dist_client_cf1d9188._.js:5816
[ 4571644ms] [LOG] [Fast Refresh] rebuilding @ http://localhost:3000/_next/static/chunks/node_modules_next_dist_client_cf1d9188._.js:5956
[ 4571645ms] [LOG] [Fast Refresh] done in 108ms @ http://localhost:3000/_next/static/chunks/node_modules_next_dist_client_cf1d9188._.js:5816
[ 4571800ms] [LOG] [Fast Refresh] rebuilding @ http://localhost:3000/_next/static/chunks/node_modules_next_dist_client_cf1d9188._.js:5956
[ 4571815ms] [LOG] [Fast Refresh] done in 117ms @ http://localhost:3000/_next/static/chunks/node_modules_next_dist_client_cf1d9188._.js:5816
[ 4572050ms] [LOG] [Fast Refresh] rebuilding @ http://localhost:3000/_next/static/chunks/node_modules_next_dist_client_cf1d9188._.js:5956
[ 4572079ms] [LOG] [Fast Refresh] done in 130ms @ http://localhost:3000/_next/static/chunks/node_modules_next_dist_client_cf1d9188._.js:5816
[ 4572445ms] [LOG] [Fast Refresh] rebuilding @ http://localhost:3000/_next/static/chunks/node_modules_next_dist_client_cf1d9188._.js:5956
[ 4572508ms] [LOG] [Fast Refresh] done in 163ms @ http://localhost:3000/_next/static/chunks/node_modules_next_dist_client_cf1d9188._.js:5816
[ 4573183ms] [LOG] [Fast Refresh] rebuilding @ http://localhost:3000/_next/static/chunks/node_modules_next_dist_client_cf1d9188._.js:5956
[ 4573208ms] [LOG] [Fast Refresh] done in 135ms @ http://localhost:3000/_next/static/chunks/node_modules_next_dist_client_cf1d9188._.js:5816
[ 4573483ms] [LOG] [Fast Refresh] rebuilding @ http://localhost:3000/_next/static/chunks/node_modules_next_dist_client_cf1d9188._.js:5956
[ 4573491ms] [LOG] [Fast Refresh] done in 116ms @ http://localhost:3000/_next/static/chunks/node_modules_next_dist_client_cf1d9188._.js:5816
[ 4573882ms] [LOG] [Fast Refresh] rebuilding @ http://localhost:3000/_next/static/chunks/node_modules_next_dist_client_cf1d9188._.js:5956
[ 4573909ms] [LOG] [Fast Refresh] done in 126ms @ http://localhost:3000/_next/static/chunks/node_modules_next_dist_client_cf1d9188._.js:5816
[ 4574200ms] [LOG] [Fast Refresh] rebuilding @ http://localhost:3000/_next/static/chunks/node_modules_next_dist_client_cf1d9188._.js:5956
[ 4574207ms] [LOG] [Fast Refresh] done in 113ms @ http://localhost:3000/_next/static/chunks/node_modules_next_dist_client_cf1d9188._.js:5816
[ 4574533ms] [LOG] [Fast Refresh] rebuilding @ http://localhost:3000/_next/static/chunks/node_modules_next_dist_client_cf1d9188._.js:5956
[ 4574533ms] [LOG] [Fast Refresh] done in 102ms @ http://localhost:3000/_next/static/chunks/node_modules_next_dist_client_cf1d9188._.js:5816
[ 4574899ms] [LOG] [Fast Refresh] rebuilding @ http://localhost:3000/_next/static/chunks/node_modules_next_dist_client_cf1d9188._.js:5956
[ 4574923ms] [LOG] [Fast Refresh] done in 135ms @ http://localhost:3000/_next/static/chunks/node_modules_next_dist_client_cf1d9188._.js:5816
[ 4575083ms] [LOG] [Fast Refresh] rebuilding @ http://localhost:3000/_next/static/chunks/node_modules_next_dist_client_cf1d9188._.js:5956
[ 4575115ms] [LOG] [Fast Refresh] done in 136ms @ http://localhost:3000/_next/static/chunks/node_modules_next_dist_client_cf1d9188._.js:5816
[ 4575565ms] [LOG] [Fast Refresh] rebuilding @ http://localhost:3000/_next/static/chunks/node_modules_next_dist_client_cf1d9188._.js:5956
[ 4575605ms] [LOG] [Fast Refresh] done in 148ms @ http://localhost:3000/_next/static/chunks/node_modules_next_dist_client_cf1d9188._.js:5816
[ 4576231ms] [LOG] [Fast Refresh] rebuilding @ http://localhost:3000/_next/static/chunks/node_modules_next_dist_client_cf1d9188._.js:5956
[ 4576288ms] [LOG] [Fast Refresh] done in 157ms @ http://localhost:3000/_next/static/chunks/node_modules_next_dist_client_cf1d9188._.js:5816
[ 4576433ms] [LOG] [Fast Refresh] rebuilding @ http://localhost:3000/_next/static/chunks/node_modules_next_dist_client_cf1d9188._.js:5956
[ 4576450ms] [LOG] [Fast Refresh] done in 119ms @ http://localhost:3000/_next/static/chunks/node_modules_next_dist_client_cf1d9188._.js:5816
[ 4576566ms] [LOG] [Fast Refresh] rebuilding @ http://localhost:3000/_next/static/chunks/node_modules_next_dist_client_cf1d9188._.js:5956
[ 4576567ms] [LOG] [Fast Refresh] done in 103ms @ http://localhost:3000/_next/static/chunks/node_modules_next_dist_client_cf1d9188._.js:5816
[ 4576946ms] [LOG] [Fast Refresh] rebuilding @ http://localhost:3000/_next/static/chunks/node_modules_next_dist_client_cf1d9188._.js:5956
[ 4576985ms] [LOG] [Fast Refresh] done in 148ms @ http://localhost:3000/_next/static/chunks/node_modules_next_dist_client_cf1d9188._.js:5816
[ 4577132ms] [LOG] [Fast Refresh] rebuilding @ http://localhost:3000/_next/static/chunks/node_modules_next_dist_client_cf1d9188._.js:5956
[ 4577153ms] [LOG] [Fast Refresh] done in 122ms @ http://localhost:3000/_next/static/chunks/node_modules_next_dist_client_cf1d9188._.js:5816
[ 4577292ms] [LOG] [Fast Refresh] rebuilding @ http://localhost:3000/_next/static/chunks/node_modules_next_dist_client_cf1d9188._.js:5956
[ 4577372ms] [LOG] [Fast Refresh] done in 181ms @ http://localhost:3000/_next/static/chunks/node_modules_next_dist_client_cf1d9188._.js:5816
[ 4577632ms] [LOG] [Fast Refresh] rebuilding @ http://localhost:3000/_next/static/chunks/node_modules_next_dist_client_cf1d9188._.js:5956
[ 4577673ms] [LOG] [Fast Refresh] done in 142ms @ http://localhost:3000/_next/static/chunks/node_modules_next_dist_client_cf1d9188._.js:5816
[ 4578349ms] [LOG] [Fast Refresh] rebuilding @ http://localhost:3000/_next/static/chunks/node_modules_next_dist_client_cf1d9188._.js:5956
[ 4578386ms] [LOG] [Fast Refresh] done in 152ms @ http://localhost:3000/_next/static/chunks/node_modules_next_dist_client_cf1d9188._.js:5816
[ 4578516ms] [LOG] [Fast Refresh] rebuilding @ http://localhost:3000/_next/static/chunks/node_modules_next_dist_client_cf1d9188._.js:5956
[ 4578551ms] [LOG] [Fast Refresh] done in 139ms @ http://localhost:3000/_next/static/chunks/node_modules_next_dist_client_cf1d9188._.js:5816
[ 4579066ms] [LOG] [Fast Refresh] rebuilding @ http://localhost:3000/_next/static/chunks/node_modules_next_dist_client_cf1d9188._.js:5956
[ 4579094ms] [LOG] [Fast Refresh] done in 132ms @ http://localhost:3000/_next/static/chunks/node_modules_next_dist_client_cf1d9188._.js:5816
[ 4579734ms] [LOG] [Fast Refresh] rebuilding @ http://localhost:3000/_next/static/chunks/node_modules_next_dist_client_cf1d9188._.js:5956
[ 4579788ms] [LOG] [Fast Refresh] done in 156ms @ http://localhost:3000/_next/static/chunks/node_modules_next_dist_client_cf1d9188._.js:5816
[ 4580412ms] [LOG] [Fast Refresh] rebuilding @ http://localhost:3000/_next/static/chunks/node_modules_next_dist_client_cf1d9188._.js:5956
[ 4580501ms] [LOG] [Fast Refresh] done in 190ms @ http://localhost:3000/_next/static/chunks/node_modules_next_dist_client_cf1d9188._.js:5816
[ 4580633ms] [LOG] [Fast Refresh] rebuilding @ http://localhost:3000/_next/static/chunks/node_modules_next_dist_client_cf1d9188._.js:5956
[ 4580644ms] [LOG] [Fast Refresh] done in 117ms @ http://localhost:3000/_next/static/chunks/node_modules_next_dist_client_cf1d9188._.js:5816
[ 4580781ms] [LOG] [Fast Refresh] rebuilding @ http://localhost:3000/_next/static/chunks/node_modules_next_dist_client_cf1d9188._.js:5956
[ 4580785ms] [LOG] [Fast Refresh] done in 110ms @ http://localhost:3000/_next/static/chunks/node_modules_next_dist_client_cf1d9188._.js:5816
[ 4581166ms] [LOG] [Fast Refresh] rebuilding @ http://localhost:3000/_next/static/chunks/node_modules_next_dist_client_cf1d9188._.js:5956
[ 4581173ms] [LOG] [Fast Refresh] done in 120ms @ http://localhost:3000/_next/static/chunks/node_modules_next_dist_client_cf1d9188._.js:5816
[ 4581332ms] [LOG] [Fast Refresh] rebuilding @ http://localhost:3000/_next/static/chunks/node_modules_next_dist_client_cf1d9188._.js:5956
[ 4581365ms] [LOG] [Fast Refresh] done in 135ms @ http://localhost:3000/_next/static/chunks/node_modules_next_dist_client_cf1d9188._.js:5816
[ 4581599ms] [LOG] [Fast Refresh] rebuilding @ http://localhost:3000/_next/static/chunks/node_modules_next_dist_client_cf1d9188._.js:5956
[ 4581612ms] [LOG] [Fast Refresh] done in 119ms @ http://localhost:3000/_next/static/chunks/node_modules_next_dist_client_cf1d9188._.js:5816
[ 4581916ms] [LOG] [Fast Refresh] rebuilding @ http://localhost:3000/_next/static/chunks/node_modules_next_dist_client_cf1d9188._.js:5956
[ 4581949ms] [LOG] [Fast Refresh] done in 139ms @ http://localhost:3000/_next/static/chunks/node_modules_next_dist_client_cf1d9188._.js:5816
[ 4582246ms] [LOG] [Fast Refresh] rebuilding @ http://localhost:3000/_next/static/chunks/node_modules_next_dist_client_cf1d9188._.js:5956
[ 4582249ms] [LOG] [Fast Refresh] done in 107ms @ http://localhost:3000/_next/static/chunks/node_modules_next_dist_client_cf1d9188._.js:5816
[ 4582849ms] [LOG] [Fast Refresh] rebuilding @ http://localhost:3000/_next/static/chunks/node_modules_next_dist_client_cf1d9188._.js:5956
[ 4582889ms] [LOG] [Fast Refresh] done in 144ms @ http://localhost:3000/_next/static/chunks/node_modules_next_dist_client_cf1d9188._.js:5816
[ 4583127ms] [LOG] [Fast Refresh] rebuilding @ http://localhost:3000/_next/static/chunks/node_modules_next_dist_client_cf1d9188._.js:5956
[ 4583203ms] [LOG] [Fast Refresh] done in 181ms @ http://localhost:3000/_next/static/chunks/node_modules_next_dist_client_cf1d9188._.js:5816
[ 4583449ms] [LOG] [Fast Refresh] rebuilding @ http://localhost:3000/_next/static/chunks/node_modules_next_dist_client_cf1d9188._.js:5956
[ 4583527ms] [LOG] [Fast Refresh] done in 187ms @ http://localhost:3000/_next/static/chunks/node_modules_next_dist_client_cf1d9188._.js:5816
[ 4583782ms] [LOG] [Fast Refresh] rebuilding @ http://localhost:3000/_next/static/chunks/node_modules_next_dist_client_cf1d9188._.js:5956
[ 4583937ms] [LOG] [Fast Refresh] done in 261ms @ http://localhost:3000/_next/static/chunks/node_modules_next_dist_client_cf1d9188._.js:5816
[ 4584165ms] [LOG] [Fast Refresh] rebuilding @ http://localhost:3000/_next/static/chunks/node_modules_next_dist_client_cf1d9188._.js:5956
[ 4584229ms] [LOG] [Fast Refresh] done in 169ms @ http://localhost:3000/_next/static/chunks/node_modules_next_dist_client_cf1d9188._.js:5816
[ 4584365ms] [LOG] [Fast Refresh] rebuilding @ http://localhost:3000/_next/static/chunks/node_modules_next_dist_client_cf1d9188._.js:5956
[ 4584370ms] [LOG] [Fast Refresh] done in 106ms @ http://localhost:3000/_next/static/chunks/node_modules_next_dist_client_cf1d9188._.js:5816
[ 4584499ms] [LOG] [Fast Refresh] rebuilding @ http://localhost:3000/_next/static/chunks/node_modules_next_dist_client_cf1d9188._.js:5956
[ 4584517ms] [LOG] [Fast Refresh] done in 121ms @ http://localhost:3000/_next/static/chunks/node_modules_next_dist_client_cf1d9188._.js:5816
[ 4584631ms] [LOG] [Fast Refresh] rebuilding @ http://localhost:3000/_next/static/chunks/node_modules_next_dist_client_cf1d9188._.js:5956
[ 4584642ms] [LOG] [Fast Refresh] done in 125ms @ http://localhost:3000/_next/static/chunks/node_modules_next_dist_client_cf1d9188._.js:5816
[ 4584882ms] [LOG] [Fast Refresh] rebuilding @ http://localhost:3000/_next/static/chunks/node_modules_next_dist_client_cf1d9188._.js:5956
[ 4584897ms] [LOG] [Fast Refresh] done in 130ms @ http://localhost:3000/_next/static/chunks/node_modules_next_dist_client_cf1d9188._.js:5816
[ 4585814ms] [LOG] [Fast Refresh] rebuilding @ http://localhost:3000/_next/static/chunks/node_modules_next_dist_client_cf1d9188._.js:5956
[ 4585918ms] [LOG] [Fast Refresh] done in 208ms @ http://localhost:3000/_next/static/chunks/node_modules_next_dist_client_cf1d9188._.js:5816
[ 4586148ms] [LOG] [Fast Refresh] rebuilding @ http://localhost:3000/_next/static/chunks/node_modules_next_dist_client_cf1d9188._.js:5956
[ 4586178ms] [LOG] [Fast Refresh] done in 132ms @ http://localhost:3000/_next/static/chunks/node_modules_next_dist_client_cf1d9188._.js:5816
[ 4586348ms] [LOG] [Fast Refresh] rebuilding @ http://localhost:3000/_next/static/chunks/node_modules_next_dist_client_cf1d9188._.js:5956
[ 4587427ms] [LOG] [Fast Refresh] done in 1186ms @ http://localhost:3000/_next/static/chunks/node_modules_next_dist_client_cf1d9188._.js:5816
[ 4588212ms] [LOG] [Fast Refresh] rebuilding @ http://localhost:3000/_next/static/chunks/node_modules_next_dist_client_cf1d9188._.js:5956
[ 4588241ms] [LOG] [Fast Refresh] done in 130ms @ http://localhost:3000/_next/static/chunks/node_modules_next_dist_client_cf1d9188._.js:5816
[ 4588500ms] [LOG] [Fast Refresh] rebuilding @ http://localhost:3000/_next/static/chunks/node_modules_next_dist_client_cf1d9188._.js:5956
[ 4588591ms] [LOG] [Fast Refresh] done in 193ms @ http://localhost:3000/_next/static/chunks/node_modules_next_dist_client_cf1d9188._.js:5816
[ 4589198ms] [LOG] [Fast Refresh] rebuilding @ http://localhost:3000/_next/static/chunks/node_modules_next_dist_client_cf1d9188._.js:5956
[ 4589216ms] [LOG] [Fast Refresh] done in 123ms @ http://localhost:3000/_next/static/chunks/node_modules_next_dist_client_cf1d9188._.js:5816
[ 4589847ms] [LOG] [Fast Refresh] rebuilding @ http://localhost:3000/_next/static/chunks/node_modules_next_dist_client_cf1d9188._.js:5956
[ 4589864ms] [LOG] [Fast Refresh] done in 125ms @ http://localhost:3000/_next/static/chunks/node_modules_next_dist_client_cf1d9188._.js:5816
[ 4591180ms] [LOG] [Fast Refresh] rebuilding @ http://localhost:3000/_next/static/chunks/node_modules_next_dist_client_cf1d9188._.js:5956
[ 4591198ms] [LOG] [Fast Refresh] done in 120ms @ http://localhost:3000/_next/static/chunks/node_modules_next_dist_client_cf1d9188._.js:5816
[ 4591731ms] [LOG] [Fast Refresh] rebuilding @ http://localhost:3000/_next/static/chunks/node_modules_next_dist_client_cf1d9188._.js:5956
[ 4591738ms] [LOG] [Fast Refresh] done in 108ms @ http://localhost:3000/_next/static/chunks/node_modules_next_dist_client_cf1d9188._.js:5816
[ 4591894ms] [LOG] [Fast Refresh] rebuilding @ http://localhost:3000/_next/static/chunks/node_modules_next_dist_client_cf1d9188._.js:5956
[ 4591930ms] [LOG] [Fast Refresh] done in 146ms @ http://localhost:3000/_next/static/chunks/node_modules_next_dist_client_cf1d9188._.js:5816
[ 4592564ms] [LOG] [Fast Refresh] rebuilding @ http://localhost:3000/_next/static/chunks/node_modules_next_dist_client_cf1d9188._.js:5956
[ 4592592ms] [LOG] [Fast Refresh] done in 136ms @ http://localhost:3000/_next/static/chunks/node_modules_next_dist_client_cf1d9188._.js:5816
[ 4593264ms] [LOG] [Fast Refresh] rebuilding @ http://localhost:3000/_next/static/chunks/node_modules_next_dist_client_cf1d9188._.js:5956
[ 4593293ms] [LOG] [Fast Refresh] done in 133ms @ http://localhost:3000/_next/static/chunks/node_modules_next_dist_client_cf1d9188._.js:5816
[ 4593948ms] [LOG] [Fast Refresh] rebuilding @ http://localhost:3000/_next/static/chunks/node_modules_next_dist_client_cf1d9188._.js:5956
[ 4593991ms] [LOG] [Fast Refresh] done in 145ms @ http://localhost:3000/_next/static/chunks/node_modules_next_dist_client_cf1d9188._.js:5816
[ 4594648ms] [LOG] [Fast Refresh] rebuilding @ http://localhost:3000/_next/static/chunks/node_modules_next_dist_client_cf1d9188._.js:5956
[ 4594673ms] [LOG] [Fast Refresh] done in 140ms @ http://localhost:3000/_next/static/chunks/node_modules_next_dist_client_cf1d9188._.js:5816
[ 4595746ms] [LOG] [Fast Refresh] rebuilding @ http://localhost:3000/_next/static/chunks/node_modules_next_dist_client_cf1d9188._.js:5956
[ 4595756ms] [LOG] [Fast Refresh] done in 110ms @ http://localhost:3000/_next/static/chunks/node_modules_next_dist_client_cf1d9188._.js:5816
[ 4596429ms] [LOG] [Fast Refresh] rebuilding @ http://localhost:3000/_next/static/chunks/node_modules_next_dist_client_cf1d9188._.js:5956
[ 4596438ms] [LOG] [Fast Refresh] done in 110ms @ http://localhost:3000/_next/static/chunks/node_modules_next_dist_client_cf1d9188._.js:5816
[ 4596648ms] [LOG] [Fast Refresh] rebuilding @ http://localhost:3000/_next/static/chunks/node_modules_next_dist_client_cf1d9188._.js:5956
[ 4596725ms] [LOG] [Fast Refresh] done in 177ms @ http://localhost:3000/_next/static/chunks/node_modules_next_dist_client_cf1d9188._.js:5816
[ 4598447ms] [LOG] [Fast Refresh] rebuilding @ http://localhost:3000/_next/static/chunks/node_modules_next_dist_client_cf1d9188._.js:5956
[ 4598481ms] [LOG] [Fast Refresh] done in 135ms @ http://localhost:3000/_next/static/chunks/node_modules_next_dist_client_cf1d9188._.js:5816
[ 4598648ms] [LOG] [Fast Refresh] rebuilding @ http://localhost:3000/_next/static/chunks/node_modules_next_dist_client_cf1d9188._.js:5956
[ 4598744ms] [LOG] [Fast Refresh] done in 197ms @ http://localhost:3000/_next/static/chunks/node_modules_next_dist_client_cf1d9188._.js:5816
[ 4599330ms] [LOG] [Fast Refresh] rebuilding @ http://localhost:3000/_next/static/chunks/node_modules_next_dist_client_cf1d9188._.js:5956
[ 4599472ms] [LOG] [Fast Refresh] done in 248ms @ http://localhost:3000/_next/static/chunks/node_modules_next_dist_client_cf1d9188._.js:5816
[ 4599614ms] [LOG] [Fast Refresh] rebuilding @ http://localhost:3000/_next/static/chunks/node_modules_next_dist_client_cf1d9188._.js:5956
[ 4599659ms] [LOG] [Fast Refresh] done in 150ms @ http://localhost:3000/_next/static/chunks/node_modules_next_dist_client_cf1d9188._.js:5816
[ 4599964ms] [LOG] [Fast Refresh] rebuilding @ http://localhost:3000/_next/static/chunks/node_modules_next_dist_client_cf1d9188._.js:5956
[ 4600021ms] [LOG] [Fast Refresh] done in 167ms @ http://localhost:3000/_next/static/chunks/node_modules_next_dist_client_cf1d9188._.js:5816
[ 4600129ms] [LOG] [Fast Refresh] rebuilding @ http://localhost:3000/_next/static/chunks/node_modules_next_dist_client_cf1d9188._.js:5956
[ 4600263ms] [LOG] [Fast Refresh] done in 235ms @ http://localhost:3000/_next/static/chunks/node_modules_next_dist_client_cf1d9188._.js:5816
[ 4600930ms] [LOG] [Fast Refresh] rebuilding @ http://localhost:3000/_next/static/chunks/node_modules_next_dist_client_cf1d9188._.js:5956
[ 4600995ms] [LOG] [Fast Refresh] done in 170ms @ http://localhost:3000/_next/static/chunks/node_modules_next_dist_client_cf1d9188._.js:5816
[ 4601380ms] [LOG] [Fast Refresh] rebuilding @ http://localhost:3000/_next/static/chunks/node_modules_next_dist_client_cf1d9188._.js:5956
[ 4601448ms] [LOG] [Fast Refresh] done in 173ms @ http://localhost:3000/_next/static/chunks/node_modules_next_dist_client_cf1d9188._.js:5816
[ 4601613ms] [LOG] [Fast Refresh] rebuilding @ http://localhost:3000/_next/static/chunks/node_modules_next_dist_client_cf1d9188._.js:5956
[ 4601686ms] [LOG] [Fast Refresh] done in 183ms @ http://localhost:3000/_next/static/chunks/node_modules_next_dist_client_cf1d9188._.js:5816
[ 4602280ms] [LOG] [Fast Refresh] rebuilding @ http://localhost:3000/_next/static/chunks/node_modules_next_dist_client_cf1d9188._.js:5956
[ 4602372ms] [LOG] [Fast Refresh] done in 194ms @ http://localhost:3000/_next/static/chunks/node_modules_next_dist_client_cf1d9188._.js:5816
[ 4602751ms] [LOG] [Fast Refresh] rebuilding @ http://localhost:3000/_next/static/chunks/node_modules_next_dist_client_cf1d9188._.js:5956
[ 4602833ms] [LOG] [Fast Refresh] done in 182ms @ http://localhost:3000/_next/static/chunks/node_modules_next_dist_client_cf1d9188._.js:5816
[ 4602996ms] [LOG] [Fast Refresh] rebuilding @ http://localhost:3000/_next/static/chunks/node_modules_next_dist_client_cf1d9188._.js:5956
[ 4603087ms] [LOG] [Fast Refresh] done in 200ms @ http://localhost:3000/_next/static/chunks/node_modules_next_dist_client_cf1d9188._.js:5816
[ 4603480ms] [LOG] [Fast Refresh] rebuilding @ http://localhost:3000/_next/static/chunks/node_modules_next_dist_client_cf1d9188._.js:5956
[ 4603560ms] [LOG] [Fast Refresh] done in 188ms @ http://localhost:3000/_next/static/chunks/node_modules_next_dist_client_cf1d9188._.js:5816
[ 4604243ms] [LOG] [Fast Refresh] rebuilding @ http://localhost:3000/_next/static/chunks/node_modules_next_dist_client_cf1d9188._.js:5956
[ 4604301ms] [LOG] [Fast Refresh] done in 158ms @ http://localhost:3000/_next/static/chunks/node_modules_next_dist_client_cf1d9188._.js:5816
[ 4604512ms] [LOG] [Fast Refresh] rebuilding @ http://localhost:3000/_next/static/chunks/node_modules_next_dist_client_cf1d9188._.js:5956
[ 4604523ms] [LOG] [Fast Refresh] done in 125ms @ http://localhost:3000/_next/static/chunks/node_modules_next_dist_client_cf1d9188._.js:5816
[ 4605474ms] [LOG] [Fast Refresh] rebuilding @ http://localhost:3000/_next/static/chunks/node_modules_next_dist_client_cf1d9188._.js:5956
[ 4605474ms] [LOG] [Fast Refresh] done in 106ms @ http://localhost:3000/_next/static/chunks/node_modules_next_dist_client_cf1d9188._.js:5816
[ 4605680ms] [LOG] [Fast Refresh] rebuilding @ http://localhost:3000/_next/static/chunks/node_modules_next_dist_client_cf1d9188._.js:5956
[ 4605701ms] [LOG] [Fast Refresh] done in 128ms @ http://localhost:3000/_next/static/chunks/node_modules_next_dist_client_cf1d9188._.js:5816
[ 4605863ms] [LOG] [Fast Refresh] rebuilding @ http://localhost:3000/_next/static/chunks/node_modules_next_dist_client_cf1d9188._.js:5956
[ 4605877ms] [LOG] [Fast Refresh] done in 120ms @ http://localhost:3000/_next/static/chunks/node_modules_next_dist_client_cf1d9188._.js:5816
[ 4606380ms] [LOG] [Fast Refresh] rebuilding @ http://localhost:3000/_next/static/chunks/node_modules_next_dist_client_cf1d9188._.js:5956
[ 4606416ms] [LOG] [Fast Refresh] done in 139ms @ http://localhost:3000/_next/static/chunks/node_modules_next_dist_client_cf1d9188._.js:5816
[ 4606877ms] [LOG] [Fast Refresh] rebuilding @ http://localhost:3000/_next/static/chunks/node_modules_next_dist_client_cf1d9188._.js:5956
[ 4606887ms] [LOG] [Fast Refresh] done in 118ms @ http://localhost:3000/_next/static/chunks/node_modules_next_dist_client_cf1d9188._.js:5816
[ 4607026ms] [LOG] [Fast Refresh] rebuilding @ http://localhost:3000/_next/static/chunks/node_modules_next_dist_client_cf1d9188._.js:5956
[ 4607074ms] [LOG] [Fast Refresh] done in 149ms @ http://localhost:3000/_next/static/chunks/node_modules_next_dist_client_cf1d9188._.js:5816
[ 4608532ms] [WARNING] The resource http://localhost:3000/_next/static/chunks/%5Broot-of-the-server%5D__ad960bb7._.css was preloaded using link preload but not used within a few seconds from the window's load event. Please make sure it has an appropriate `as` value and it is preloaded intentionally. @ http://localhost:3000/ar/market-place:0
[ 4773995ms] [LOG] [Fast Refresh] rebuilding @ http://localhost:3000/_next/static/chunks/node_modules_next_dist_client_cf1d9188._.js:5956
[ 4774482ms] [LOG] [Fast Refresh] done in 599ms @ http://localhost:3000/_next/static/chunks/node_modules_next_dist_client_cf1d9188._.js:5816
[ 4776415ms] [LOG] [Fast Refresh] rebuilding @ http://localhost:3000/_next/static/chunks/node_modules_next_dist_client_cf1d9188._.js:5956
[ 4776489ms] [LOG] [Fast Refresh] done in 175ms @ http://localhost:3000/_next/static/chunks/node_modules_next_dist_client_cf1d9188._.js:5816
[ 4800709ms] [LOG] [Fast Refresh] rebuilding @ http://localhost:3000/_next/static/chunks/node_modules_next_dist_client_cf1d9188._.js:5956
[ 4800744ms] [LOG] [Fast Refresh] done in 140ms @ http://localhost:3000/_next/static/chunks/node_modules_next_dist_client_cf1d9188._.js:5816
[ 4861974ms] [LOG] [Fast Refresh] rebuilding @ http://localhost:3000/_next/static/chunks/node_modules_next_dist_client_cf1d9188._.js:5956
[ 4861980ms] [LOG] [Fast Refresh] done in 107ms @ http://localhost:3000/_next/static/chunks/node_modules_next_dist_client_cf1d9188._.js:5816
[ 4862148ms] [WARNING] Detected `scroll-behavior: smooth` on the `<html>` element. In a future version, Next.js will no longer automatically disable smooth scrolling during route transitions. To prepare for this change, add `data-scroll-behavior="smooth"` to your <html> element. Learn more: https://nextjs.org/docs/messages/missing-data-scroll-behavior @ http://localhost:3000/_next/static/chunks/node_modules_next_dist_b0daae9a._.js:1014
[ 4862190ms] [LOG] [API] POST /auth/logout - 200 (31ms) @ http://localhost:3000/_next/static/chunks/_42f47df5._.js:706
[ 4862196ms] [LOG] [API] POST /auth/logout - 200 (37ms) @ http://localhost:3000/_next/static/chunks/_42f47df5._.js:706
[ 4862368ms] [LOG] [Fast Refresh] rebuilding @ http://localhost:3000/_next/static/chunks/node_modules_next_dist_client_cf1d9188._.js:5956
[ 4862372ms] [LOG] [Fast Refresh] done in 109ms @ http://localhost:3000/_next/static/chunks/node_modules_next_dist_client_cf1d9188._.js:5816
[ 4862444ms] [ERROR] Failed to load resource: the server responded with a status of 500 (Internal Server Error) @ http://localhost:3000/favicon.ico:0
[ 4863759ms] [WARNING] Form submission canceled because the form is not connected @ http://localhost:3000/ar/login:0
[ 4863869ms] [VERBOSE] [DOM] Input elements should have autocomplete attributes (suggested: "current-password"): (More info: https://goo.gl/9p2vKq) %o @ http://localhost:3000/ar/login:0
[ 4866204ms] [LOG] [Fast Refresh] rebuilding @ http://localhost:3000/_next/static/chunks/node_modules_next_dist_client_cf1d9188._.js:5956
[ 4866237ms] [LOG] [Fast Refresh] done in 38ms @ http://localhost:3000/_next/static/chunks/node_modules_next_dist_client_cf1d9188._.js:5816
[ 4870210ms] [LOG] [API] POST /auth/login - 200 (478ms) @ http://localhost:3000/_next/static/chunks/_42f47df5._.js:706
[ 4870559ms] [INFO] %cDownload the React DevTools for a better development experience: https://react.dev/link/react-devtools font-weight:bold @ http://localhost:3000/_next/static/chunks/node_modules_next_dist_compiled_react-dom_1e674e59._.js:14537
[ 4870606ms] [INFO] 🌐 i18next is made possible by our own product, Locize — consider powering your project with managed localization (AI, CDN, integrations): https://locize.com 💙 @ http://localhost:3000/_next/static/chunks/node_modules_5dfc3838._.js:3250
[ 4870856ms] [LOG] [API] GET /notifications/unread-count - 200 (188ms) @ http://localhost:3000/_next/static/chunks/_39d7dd9e._.js:2245
[ 4870857ms] [LOG] [API] GET /services/stats - 200 (189ms) @ http://localhost:3000/_next/static/chunks/_39d7dd9e._.js:2245
[ 4870858ms] [LOG] [API] GET /services - 200 (189ms) @ http://localhost:3000/_next/static/chunks/_39d7dd9e._.js:2245
[ 4870934ms] [ERROR] Failed to load resource: the server responded with a status of 500 (Internal Server Error) @ http://localhost:3000/favicon.ico:0
[ 4871566ms] [LOG] [Fast Refresh] rebuilding @ http://localhost:3000/_next/static/chunks/node_modules_next_dist_client_cf1d9188._.js:5956
[ 4871602ms] [LOG] [Fast Refresh] done in 31ms @ http://localhost:3000/_next/static/chunks/node_modules_next_dist_client_cf1d9188._.js:5816
[ 4874261ms] [WARNING] The resource http://localhost:3000/_next/static/chunks/%5Broot-of-the-server%5D__ad960bb7._.css was preloaded using link preload but not used within a few seconds from the window's load event. Please make sure it has an appropriate `as` value and it is preloaded intentionally. @ http://localhost:3000/ar/vendor-dashboard:0
[ 4874417ms] [LOG] [Fast Refresh] rebuilding @ http://localhost:3000/_next/static/chunks/node_modules_next_dist_client_cf1d9188._.js:5956
[ 4874442ms] [LOG] [Fast Refresh] done in 133ms @ http://localhost:3000/_next/static/chunks/node_modules_next_dist_client_cf1d9188._.js:5816
[ 4874570ms] [WARNING] Detected `scroll-behavior: smooth` on the `<html>` element. In a future version, Next.js will no longer automatically disable smooth scrolling during route transitions. To prepare for this change, add `data-scroll-behavior="smooth"` to your <html> element. Learn more: https://nextjs.org/docs/messages/missing-data-scroll-behavior @ http://localhost:3000/_next/static/chunks/node_modules_next_dist_b0daae9a._.js:1014
[ 4874776ms] [LOG] [Fast Refresh] rebuilding @ http://localhost:3000/_next/static/chunks/node_modules_next_dist_client_cf1d9188._.js:5956
[ 4874794ms] [LOG] [Fast Refresh] done in 133ms @ http://localhost:3000/_next/static/chunks/node_modules_next_dist_client_cf1d9188._.js:5816
[ 4874797ms] [LOG] [API] GET /users/profile - 200 (221ms) @ http://localhost:3000/_next/static/chunks/_39d7dd9e._.js:2245
[ 4874888ms] [ERROR] Failed to load resource: the server responded with a status of 500 (Internal Server Error) @ http://localhost:3000/favicon.ico:0
[ 4878127ms] [WARNING] The resource http://localhost:3000/_next/static/chunks/%5Broot-of-the-server%5D__ad960bb7._.css was preloaded using link preload but not used within a few seconds from the window's load event. Please make sure it has an appropriate `as` value and it is preloaded intentionally. @ http://localhost:3000/ar/vendor-dashboard/settings:0
[ 4878553ms] [LOG] [Fast Refresh] rebuilding @ http://localhost:3000/_next/static/chunks/node_modules_next_dist_client_cf1d9188._.js:5956
[ 4878585ms] [LOG] [Fast Refresh] done in 38ms @ http://localhost:3000/_next/static/chunks/node_modules_next_dist_client_cf1d9188._.js:5816
[ 4880206ms] [LOG] [API] GET /locations/districts/3426 - 200 (14ms) @ http://localhost:3000/_next/static/chunks/_39d7dd9e._.js:2245
[ 4880206ms] [LOG] [API] GET /locations/regions - 200 (15ms) @ http://localhost:3000/_next/static/chunks/_39d7dd9e._.js:2245
[ 4880207ms] [LOG] [API] GET /locations/cities/10 - 200 (16ms) @ http://localhost:3000/_next/static/chunks/_39d7dd9e._.js:2245
[ 4883013ms] [LOG] [API] GET /locations/cities/6 - 200 (12ms) @ http://localhost:3000/_next/static/chunks/_39d7dd9e._.js:2245
[ 4884878ms] [LOG] [API] GET /locations/districts/1270 - 200 (9ms) @ http://localhost:3000/_next/static/chunks/_39d7dd9e._.js:2245
[ 4887884ms] [WARNING] The resource http://localhost:3000/_next/static/chunks/%5Broot-of-the-server%5D__ad960bb7._.css was preloaded using link preload but not used within a few seconds from the window's load event. Please make sure it has an appropriate `as` value and it is preloaded intentionally. @ http://localhost:3000/ar/vendor-dashboard/settings:0
[ 4888771ms] [LOG] [API] PATCH /users/profile/vendorData - 200 (404ms) @ http://localhost:3000/_next/static/chunks/_39d7dd9e._.js:2245
[ 4888924ms] [LOG] [API] GET /users/profile - 200 (153ms) @ http://localhost:3000/_next/static/chunks/_39d7dd9e._.js:2245
[ 4889070ms] [LOG] [API] GET /users/profile - 200 (141ms) @ http://localhost:3000/_next/static/chunks/_39d7dd9e._.js:2245
[ 4892218ms] [LOG] [Fast Refresh] rebuilding @ http://localhost:3000/_next/static/chunks/node_modules_next_dist_client_cf1d9188._.js:5956
[ 4892259ms] [LOG] [Fast Refresh] done in 68ms @ http://localhost:3000/_next/static/chunks/node_modules_next_dist_client_cf1d9188._.js:5816
[ 4892260ms] [WARNING] The resource http://localhost:3000/_next/static/chunks/%5Broot-of-the-server%5D__ad960bb7._.css was preloaded using link preload but not used within a few seconds from the window's load event. Please make sure it has an appropriate `as` value and it is preloaded intentionally. @ http://localhost:3000/ar/vendor-dashboard/settings:0
[ 4892630ms] [LOG] [Fast Refresh] rebuilding @ http://localhost:3000/_next/static/chunks/node_modules_next_dist_client_cf1d9188._.js:5956
[ 4892715ms] [LOG] [Fast Refresh] done in 188ms @ http://localhost:3000/_next/static/chunks/node_modules_next_dist_client_cf1d9188._.js:5816
[ 4892804ms] [LOG] [API] GET /locations/cities/6 - 200 (147ms) @ http://localhost:3000/_next/static/chunks/_39d7dd9e._.js:2245
[ 4892805ms] [LOG] [API] GET /locations/districts/1270 - 200 (148ms) @ http://localhost:3000/_next/static/chunks/_39d7dd9e._.js:2245
[ 4895929ms] [LOG] [Fast Refresh] rebuilding @ http://localhost:3000/_next/static/chunks/node_modules_next_dist_client_cf1d9188._.js:5956
[ 4895962ms] [LOG] [Fast Refresh] done in 137ms @ http://localhost:3000/_next/static/chunks/node_modules_next_dist_client_cf1d9188._.js:5816
[ 4898380ms] [LOG] [Fast Refresh] rebuilding @ http://localhost:3000/_next/static/chunks/node_modules_next_dist_client_cf1d9188._.js:5956
[ 4898462ms] [LOG] [Fast Refresh] done in 95ms @ http://localhost:3000/_next/static/chunks/node_modules_next_dist_client_cf1d9188._.js:5816
[ 4900430ms] [LOG] [Fast Refresh] rebuilding @ http://localhost:3000/_next/static/chunks/node_modules_next_dist_client_cf1d9188._.js:5956
[ 4900431ms] [LOG] [Fast Refresh] done in 105ms @ http://localhost:3000/_next/static/chunks/node_modules_next_dist_client_cf1d9188._.js:5816
[ 4901139ms] [LOG] [API] GET /notifications/unread-count - 200 (273ms) @ http://localhost:3000/_next/static/chunks/_39d7dd9e._.js:2245
[ 4905999ms] [LOG] [Fast Refresh] rebuilding @ http://localhost:3000/_next/static/chunks/node_modules_next_dist_client_cf1d9188._.js:5956
[ 4906036ms] [LOG] [Fast Refresh] done in 153ms @ http://localhost:3000/_next/static/chunks/node_modules_next_dist_client_cf1d9188._.js:5816
[ 4906182ms] [LOG] [Fast Refresh] rebuilding @ http://localhost:3000/_next/static/chunks/node_modules_next_dist_client_cf1d9188._.js:5956
[ 4906486ms] [LOG] [Fast Refresh] done in 405ms @ http://localhost:3000/_next/static/chunks/node_modules_next_dist_client_cf1d9188._.js:5816
[ 4906958ms] [INFO] %cDownload the React DevTools for a better development experience: https://react.dev/link/react-devtools font-weight:bold @ http://localhost:3000/_next/static/chunks/node_modules_next_dist_compiled_react-dom_1e674e59._.js:14537
[ 4907159ms] [INFO] 🌐 i18next is made possible by our own product, Locize — consider powering your project with managed localization (AI, CDN, integrations): https://locize.com 💙 @ http://localhost:3000/_next/static/chunks/node_modules_5dfc3838._.js:3250
[ 4907464ms] [LOG] [Fast Refresh] rebuilding @ http://localhost:3000/_next/static/chunks/node_modules_next_dist_client_cf1d9188._.js:5956
[ 4907471ms] [LOG] [Fast Refresh] done in 110ms @ http://localhost:3000/_next/static/chunks/node_modules_next_dist_client_cf1d9188._.js:5816
[ 4907549ms] [LOG] [API] GET /notifications/unread-count - 200 (212ms) @ http://localhost:3000/_next/static/chunks/_39d7dd9e._.js:2245
[ 4907551ms] [LOG] [API] GET /users/profile - 200 (214ms) @ http://localhost:3000/_next/static/chunks/_39d7dd9e._.js:2245
[ 4907796ms] [LOG] [Fast Refresh] rebuilding @ http://localhost:3000/_next/static/chunks/node_modules_next_dist_client_cf1d9188._.js:5956
[ 4907816ms] [LOG] [Fast Refresh] done in 125ms @ http://localhost:3000/_next/static/chunks/node_modules_next_dist_client_cf1d9188._.js:5816
[ 4907946ms] [LOG] [Fast Refresh] rebuilding @ http://localhost:3000/_next/static/chunks/node_modules_next_dist_client_cf1d9188._.js:5956
[ 4907958ms] [LOG] [Fast Refresh] done in 116ms @ http://localhost:3000/_next/static/chunks/node_modules_next_dist_client_cf1d9188._.js:5816
[ 4908029ms] [ERROR] Failed to load resource: the server responded with a status of 500 (Internal Server Error) @ http://localhost:3000/favicon.ico:0
[ 4908883ms] [VERBOSE] [DOM] Input elements should have autocomplete attributes (suggested: "current-password"): (More info: https://goo.gl/9p2vKq) %o @ http://localhost:3000/ar/vendor-dashboard/settings:0
[ 4908883ms] [VERBOSE] [DOM] Input elements should have autocomplete attributes (suggested: "new-password"): (More info: https://goo.gl/9p2vKq) %o @ http://localhost:3000/ar/vendor-dashboard/settings:0
[ 4908883ms] [VERBOSE] [DOM] Input elements should have autocomplete attributes (suggested: "new-password"): (More info: https://goo.gl/9p2vKq) %o @ http://localhost:3000/ar/vendor-dashboard/settings:0
[ 4909243ms] [ERROR] Failed to load resource: the server responded with a status of 403 (Forbidden) @ http://localhost:3000/_next/image?url=https%3A%2F%2Fhallamangement.s3.eu-north-1.amazonaws.com%2Fvendors%2Flogos%2F69ee38f0542490955b2ab3f4%2Fiii-1780155025126-fd645d2300771e76.jpg%3FX-Amz-Algorithm%3DAWS4-HMAC-SHA256%26X-Amz-Content-Sha256%3DUNSIGNED-PAYLOAD%26X-Amz-Credential%3DAKIA4LGDAXN6E3NWNJRH%252F20260530%252Feu-north-1%252Fs3%252Faws4_request%26X-Amz-Date%3D20260530T164805Z%26X-Amz-Expires%3D3600%26X-Amz-Signature%3D4db8c915f7bd126ff521cd1b607dc9ae8e1cb5e5c86691ccdf7357784f5bb880%26X-Amz-SignedHeaders%3Dhost%26x-amz-checksum-mode%3DENABLED%26x-id%3DGetObject&w=96&q=75:0
[ 4909545ms] [LOG] [Fast Refresh] rebuilding @ http://localhost:3000/_next/static/chunks/node_modules_next_dist_client_cf1d9188._.js:5956
[ 4909573ms] [LOG] [Fast Refresh] done in 129ms @ http://localhost:3000/_next/static/chunks/node_modules_next_dist_client_cf1d9188._.js:5816
[ 4909964ms] [LOG] [Fast Refresh] rebuilding @ http://localhost:3000/_next/static/chunks/node_modules_next_dist_client_cf1d9188._.js:5956
[ 4910071ms] [LOG] [Fast Refresh] done in 212ms @ http://localhost:3000/_next/static/chunks/node_modules_next_dist_client_cf1d9188._.js:5816
[ 4911448ms] [LOG] [Fast Refresh] rebuilding @ http://localhost:3000/_next/static/chunks/node_modules_next_dist_client_cf1d9188._.js:5956
[ 4911517ms] [LOG] [Fast Refresh] done in 178ms @ http://localhost:3000/_next/static/chunks/node_modules_next_dist_client_cf1d9188._.js:5816
[ 4912247ms] [WARNING] The resource http://localhost:3000/_next/static/chunks/%5Broot-of-the-server%5D__ad960bb7._.css was preloaded using link preload but not used within a few seconds from the window's load event. Please make sure it has an appropriate `as` value and it is preloaded intentionally. @ http://localhost:3000/ar/vendor-dashboard/settings:0
[ 4913364ms] [LOG] [Fast Refresh] rebuilding @ http://localhost:3000/_next/static/chunks/node_modules_next_dist_client_cf1d9188._.js:5956
[ 4913370ms] [LOG] [Fast Refresh] done in 118ms @ http://localhost:3000/_next/static/chunks/node_modules_next_dist_client_cf1d9188._.js:5816
[ 4913898ms] [LOG] [Fast Refresh] rebuilding @ http://localhost:3000/_next/static/chunks/node_modules_next_dist_client_cf1d9188._.js:5956
[ 4913903ms] [LOG] [Fast Refresh] done in 122ms @ http://localhost:3000/_next/static/chunks/node_modules_next_dist_client_cf1d9188._.js:5816
[ 4914046ms] [LOG] [Fast Refresh] rebuilding @ http://localhost:3000/_next/static/chunks/node_modules_next_dist_client_cf1d9188._.js:5956
[ 4914063ms] [LOG] [Fast Refresh] done in 130ms @ http://localhost:3000/_next/static/chunks/node_modules_next_dist_client_cf1d9188._.js:5816
[ 4914313ms] [LOG] [Fast Refresh] rebuilding @ http://localhost:3000/_next/static/chunks/node_modules_next_dist_client_cf1d9188._.js:5956
[ 4914397ms] [LOG] [Fast Refresh] done in 191ms @ http://localhost:3000/_next/static/chunks/node_modules_next_dist_client_cf1d9188._.js:5816
[ 4915462ms] [LOG] [Fast Refresh] rebuilding @ http://localhost:3000/_next/static/chunks/node_modules_next_dist_client_cf1d9188._.js:5956
[ 4915487ms] [LOG] [Fast Refresh] done in 127ms @ http://localhost:3000/_next/static/chunks/node_modules_next_dist_client_cf1d9188._.js:5816
[ 4915948ms] [LOG] [Fast Refresh] rebuilding @ http://localhost:3000/_next/static/chunks/node_modules_next_dist_client_cf1d9188._.js:5956
[ 4915948ms] [LOG] [Fast Refresh] done in 106ms @ http://localhost:3000/_next/static/chunks/node_modules_next_dist_client_cf1d9188._.js:5816
[ 4916265ms] [LOG] [Fast Refresh] rebuilding @ http://localhost:3000/_next/static/chunks/node_modules_next_dist_client_cf1d9188._.js:5956
[ 4916281ms] [LOG] [Fast Refresh] done in 117ms @ http://localhost:3000/_next/static/chunks/node_modules_next_dist_client_cf1d9188._.js:5816
[ 4916411ms] [LOG] [Fast Refresh] rebuilding @ http://localhost:3000/_next/static/chunks/node_modules_next_dist_client_cf1d9188._.js:5956
[ 4916428ms] [LOG] [Fast Refresh] done in 119ms @ http://localhost:3000/_next/static/chunks/node_modules_next_dist_client_cf1d9188._.js:5816
[ 4916898ms] [LOG] [Fast Refresh] rebuilding @ http://localhost:3000/_next/static/chunks/node_modules_next_dist_client_cf1d9188._.js:5956
[ 4916903ms] [LOG] [Fast Refresh] done in 107ms @ http://localhost:3000/_next/static/chunks/node_modules_next_dist_client_cf1d9188._.js:5816
[ 4917212ms] [LOG] [Fast Refresh] rebuilding @ http://localhost:3000/_next/static/chunks/node_modules_next_dist_client_cf1d9188._.js:5956
[ 4917216ms] [LOG] [Fast Refresh] done in 104ms @ http://localhost:3000/_next/static/chunks/node_modules_next_dist_client_cf1d9188._.js:5816
[ 4917364ms] [LOG] [Fast Refresh] rebuilding @ http://localhost:3000/_next/static/chunks/node_modules_next_dist_client_cf1d9188._.js:5956
[ 4917370ms] [LOG] [Fast Refresh] done in 108ms @ http://localhost:3000/_next/static/chunks/node_modules_next_dist_client_cf1d9188._.js:5816
[ 4917664ms] [LOG] [Fast Refresh] rebuilding @ http://localhost:3000/_next/static/chunks/node_modules_next_dist_client_cf1d9188._.js:5956
[ 4917671ms] [LOG] [Fast Refresh] done in 113ms @ http://localhost:3000/_next/static/chunks/node_modules_next_dist_client_cf1d9188._.js:5816
[ 4917813ms] [LOG] [Fast Refresh] rebuilding @ http://localhost:3000/_next/static/chunks/node_modules_next_dist_client_cf1d9188._.js:5956
[ 4917829ms] [LOG] [Fast Refresh] done in 119ms @ http://localhost:3000/_next/static/chunks/node_modules_next_dist_client_cf1d9188._.js:5816
[ 4918923ms] [WARNING] The resource http://localhost:3000/_next/static/chunks/%5Broot-of-the-server%5D__ad960bb7._.css was preloaded using link preload but not used within a few seconds from the window's load event. Please make sure it has an appropriate `as` value and it is preloaded intentionally. @ http://localhost:3000/ar/vendor-dashboard/settings:0
[ 4919365ms] [LOG] [Fast Refresh] rebuilding @ http://localhost:3000/_next/static/chunks/node_modules_next_dist_client_cf1d9188._.js:5956
[ 4919394ms] [LOG] [Fast Refresh] done in 130ms @ http://localhost:3000/_next/static/chunks/node_modules_next_dist_client_cf1d9188._.js:5816
[ 4920033ms] [LOG] [Fast Refresh] rebuilding @ http://localhost:3000/_next/static/chunks/node_modules_next_dist_client_cf1d9188._.js:5956
[ 4920070ms] [LOG] [Fast Refresh] done in 139ms @ http://localhost:3000/_next/static/chunks/node_modules_next_dist_client_cf1d9188._.js:5816
[ 4920172ms] [LOG] [Fast Refresh] rebuilding @ http://localhost:3000/_next/static/chunks/node_modules_next_dist_client_cf1d9188._.js:5956
[ 4920218ms] [LOG] [Fast Refresh] done in 148ms @ http://localhost:3000/_next/static/chunks/node_modules_next_dist_client_cf1d9188._.js:5816
[ 4920449ms] [LOG] [Fast Refresh] rebuilding @ http://localhost:3000/_next/static/chunks/node_modules_next_dist_client_cf1d9188._.js:5956
[ 4920456ms] [LOG] [Fast Refresh] done in 108ms @ http://localhost:3000/_next/static/chunks/node_modules_next_dist_client_cf1d9188._.js:5816
[ 4920753ms] [LOG] [Fast Refresh] rebuilding @ http://localhost:3000/_next/static/chunks/node_modules_next_dist_client_cf1d9188._.js:5956
[ 4920787ms] [LOG] [Fast Refresh] done in 139ms @ http://localhost:3000/_next/static/chunks/node_modules_next_dist_client_cf1d9188._.js:5816
[ 4920962ms] [LOG] [Fast Refresh] rebuilding @ http://localhost:3000/_next/static/chunks/node_modules_next_dist_client_cf1d9188._.js:5956
[ 4921007ms] [LOG] [Fast Refresh] done in 146ms @ http://localhost:3000/_next/static/chunks/node_modules_next_dist_client_cf1d9188._.js:5816
[ 4921169ms] [LOG] [Fast Refresh] rebuilding @ http://localhost:3000/_next/static/chunks/node_modules_next_dist_client_cf1d9188._.js:5956
[ 4921238ms] [LOG] [Fast Refresh] done in 176ms @ http://localhost:3000/_next/static/chunks/node_modules_next_dist_client_cf1d9188._.js:5816
[ 4921463ms] [LOG] [Fast Refresh] rebuilding @ http://localhost:3000/_next/static/chunks/node_modules_next_dist_client_cf1d9188._.js:5956
[ 4921503ms] [LOG] [Fast Refresh] done in 142ms @ http://localhost:3000/_next/static/chunks/node_modules_next_dist_client_cf1d9188._.js:5816
[ 4921790ms] [LOG] [Fast Refresh] rebuilding @ http://localhost:3000/_next/static/chunks/node_modules_next_dist_client_cf1d9188._.js:5956
[ 4921812ms] [LOG] [Fast Refresh] done in 123ms @ http://localhost:3000/_next/static/chunks/node_modules_next_dist_client_cf1d9188._.js:5816
[ 4921964ms] [LOG] [Fast Refresh] rebuilding @ http://localhost:3000/_next/static/chunks/node_modules_next_dist_client_cf1d9188._.js:5956
[ 4922023ms] [LOG] [Fast Refresh] done in 167ms @ http://localhost:3000/_next/static/chunks/node_modules_next_dist_client_cf1d9188._.js:5816
[ 4922231ms] [LOG] [Fast Refresh] rebuilding @ http://localhost:3000/_next/static/chunks/node_modules_next_dist_client_cf1d9188._.js:5956
[ 4922321ms] [LOG] [Fast Refresh] done in 200ms @ http://localhost:3000/_next/static/chunks/node_modules_next_dist_client_cf1d9188._.js:5816
[ 4923096ms] [LOG] [Fast Refresh] rebuilding @ http://localhost:3000/_next/static/chunks/node_modules_next_dist_client_cf1d9188._.js:5956
[ 4923103ms] [LOG] [Fast Refresh] done in 110ms @ http://localhost:3000/_next/static/chunks/node_modules_next_dist_client_cf1d9188._.js:5816
[ 4923263ms] [LOG] [Fast Refresh] rebuilding @ http://localhost:3000/_next/static/chunks/node_modules_next_dist_client_cf1d9188._.js:5956
[ 4923274ms] [LOG] [Fast Refresh] done in 116ms @ http://localhost:3000/_next/static/chunks/node_modules_next_dist_client_cf1d9188._.js:5816
[ 4923598ms] [LOG] [Fast Refresh] rebuilding @ http://localhost:3000/_next/static/chunks/node_modules_next_dist_client_cf1d9188._.js:5956
[ 4923606ms] [LOG] [Fast Refresh] done in 118ms @ http://localhost:3000/_next/static/chunks/node_modules_next_dist_client_cf1d9188._.js:5816
[ 4923747ms] [LOG] [Fast Refresh] rebuilding @ http://localhost:3000/_next/static/chunks/node_modules_next_dist_client_cf1d9188._.js:5956
[ 4923760ms] [LOG] [Fast Refresh] done in 118ms @ http://localhost:3000/_next/static/chunks/node_modules_next_dist_client_cf1d9188._.js:5816
[ 4923895ms] [LOG] [Fast Refresh] rebuilding @ http://localhost:3000/_next/static/chunks/node_modules_next_dist_client_cf1d9188._.js:5956
[ 4923896ms] [LOG] [Fast Refresh] done in 103ms @ http://localhost:3000/_next/static/chunks/node_modules_next_dist_client_cf1d9188._.js:5816
[ 4924214ms] [LOG] [Fast Refresh] rebuilding @ http://localhost:3000/_next/static/chunks/node_modules_next_dist_client_cf1d9188._.js:5956
[ 4924221ms] [LOG] [Fast Refresh] done in 115ms @ http://localhost:3000/_next/static/chunks/node_modules_next_dist_client_cf1d9188._.js:5816
[ 4925462ms] [LOG] [Fast Refresh] rebuilding @ http://localhost:3000/_next/static/chunks/node_modules_next_dist_client_cf1d9188._.js:5956
[ 4925476ms] [LOG] [Fast Refresh] done in 117ms @ http://localhost:3000/_next/static/chunks/node_modules_next_dist_client_cf1d9188._.js:5816
[ 4925627ms] [LOG] [Fast Refresh] rebuilding @ http://localhost:3000/_next/static/chunks/node_modules_next_dist_client_cf1d9188._.js:5956
[ 4925657ms] [LOG] [Fast Refresh] done in 131ms @ http://localhost:3000/_next/static/chunks/node_modules_next_dist_client_cf1d9188._.js:5816
[ 4926580ms] [LOG] [Fast Refresh] rebuilding @ http://localhost:3000/_next/static/chunks/node_modules_next_dist_client_cf1d9188._.js:5956
[ 4926602ms] [LOG] [Fast Refresh] done in 123ms @ http://localhost:3000/_next/static/chunks/node_modules_next_dist_client_cf1d9188._.js:5816
[ 4927228ms] [LOG] [Fast Refresh] rebuilding @ http://localhost:3000/_next/static/chunks/node_modules_next_dist_client_cf1d9188._.js:5956
[ 4927233ms] [LOG] [Fast Refresh] done in 107ms @ http://localhost:3000/_next/static/chunks/node_modules_next_dist_client_cf1d9188._.js:5816
[ 4927361ms] [LOG] [Fast Refresh] rebuilding @ http://localhost:3000/_next/static/chunks/node_modules_next_dist_client_cf1d9188._.js:5956
[ 4927393ms] [LOG] [Fast Refresh] done in 138ms @ http://localhost:3000/_next/static/chunks/node_modules_next_dist_client_cf1d9188._.js:5816
[ 4927545ms] [LOG] [Fast Refresh] rebuilding @ http://localhost:3000/_next/static/chunks/node_modules_next_dist_client_cf1d9188._.js:5956
[ 4927555ms] [LOG] [Fast Refresh] done in 111ms @ http://localhost:3000/_next/static/chunks/node_modules_next_dist_client_cf1d9188._.js:5816
[ 4927693ms] [LOG] [Fast Refresh] rebuilding @ http://localhost:3000/_next/static/chunks/node_modules_next_dist_client_cf1d9188._.js:5956
[ 4927729ms] [LOG] [Fast Refresh] done in 141ms @ http://localhost:3000/_next/static/chunks/node_modules_next_dist_client_cf1d9188._.js:5816
[ 4927863ms] [LOG] [Fast Refresh] rebuilding @ http://localhost:3000/_next/static/chunks/node_modules_next_dist_client_cf1d9188._.js:5956
[ 4927869ms] [LOG] [Fast Refresh] done in 109ms @ http://localhost:3000/_next/static/chunks/node_modules_next_dist_client_cf1d9188._.js:5816
[ 4928062ms] [LOG] [Fast Refresh] rebuilding @ http://localhost:3000/_next/static/chunks/node_modules_next_dist_client_cf1d9188._.js:5956
[ 4928083ms] [LOG] [Fast Refresh] done in 122ms @ http://localhost:3000/_next/static/chunks/node_modules_next_dist_client_cf1d9188._.js:5816
[ 4928213ms] [LOG] [Fast Refresh] rebuilding @ http://localhost:3000/_next/static/chunks/node_modules_next_dist_client_cf1d9188._.js:5956
[ 4928262ms] [LOG] [Fast Refresh] done in 152ms @ http://localhost:3000/_next/static/chunks/node_modules_next_dist_client_cf1d9188._.js:5816
[ 4928413ms] [LOG] [Fast Refresh] rebuilding @ http://localhost:3000/_next/static/chunks/node_modules_next_dist_client_cf1d9188._.js:5956
[ 4928418ms] [LOG] [Fast Refresh] done in 107ms @ http://localhost:3000/_next/static/chunks/node_modules_next_dist_client_cf1d9188._.js:5816
[ 4928596ms] [LOG] [Fast Refresh] rebuilding @ http://localhost:3000/_next/static/chunks/node_modules_next_dist_client_cf1d9188._.js:5956
[ 4928623ms] [LOG] [Fast Refresh] done in 133ms @ http://localhost:3000/_next/static/chunks/node_modules_next_dist_client_cf1d9188._.js:5816
[ 4928763ms] [LOG] [Fast Refresh] rebuilding @ http://localhost:3000/_next/static/chunks/node_modules_next_dist_client_cf1d9188._.js:5956
[ 4928817ms] [LOG] [Fast Refresh] done in 157ms @ http://localhost:3000/_next/static/chunks/node_modules_next_dist_client_cf1d9188._.js:5816
[ 4929005ms] [LOG] [Fast Refresh] rebuilding @ http://localhost:3000/_next/static/chunks/node_modules_next_dist_client_cf1d9188._.js:5956
[ 4929035ms] [LOG] [Fast Refresh] done in 131ms @ http://localhost:3000/_next/static/chunks/node_modules_next_dist_client_cf1d9188._.js:5816
[ 4929069ms] [LOG] [API] GET /locations/regions - 200 (77ms) @ http://localhost:3000/_next/static/chunks/_39d7dd9e._.js:2245
[ 4929077ms] [LOG] [API] GET /locations/cities/6 - 200 (85ms) @ http://localhost:3000/_next/static/chunks/_39d7dd9e._.js:2245
[ 4929136ms] [LOG] [API] GET /locations/districts/1270 - 200 (144ms) @ http://localhost:3000/_next/static/chunks/_39d7dd9e._.js:2245
[ 4929396ms] [LOG] [Fast Refresh] rebuilding @ http://localhost:3000/_next/static/chunks/node_modules_next_dist_client_cf1d9188._.js:5956
[ 4929404ms] [LOG] [Fast Refresh] done in 108ms @ http://localhost:3000/_next/static/chunks/node_modules_next_dist_client_cf1d9188._.js:5816
[ 4929851ms] [LOG] [Fast Refresh] rebuilding @ http://localhost:3000/_next/static/chunks/node_modules_next_dist_client_cf1d9188._.js:5956
[ 4929860ms] [LOG] [Fast Refresh] done in 113ms @ http://localhost:3000/_next/static/chunks/node_modules_next_dist_client_cf1d9188._.js:5816
[ 4930312ms] [LOG] [Fast Refresh] rebuilding @ http://localhost:3000/_next/static/chunks/node_modules_next_dist_client_cf1d9188._.js:5956
[ 4930324ms] [LOG] [Fast Refresh] done in 115ms @ http://localhost:3000/_next/static/chunks/node_modules_next_dist_client_cf1d9188._.js:5816
[ 4930595ms] [LOG] [Fast Refresh] rebuilding @ http://localhost:3000/_next/static/chunks/node_modules_next_dist_client_cf1d9188._.js:5956
[ 4930611ms] [LOG] [Fast Refresh] done in 120ms @ http://localhost:3000/_next/static/chunks/node_modules_next_dist_client_cf1d9188._.js:5816
[ 4937707ms] [LOG] [API] GET /notifications/unread-count - 200 (144ms) @ http://localhost:3000/_next/static/chunks/_39d7dd9e._.js:2245
[ 4942236ms] [ERROR] Failed to load resource: the server responded with a status of 404 (Not Found) @ http://localhost:3000/api/v2/users/profile/vendorData/image:0
[ 4942237ms] [ERROR] [API Error] DELETE /users/profile/vendorData/image - 404 (146ms): Image (portfolioImages/portfolio2.jpg) not found @ http://localhost:3000/_next/static/chunks/node_modules_next_dist_b0daae9a._.js:2405
[ 4948193ms] [ERROR] Failed to load resource: the server responded with a status of 404 (Not Found) @ http://localhost:3000/api/v2/users/profile/vendorData/image:0
[ 4948193ms] [ERROR] [API Error] DELETE /users/profile/vendorData/image - 404 (145ms): Image (portfolioImages/portfolio1.jpg) not found @ http://localhost:3000/_next/static/chunks/node_modules_next_dist_b0daae9a._.js:2405
[ 4968165ms] [LOG] [API] GET /notifications/unread-count - 200 (445ms) @ http://localhost:3000/_next/static/chunks/_39d7dd9e._.js:2245
[ 4997789ms] [LOG] [Fast Refresh] rebuilding @ http://localhost:3000/_next/static/chunks/node_modules_next_dist_client_cf1d9188._.js:5956
[ 4997803ms] [LOG] [Fast Refresh] done in 117ms @ http://localhost:3000/_next/static/chunks/node_modules_next_dist_client_cf1d9188._.js:5816
[ 4998310ms] [LOG] [API] GET /notifications/unread-count - 200 (141ms) @ http://localhost:3000/_next/static/chunks/_39d7dd9e._.js:2245
[ 5001322ms] [LOG] [Fast Refresh] rebuilding @ http://localhost:3000/_next/static/chunks/node_modules_next_dist_client_cf1d9188._.js:5956
[ 5001392ms] [LOG] [Fast Refresh] done in 185ms @ http://localhost:3000/_next/static/chunks/node_modules_next_dist_client_cf1d9188._.js:5816
[ 5028467ms] [LOG] [API] GET /notifications/unread-count - 200 (142ms) @ http://localhost:3000/_next/static/chunks/_39d7dd9e._.js:2245
[ 5039900ms] [LOG] [Fast Refresh] rebuilding @ http://localhost:3000/_next/static/chunks/node_modules_next_dist_client_cf1d9188._.js:5956
[ 5039938ms] [LOG] [Fast Refresh] done in 147ms @ http://localhost:3000/_next/static/chunks/node_modules_next_dist_client_cf1d9188._.js:5816
[ 5058621ms] [LOG] [API] GET /notifications/unread-count - 200 (138ms) @ http://localhost:3000/_next/static/chunks/_39d7dd9e._.js:2245
[ 5088779ms] [LOG] [API] GET /notifications/unread-count - 200 (141ms) @ http://localhost:3000/_next/static/chunks/_39d7dd9e._.js:2245
[ 5118924ms] [LOG] [API] GET /notifications/unread-count - 200 (140ms) @ http://localhost:3000/_next/static/chunks/_39d7dd9e._.js:2245
[ 5149073ms] [LOG] [API] GET /notifications/unread-count - 200 (141ms) @ http://localhost:3000/_next/static/chunks/_39d7dd9e._.js:2245
[ 5179227ms] [LOG] [API] GET /notifications/unread-count - 200 (141ms) @ http://localhost:3000/_next/static/chunks/_39d7dd9e._.js:2245
[ 5209371ms] [LOG] [API] GET /notifications/unread-count - 200 (138ms) @ http://localhost:3000/_next/static/chunks/_39d7dd9e._.js:2245
[ 5239515ms] [LOG] [API] GET /notifications/unread-count - 200 (141ms) @ http://localhost:3000/_next/static/chunks/_39d7dd9e._.js:2245
[ 5269679ms] [LOG] [API] GET /notifications/unread-count - 200 (155ms) @ http://localhost:3000/_next/static/chunks/_39d7dd9e._.js:2245
[ 5299830ms] [LOG] [API] GET /notifications/unread-count - 200 (141ms) @ http://localhost:3000/_next/static/chunks/_39d7dd9e._.js:2245
[ 5330203ms] [LOG] [API] GET /notifications/unread-count - 200 (365ms) @ http://localhost:3000/_next/static/chunks/_39d7dd9e._.js:2245
[ 5360390ms] [LOG] [API] GET /notifications/unread-count - 200 (173ms) @ http://localhost:3000/_next/static/chunks/_39d7dd9e._.js:2245
[ 5390593ms] [LOG] [API] GET /notifications/unread-count - 200 (198ms) @ http://localhost:3000/_next/static/chunks/_39d7dd9e._.js:2245
[ 5420753ms] [LOG] [API] GET /notifications/unread-count - 200 (142ms) @ http://localhost:3000/_next/static/chunks/_39d7dd9e._.js:2245
[ 5450966ms] [LOG] [API] GET /notifications/unread-count - 200 (200ms) @ http://localhost:3000/_next/static/chunks/_39d7dd9e._.js:2245
[ 5481128ms] [LOG] [API] GET /notifications/unread-count - 200 (154ms) @ http://localhost:3000/_next/static/chunks/_39d7dd9e._.js:2245
[ 5511278ms] [LOG] [API] GET /notifications/unread-count - 200 (138ms) @ http://localhost:3000/_next/static/chunks/_39d7dd9e._.js:2245
[ 5541435ms] [LOG] [API] GET /notifications/unread-count - 200 (142ms) @ http://localhost:3000/_next/static/chunks/_39d7dd9e._.js:2245
[ 5571609ms] [LOG] [API] GET /notifications/unread-count - 200 (157ms) @ http://localhost:3000/_next/static/chunks/_39d7dd9e._.js:2245
[ 5601766ms] [LOG] [API] GET /notifications/unread-count - 200 (142ms) @ http://localhost:3000/_next/static/chunks/_39d7dd9e._.js:2245
[ 5631941ms] [LOG] [API] GET /notifications/unread-count - 200 (158ms) @ http://localhost:3000/_next/static/chunks/_39d7dd9e._.js:2245
[ 5662101ms] [LOG] [API] GET /notifications/unread-count - 200 (152ms) @ http://localhost:3000/_next/static/chunks/_39d7dd9e._.js:2245
[ 5692244ms] [LOG] [API] GET /notifications/unread-count - 200 (141ms) @ http://localhost:3000/_next/static/chunks/_39d7dd9e._.js:2245
[ 5722399ms] [LOG] [API] GET /notifications/unread-count - 200 (139ms) @ http://localhost:3000/_next/static/chunks/_39d7dd9e._.js:2245
[ 5752557ms] [LOG] [API] GET /notifications/unread-count - 200 (143ms) @ http://localhost:3000/_next/static/chunks/_39d7dd9e._.js:2245
[ 5782571ms] [ERROR] Failed to load resource: the server responded with a status of 401 (Unauthorized) @ http://localhost:3000/api/v2/notifications/unread-count:0
[ 5783003ms] [LOG] [API] GET /notifications/unread-count - 200 (139ms) @ http://localhost:3000/_next/static/chunks/_39d7dd9e._.js:2245
[ 5813157ms] [LOG] [API] GET /notifications/unread-count - 200 (139ms) @ http://localhost:3000/_next/static/chunks/_39d7dd9e._.js:2245
[ 5843305ms] [LOG] [API] GET /notifications/unread-count - 200 (139ms) @ http://localhost:3000/_next/static/chunks/_39d7dd9e._.js:2245
[ 5873536ms] [LOG] [API] GET /notifications/unread-count - 200 (227ms) @ http://localhost:3000/_next/static/chunks/_39d7dd9e._.js:2245
[ 5885262ms] [LOG] [Fast Refresh] rebuilding @ http://localhost:3000/_next/static/chunks/node_modules_next_dist_client_cf1d9188._.js:5956
[ 5885317ms] [LOG] [Fast Refresh] done in 160ms @ http://localhost:3000/_next/static/chunks/node_modules_next_dist_client_cf1d9188._.js:5816
[ 5903683ms] [LOG] [API] GET /notifications/unread-count - 200 (138ms) @ http://localhost:3000/_next/static/chunks/_39d7dd9e._.js:2245
[ 5933867ms] [LOG] [API] GET /notifications/unread-count - 200 (170ms) @ http://localhost:3000/_next/static/chunks/_39d7dd9e._.js:2245
[ 5964021ms] [LOG] [API] GET /notifications/unread-count - 200 (139ms) @ http://localhost:3000/_next/static/chunks/_39d7dd9e._.js:2245
[ 5994172ms] [LOG] [API] GET /notifications/unread-count - 200 (139ms) @ http://localhost:3000/_next/static/chunks/_39d7dd9e._.js:2245
[ 6024341ms] [LOG] [API] GET /notifications/unread-count - 200 (159ms) @ http://localhost:3000/_next/static/chunks/_39d7dd9e._.js:2245
[ 6034415ms] [LOG] [Fast Refresh] rebuilding @ http://localhost:3000/_next/static/chunks/node_modules_next_dist_client_cf1d9188._.js:5956
[ 6034442ms] [LOG] [Fast Refresh] done in 85ms @ http://localhost:3000/_next/static/chunks/node_modules_next_dist_client_cf1d9188._.js:5816
[ 6054479ms] [LOG] [API] GET /notifications/unread-count - 200 (136ms) @ http://localhost:3000/_next/static/chunks/_39d7dd9e._.js:2245
[ 6074460ms] [LOG] [Fast Refresh] rebuilding @ http://localhost:3000/_next/static/chunks/node_modules_next_dist_client_cf1d9188._.js:5956
[ 6074512ms] [LOG] [Fast Refresh] done in 154ms @ http://localhost:3000/_next/static/chunks/node_modules_next_dist_client_cf1d9188._.js:5816
[ 6084624ms] [LOG] [API] GET /notifications/unread-count - 200 (137ms) @ http://localhost:3000/_next/static/chunks/_39d7dd9e._.js:2245
[ 6089658ms] [LOG] [Fast Refresh] rebuilding @ http://localhost:3000/_next/static/chunks/node_modules_next_dist_client_cf1d9188._.js:5956
[ 6090318ms] [LOG] [Fast Refresh] done in 767ms @ http://localhost:3000/_next/static/chunks/node_modules_next_dist_client_cf1d9188._.js:5816
[ 6090425ms] [LOG] [Fast Refresh] rebuilding @ http://localhost:3000/_next/static/chunks/node_modules_next_dist_client_cf1d9188._.js:5956
[ 6090476ms] [LOG] [Fast Refresh] done in 158ms @ http://localhost:3000/_next/static/chunks/node_modules_next_dist_client_cf1d9188._.js:5816
[ 6090875ms] [LOG] [Fast Refresh] rebuilding @ http://localhost:3000/_next/static/chunks/node_modules_next_dist_client_cf1d9188._.js:5956
[ 6091017ms] [LOG] [Fast Refresh] done in 249ms @ http://localhost:3000/_next/static/chunks/node_modules_next_dist_client_cf1d9188._.js:5816
[ 6115320ms] [LOG] [API] GET /notifications/unread-count - 200 (688ms) @ http://localhost:3000/_next/static/chunks/_39d7dd9e._.js:2245
[ 6145472ms] [LOG] [API] GET /notifications/unread-count - 200 (139ms) @ http://localhost:3000/_next/static/chunks/_39d7dd9e._.js:2245
