[     121ms] [LOG] [Fast Refresh] rebuilding @ http://localhost:3000/_next/static/chunks/node_modules_next_dist_client_cf1d9188._.js:5956
[     154ms] [LOG] [Fast Refresh] done in 137ms @ http://localhost:3000/_next/static/chunks/node_modules_next_dist_client_cf1d9188._.js:5816
[     815ms] [INFO] %cDownload the React DevTools for a better development experience: https://react.dev/link/react-devtools font-weight:bold @ http://localhost:3000/_next/static/chunks/node_modules_next_dist_compiled_react-dom_1e674e59._.js:14537
[     846ms] [LOG] %c%s%c [API] GET /events/stats/6a1c81424ffb8ccc76b39b51 - 200 (466ms) background: #e6e6e6;background: light-dark(rgba(0,0,0,0.1), rgba(255,255,255,0.25));color: #000000;color: light-dark(#000000, #ffffff);border-radius: 2px  Server   @ about://React/Server/D:%5Challa%5Clabbe%5C.next%5Cserver%5Cchunks%5Cssr%5C%5Broot-of-the-server%5D__cfa0c306._.js?7:1014
[     913ms] [INFO] 🌐 i18next is made possible by our own product, Locize — consider powering your project with managed localization (AI, CDN, integrations): https://locize.com 💙 @ http://localhost:3000/_next/static/chunks/node_modules_5dfc3838._.js:3250
[    1156ms] [ERROR] Failed to load resource: the server responded with a status of 500 (Internal Server Error) @ http://localhost:3000/favicon.ico:0
[    2303ms] [LOG] [API] GET /notifications/unread-count - 200 (1226ms) @ http://localhost:3000/_next/static/chunks/_d74edac0._.js:2258
[    2676ms] [LOG] [API] GET /events/6a1c81424ffb8ccc76b39b51 - 200 (1600ms) @ http://localhost:3000/_next/static/chunks/_d74edac0._.js:2258
[    2683ms] [LOG] [API] GET /guests/events/6a1c81424ffb8ccc76b39b51 - 200 (1607ms) @ http://localhost:3000/_next/static/chunks/_d74edac0._.js:2258
[    2740ms] [LOG] [API] GET /events/6a1c81424ffb8ccc76b39b51/scheduled-reminders - 200 (1663ms) @ http://localhost:3000/_next/static/chunks/_d74edac0._.js:2258
[    5753ms] [WARNING] The resource http://localhost:3000/_next/static/chunks/%5Broot-of-the-server%5D__ad960bb7._.css was preloaded using link preload but not used within a few seconds from the window's load event. Please make sure it has an appropriate `as` value and it is preloaded intentionally. @ http://localhost:3000/en/admin-dash/events/6a1c81424ffb8ccc76b39b51:0
[   21714ms] [WARNING] The resource http://localhost:3000/_next/static/chunks/%5Broot-of-the-server%5D__ad960bb7._.css was preloaded using link preload but not used within a few seconds from the window's load event. Please make sure it has an appropriate `as` value and it is preloaded intentionally. @ http://localhost:3000/en/admin-dash/events/6a1c81424ffb8ccc76b39b51:0
[   32753ms] [LOG] [API] GET /notifications/unread-count - 200 (436ms) @ http://localhost:3000/_next/static/chunks/_d74edac0._.js:2258
[   35767ms] [WARNING] The resource http://localhost:3000/_next/static/chunks/%5Broot-of-the-server%5D__ad960bb7._.css was preloaded using link preload but not used within a few seconds from the window's load event. Please make sure it has an appropriate `as` value and it is preloaded intentionally. @ http://localhost:3000/en/admin-dash/events/6a1c81424ffb8ccc76b39b51:0
[   62980ms] [LOG] [API] GET /notifications/unread-count - 200 (216ms) @ http://localhost:3000/_next/static/chunks/_d74edac0._.js:2258
[   65990ms] [WARNING] The resource http://localhost:3000/_next/static/chunks/%5Broot-of-the-server%5D__ad960bb7._.css was preloaded using link preload but not used within a few seconds from the window's load event. Please make sure it has an appropriate `as` value and it is preloaded intentionally. @ http://localhost:3000/en/admin-dash/events/6a1c81424ffb8ccc76b39b51:0
[   93251ms] [LOG] [API] GET /notifications/unread-count - 200 (256ms) @ http://localhost:3000/_next/static/chunks/_d74edac0._.js:2258
[   96265ms] [WARNING] The resource http://localhost:3000/_next/static/chunks/%5Broot-of-the-server%5D__ad960bb7._.css was preloaded using link preload but not used within a few seconds from the window's load event. Please make sure it has an appropriate `as` value and it is preloaded intentionally. @ http://localhost:3000/en/admin-dash/events/6a1c81424ffb8ccc76b39b51:0
[  123469ms] [LOG] [API] GET /notifications/unread-count - 200 (205ms) @ http://localhost:3000/_next/static/chunks/_d74edac0._.js:2258
[  126474ms] [WARNING] The resource http://localhost:3000/_next/static/chunks/%5Broot-of-the-server%5D__ad960bb7._.css was preloaded using link preload but not used within a few seconds from the window's load event. Please make sure it has an appropriate `as` value and it is preloaded intentionally. @ http://localhost:3000/en/admin-dash/events/6a1c81424ffb8ccc76b39b51:0
[  153691ms] [LOG] [API] GET /notifications/unread-count - 200 (211ms) @ http://localhost:3000/_next/static/chunks/_d74edac0._.js:2258
[  156706ms] [WARNING] The resource http://localhost:3000/_next/static/chunks/%5Broot-of-the-server%5D__ad960bb7._.css was preloaded using link preload but not used within a few seconds from the window's load event. Please make sure it has an appropriate `as` value and it is preloaded intentionally. @ http://localhost:3000/en/admin-dash/events/6a1c81424ffb8ccc76b39b51:0
[  183897ms] [LOG] [API] GET /notifications/unread-count - 200 (201ms) @ http://localhost:3000/_next/static/chunks/_d74edac0._.js:2258
[  186913ms] [WARNING] The resource http://localhost:3000/_next/static/chunks/%5Broot-of-the-server%5D__ad960bb7._.css was preloaded using link preload but not used within a few seconds from the window's load event. Please make sure it has an appropriate `as` value and it is preloaded intentionally. @ http://localhost:3000/en/admin-dash/events/6a1c81424ffb8ccc76b39b51:0
[  214142ms] [LOG] [API] GET /notifications/unread-count - 200 (243ms) @ http://localhost:3000/_next/static/chunks/_d74edac0._.js:2258
[  217152ms] [WARNING] The resource http://localhost:3000/_next/static/chunks/%5Broot-of-the-server%5D__ad960bb7._.css was preloaded using link preload but not used within a few seconds from the window's load event. Please make sure it has an appropriate `as` value and it is preloaded intentionally. @ http://localhost:3000/en/admin-dash/events/6a1c81424ffb8ccc76b39b51:0
[  244391ms] [LOG] [API] GET /notifications/unread-count - 200 (247ms) @ http://localhost:3000/_next/static/chunks/_d74edac0._.js:2258
[  247406ms] [WARNING] The resource http://localhost:3000/_next/static/chunks/%5Broot-of-the-server%5D__ad960bb7._.css was preloaded using link preload but not used within a few seconds from the window's load event. Please make sure it has an appropriate `as` value and it is preloaded intentionally. @ http://localhost:3000/en/admin-dash/events/6a1c81424ffb8ccc76b39b51:0
[  274595ms] [LOG] [API] GET /notifications/unread-count - 200 (202ms) @ http://localhost:3000/_next/static/chunks/_d74edac0._.js:2258
[  277604ms] [WARNING] The resource http://localhost:3000/_next/static/chunks/%5Broot-of-the-server%5D__ad960bb7._.css was preloaded using link preload but not used within a few seconds from the window's load event. Please make sure it has an appropriate `as` value and it is preloaded intentionally. @ http://localhost:3000/en/admin-dash/events/6a1c81424ffb8ccc76b39b51:0
[  305400ms] [LOG] [API] GET /notifications/unread-count - 200 (802ms) @ http://localhost:3000/_next/static/chunks/_d74edac0._.js:2258
[  308411ms] [WARNING] The resource http://localhost:3000/_next/static/chunks/%5Broot-of-the-server%5D__ad960bb7._.css was preloaded using link preload but not used within a few seconds from the window's load event. Please make sure it has an appropriate `as` value and it is preloaded intentionally. @ http://localhost:3000/en/admin-dash/events/6a1c81424ffb8ccc76b39b51:0
[  335631ms] [LOG] [API] GET /notifications/unread-count - 200 (215ms) @ http://localhost:3000/_next/static/chunks/_d74edac0._.js:2258
[  338647ms] [WARNING] The resource http://localhost:3000/_next/static/chunks/%5Broot-of-the-server%5D__ad960bb7._.css was preloaded using link preload but not used within a few seconds from the window's load event. Please make sure it has an appropriate `as` value and it is preloaded intentionally. @ http://localhost:3000/en/admin-dash/events/6a1c81424ffb8ccc76b39b51:0
[  365854ms] [LOG] [API] GET /notifications/unread-count - 200 (207ms) @ http://localhost:3000/_next/static/chunks/_d74edac0._.js:2258
[  368864ms] [WARNING] The resource http://localhost:3000/_next/static/chunks/%5Broot-of-the-server%5D__ad960bb7._.css was preloaded using link preload but not used within a few seconds from the window's load event. Please make sure it has an appropriate `as` value and it is preloaded intentionally. @ http://localhost:3000/en/admin-dash/events/6a1c81424ffb8ccc76b39b51:0
[  396063ms] [LOG] [API] GET /notifications/unread-count - 200 (204ms) @ http://localhost:3000/_next/static/chunks/_d74edac0._.js:2258
[  399063ms] [WARNING] The resource http://localhost:3000/_next/static/chunks/%5Broot-of-the-server%5D__ad960bb7._.css was preloaded using link preload but not used within a few seconds from the window's load event. Please make sure it has an appropriate `as` value and it is preloaded intentionally. @ http://localhost:3000/en/admin-dash/events/6a1c81424ffb8ccc76b39b51:0
[  426278ms] [LOG] [API] GET /notifications/unread-count - 200 (202ms) @ http://localhost:3000/_next/static/chunks/_d74edac0._.js:2258
[  429282ms] [WARNING] The resource http://localhost:3000/_next/static/chunks/%5Broot-of-the-server%5D__ad960bb7._.css was preloaded using link preload but not used within a few seconds from the window's load event. Please make sure it has an appropriate `as` value and it is preloaded intentionally. @ http://localhost:3000/en/admin-dash/events/6a1c81424ffb8ccc76b39b51:0
[  456487ms] [LOG] [API] GET /notifications/unread-count - 200 (207ms) @ http://localhost:3000/_next/static/chunks/_d74edac0._.js:2258
[  459503ms] [WARNING] The resource http://localhost:3000/_next/static/chunks/%5Broot-of-the-server%5D__ad960bb7._.css was preloaded using link preload but not used within a few seconds from the window's load event. Please make sure it has an appropriate `as` value and it is preloaded intentionally. @ http://localhost:3000/en/admin-dash/events/6a1c81424ffb8ccc76b39b51:0
[  486706ms] [LOG] [API] GET /notifications/unread-count - 200 (216ms) @ http://localhost:3000/_next/static/chunks/_d74edac0._.js:2258
[  489714ms] [WARNING] The resource http://localhost:3000/_next/static/chunks/%5Broot-of-the-server%5D__ad960bb7._.css was preloaded using link preload but not used within a few seconds from the window's load event. Please make sure it has an appropriate `as` value and it is preloaded intentionally. @ http://localhost:3000/en/admin-dash/events/6a1c81424ffb8ccc76b39b51:0
[  516926ms] [LOG] [API] GET /notifications/unread-count - 200 (214ms) @ http://localhost:3000/_next/static/chunks/_d74edac0._.js:2258
[  519936ms] [WARNING] The resource http://localhost:3000/_next/static/chunks/%5Broot-of-the-server%5D__ad960bb7._.css was preloaded using link preload but not used within a few seconds from the window's load event. Please make sure it has an appropriate `as` value and it is preloaded intentionally. @ http://localhost:3000/en/admin-dash/events/6a1c81424ffb8ccc76b39b51:0
[  547239ms] [LOG] [API] GET /notifications/unread-count - 200 (299ms) @ http://localhost:3000/_next/static/chunks/_d74edac0._.js:2258
[  550253ms] [WARNING] The resource http://localhost:3000/_next/static/chunks/%5Broot-of-the-server%5D__ad960bb7._.css was preloaded using link preload but not used within a few seconds from the window's load event. Please make sure it has an appropriate `as` value and it is preloaded intentionally. @ http://localhost:3000/en/admin-dash/events/6a1c81424ffb8ccc76b39b51:0
[  577444ms] [LOG] [API] GET /notifications/unread-count - 200 (201ms) @ http://localhost:3000/_next/static/chunks/_d74edac0._.js:2258
[  580450ms] [WARNING] The resource http://localhost:3000/_next/static/chunks/%5Broot-of-the-server%5D__ad960bb7._.css was preloaded using link preload but not used within a few seconds from the window's load event. Please make sure it has an appropriate `as` value and it is preloaded intentionally. @ http://localhost:3000/en/admin-dash/events/6a1c81424ffb8ccc76b39b51:0
[  607662ms] [LOG] [API] GET /notifications/unread-count - 200 (205ms) @ http://localhost:3000/_next/static/chunks/_d74edac0._.js:2258
[  610674ms] [WARNING] The resource http://localhost:3000/_next/static/chunks/%5Broot-of-the-server%5D__ad960bb7._.css was preloaded using link preload but not used within a few seconds from the window's load event. Please make sure it has an appropriate `as` value and it is preloaded intentionally. @ http://localhost:3000/en/admin-dash/events/6a1c81424ffb8ccc76b39b51:0
[  637998ms] [LOG] [API] GET /notifications/unread-count - 200 (320ms) @ http://localhost:3000/_next/static/chunks/_d74edac0._.js:2258
[  641005ms] [WARNING] The resource http://localhost:3000/_next/static/chunks/%5Broot-of-the-server%5D__ad960bb7._.css was preloaded using link preload but not used within a few seconds from the window's load event. Please make sure it has an appropriate `as` value and it is preloaded intentionally. @ http://localhost:3000/en/admin-dash/events/6a1c81424ffb8ccc76b39b51:0
[  668221ms] [LOG] [API] GET /notifications/unread-count - 200 (208ms) @ http://localhost:3000/_next/static/chunks/_d74edac0._.js:2258
[  671231ms] [WARNING] The resource http://localhost:3000/_next/static/chunks/%5Broot-of-the-server%5D__ad960bb7._.css was preloaded using link preload but not used within a few seconds from the window's load event. Please make sure it has an appropriate `as` value and it is preloaded intentionally. @ http://localhost:3000/en/admin-dash/events/6a1c81424ffb8ccc76b39b51:0
[  698830ms] [LOG] [API] GET /notifications/unread-count - 200 (607ms) @ http://localhost:3000/_next/static/chunks/_d74edac0._.js:2258
[  701844ms] [WARNING] The resource http://localhost:3000/_next/static/chunks/%5Broot-of-the-server%5D__ad960bb7._.css was preloaded using link preload but not used within a few seconds from the window's load event. Please make sure it has an appropriate `as` value and it is preloaded intentionally. @ http://localhost:3000/en/admin-dash/events/6a1c81424ffb8ccc76b39b51:0
[  729181ms] [LOG] [API] GET /notifications/unread-count - 200 (347ms) @ http://localhost:3000/_next/static/chunks/_d74edac0._.js:2258
[  732187ms] [WARNING] The resource http://localhost:3000/_next/static/chunks/%5Broot-of-the-server%5D__ad960bb7._.css was preloaded using link preload but not used within a few seconds from the window's load event. Please make sure it has an appropriate `as` value and it is preloaded intentionally. @ http://localhost:3000/en/admin-dash/events/6a1c81424ffb8ccc76b39b51:0
[  759536ms] [LOG] [API] GET /notifications/unread-count - 200 (348ms) @ http://localhost:3000/_next/static/chunks/_d74edac0._.js:2258
[  762542ms] [WARNING] The resource http://localhost:3000/_next/static/chunks/%5Broot-of-the-server%5D__ad960bb7._.css was preloaded using link preload but not used within a few seconds from the window's load event. Please make sure it has an appropriate `as` value and it is preloaded intentionally. @ http://localhost:3000/en/admin-dash/events/6a1c81424ffb8ccc76b39b51:0
[  789555ms] [ERROR] Failed to load resource: the server responded with a status of 401 (Unauthorized) @ http://localhost:3000/api/v2/notifications/unread-count:0
[  792834ms] [LOG] [API] GET /notifications/unread-count - 200 (312ms) @ http://localhost:3000/_next/static/chunks/_d74edac0._.js:2258
[  795850ms] [WARNING] The resource http://localhost:3000/_next/static/chunks/%5Broot-of-the-server%5D__ad960bb7._.css was preloaded using link preload but not used within a few seconds from the window's load event. Please make sure it has an appropriate `as` value and it is preloaded intentionally. @ http://localhost:3000/en/admin-dash/events/6a1c81424ffb8ccc76b39b51:0
[  824005ms] [LOG] [API] GET /notifications/unread-count - 200 (1156ms) @ http://localhost:3000/_next/static/chunks/_d74edac0._.js:2258
[  827017ms] [WARNING] The resource http://localhost:3000/_next/static/chunks/%5Broot-of-the-server%5D__ad960bb7._.css was preloaded using link preload but not used within a few seconds from the window's load event. Please make sure it has an appropriate `as` value and it is preloaded intentionally. @ http://localhost:3000/en/admin-dash/events/6a1c81424ffb8ccc76b39b51:0
[  854241ms] [LOG] [API] GET /notifications/unread-count - 200 (231ms) @ http://localhost:3000/_next/static/chunks/_d74edac0._.js:2258
[  857249ms] [WARNING] The resource http://localhost:3000/_next/static/chunks/%5Broot-of-the-server%5D__ad960bb7._.css was preloaded using link preload but not used within a few seconds from the window's load event. Please make sure it has an appropriate `as` value and it is preloaded intentionally. @ http://localhost:3000/en/admin-dash/events/6a1c81424ffb8ccc76b39b51:0
[  886490ms] [LOG] [API] GET /notifications/unread-count - 200 (2234ms) @ http://localhost:3000/_next/static/chunks/_d74edac0._.js:2258
[  889494ms] [WARNING] The resource http://localhost:3000/_next/static/chunks/%5Broot-of-the-server%5D__ad960bb7._.css was preloaded using link preload but not used within a few seconds from the window's load event. Please make sure it has an appropriate `as` value and it is preloaded intentionally. @ http://localhost:3000/en/admin-dash/events/6a1c81424ffb8ccc76b39b51:0
[  916835ms] [LOG] [API] GET /notifications/unread-count - 200 (334ms) @ http://localhost:3000/_next/static/chunks/_d74edac0._.js:2258
[  919840ms] [WARNING] The resource http://localhost:3000/_next/static/chunks/%5Broot-of-the-server%5D__ad960bb7._.css was preloaded using link preload but not used within a few seconds from the window's load event. Please make sure it has an appropriate `as` value and it is preloaded intentionally. @ http://localhost:3000/en/admin-dash/events/6a1c81424ffb8ccc76b39b51:0
[  947168ms] [LOG] [API] GET /notifications/unread-count - 200 (318ms) @ http://localhost:3000/_next/static/chunks/_d74edac0._.js:2258
[  950175ms] [WARNING] The resource http://localhost:3000/_next/static/chunks/%5Broot-of-the-server%5D__ad960bb7._.css was preloaded using link preload but not used within a few seconds from the window's load event. Please make sure it has an appropriate `as` value and it is preloaded intentionally. @ http://localhost:3000/en/admin-dash/events/6a1c81424ffb8ccc76b39b51:0
[  977424ms] [LOG] [API] GET /notifications/unread-count - 200 (246ms) @ http://localhost:3000/_next/static/chunks/_d74edac0._.js:2258
[  980434ms] [WARNING] The resource http://localhost:3000/_next/static/chunks/%5Broot-of-the-server%5D__ad960bb7._.css was preloaded using link preload but not used within a few seconds from the window's load event. Please make sure it has an appropriate `as` value and it is preloaded intentionally. @ http://localhost:3000/en/admin-dash/events/6a1c81424ffb8ccc76b39b51:0
[ 1007850ms] [LOG] [API] GET /notifications/unread-count - 200 (422ms) @ http://localhost:3000/_next/static/chunks/_d74edac0._.js:2258
[ 1010866ms] [WARNING] The resource http://localhost:3000/_next/static/chunks/%5Broot-of-the-server%5D__ad960bb7._.css was preloaded using link preload but not used within a few seconds from the window's load event. Please make sure it has an appropriate `as` value and it is preloaded intentionally. @ http://localhost:3000/en/admin-dash/events/6a1c81424ffb8ccc76b39b51:0
[ 1039714ms] [LOG] [API] GET /notifications/unread-count - 200 (1855ms) @ http://localhost:3000/_next/static/chunks/_d74edac0._.js:2258
[ 1042717ms] [WARNING] The resource http://localhost:3000/_next/static/chunks/%5Broot-of-the-server%5D__ad960bb7._.css was preloaded using link preload but not used within a few seconds from the window's load event. Please make sure it has an appropriate `as` value and it is preloaded intentionally. @ http://localhost:3000/en/admin-dash/events/6a1c81424ffb8ccc76b39b51:0
[ 1072124ms] [LOG] [API] GET /notifications/unread-count - 200 (2405ms) @ http://localhost:3000/_next/static/chunks/_d74edac0._.js:2258
[ 1075138ms] [WARNING] The resource http://localhost:3000/_next/static/chunks/%5Broot-of-the-server%5D__ad960bb7._.css was preloaded using link preload but not used within a few seconds from the window's load event. Please make sure it has an appropriate `as` value and it is preloaded intentionally. @ http://localhost:3000/en/admin-dash/events/6a1c81424ffb8ccc76b39b51:0
[ 1104026ms] [LOG] [API] GET /notifications/unread-count - 200 (1894ms) @ http://localhost:3000/_next/static/chunks/_d74edac0._.js:2258
[ 1107032ms] [WARNING] The resource http://localhost:3000/_next/static/chunks/%5Broot-of-the-server%5D__ad960bb7._.css was preloaded using link preload but not used within a few seconds from the window's load event. Please make sure it has an appropriate `as` value and it is preloaded intentionally. @ http://localhost:3000/en/admin-dash/events/6a1c81424ffb8ccc76b39b51:0
[ 1134394ms] [LOG] [API] GET /notifications/unread-count - 200 (364ms) @ http://localhost:3000/_next/static/chunks/_d74edac0._.js:2258
[ 1137396ms] [WARNING] The resource http://localhost:3000/_next/static/chunks/%5Broot-of-the-server%5D__ad960bb7._.css was preloaded using link preload but not used within a few seconds from the window's load event. Please make sure it has an appropriate `as` value and it is preloaded intentionally. @ http://localhost:3000/en/admin-dash/events/6a1c81424ffb8ccc76b39b51:0
[ 1166228ms] [LOG] [API] GET /notifications/unread-count - 200 (1830ms) @ http://localhost:3000/_next/static/chunks/_d74edac0._.js:2258
[ 5300911ms] [WARNING] The resource http://localhost:3000/_next/static/chunks/%5Broot-of-the-server%5D__ad960bb7._.css was preloaded using link preload but not used within a few seconds from the window's load event. Please make sure it has an appropriate `as` value and it is preloaded intentionally. @ http://localhost:3000/en/admin-dash/events/6a1c81424ffb8ccc76b39b51:0
[ 5302340ms] [ERROR] Failed to load resource: the server responded with a status of 401 (Unauthorized) @ http://localhost:3000/api/v2/notifications/unread-count:0
[ 5303373ms] [ERROR] Failed to load resource: the server responded with a status of 401 (Unauthorized) @ http://localhost:3000/api/v2/events/6a1c81424ffb8ccc76b39b51:0
[ 5303377ms] [ERROR] Failed to load resource: the server responded with a status of 401 (Unauthorized) @ http://localhost:3000/api/v2/events/6a1c81424ffb8ccc76b39b51/scheduled-reminders:0
[ 5303378ms] [ERROR] Failed to load resource: the server responded with a status of 401 (Unauthorized) @ http://localhost:3000/api/v2/events/stats/6a1c81424ffb8ccc76b39b51:0
[ 5303379ms] [ERROR] Failed to load resource: the server responded with a status of 401 (Unauthorized) @ http://localhost:3000/api/v2/guests/events/6a1c81424ffb8ccc76b39b51:0
[ 5306381ms] [WARNING] The resource http://localhost:3000/_next/static/chunks/%5Broot-of-the-server%5D__ad960bb7._.css was preloaded using link preload but not used within a few seconds from the window's load event. Please make sure it has an appropriate `as` value and it is preloaded intentionally. @ http://localhost:3000/en/admin-dash/events/6a1c81424ffb8ccc76b39b51:0
[ 5310441ms] [WARNING] The resource http://localhost:3000/_next/static/chunks/%5Broot-of-the-server%5D__ad960bb7._.css was preloaded using link preload but not used within a few seconds from the window's load event. Please make sure it has an appropriate `as` value and it is preloaded intentionally. @ http://localhost:3000/en/admin-dash/events/6a1c81424ffb8ccc76b39b51:0
[ 5310476ms] [ERROR] Failed to load resource: the server responded with a status of 404 (Not Found) @ http://localhost:3000/api/v2/guests/events/6a1c81424ffb8ccc76b39b51:0
[ 5310478ms] [ERROR] [API Error] GET /guests/events/6a1c81424ffb8ccc76b39b51 - 404 (3050ms): Event not found @ http://localhost:3000/_next/static/chunks/node_modules_next_dist_b0daae9a._.js:2405
[ 5310598ms] [ERROR] Failed to load resource: the server responded with a status of 404 (Not Found) @ http://localhost:3000/api/v2/events/stats/6a1c81424ffb8ccc76b39b51:0
[ 5310599ms] [ERROR] [API Error] GET /events/stats/6a1c81424ffb8ccc76b39b51 - 404 (3172ms): Event not found @ http://localhost:3000/_next/static/chunks/node_modules_next_dist_b0daae9a._.js:2405
[ 5310609ms] [ERROR] Failed to load resource: the server responded with a status of 404 (Not Found) @ http://localhost:3000/api/v2/events/6a1c81424ffb8ccc76b39b51/scheduled-reminders:0
[ 5310609ms] [ERROR] [API Error] GET /events/6a1c81424ffb8ccc76b39b51/scheduled-reminders - 404 (3183ms): Event not found @ http://localhost:3000/_next/static/chunks/node_modules_next_dist_b0daae9a._.js:2405
[ 5310717ms] [LOG] [API] GET /notifications/unread-count - 200 (3291ms) @ http://localhost:3000/_next/static/chunks/_d74edac0._.js:2258
[ 5310794ms] [ERROR] Failed to load resource: the server responded with a status of 404 (Not Found) @ http://localhost:3000/api/v2/events/6a1c81424ffb8ccc76b39b51:0
[ 5310795ms] [ERROR] [API Error] GET /events/6a1c81424ffb8ccc76b39b51 - 404 (3368ms): Event not found @ http://localhost:3000/_next/static/chunks/node_modules_next_dist_b0daae9a._.js:2405
[ 5311854ms] [ERROR] Failed to load resource: the server responded with a status of 404 (Not Found) @ http://localhost:3000/api/v2/guests/events/6a1c81424ffb8ccc76b39b51:0
[ 5311855ms] [ERROR] [API Error] GET /guests/events/6a1c81424ffb8ccc76b39b51 - 404 (367ms): Event not found @ http://localhost:3000/_next/static/chunks/node_modules_next_dist_b0daae9a._.js:2405
[ 5311871ms] [ERROR] Failed to load resource: the server responded with a status of 404 (Not Found) @ http://localhost:3000/api/v2/events/stats/6a1c81424ffb8ccc76b39b51:0
[ 5311872ms] [ERROR] [API Error] GET /events/stats/6a1c81424ffb8ccc76b39b51 - 404 (254ms): Event not found @ http://localhost:3000/_next/static/chunks/node_modules_next_dist_b0daae9a._.js:2405
[ 5311876ms] [ERROR] Failed to load resource: the server responded with a status of 404 (Not Found) @ http://localhost:3000/api/v2/events/6a1c81424ffb8ccc76b39b51/scheduled-reminders:0
[ 5311877ms] [ERROR] [API Error] GET /events/6a1c81424ffb8ccc76b39b51/scheduled-reminders - 404 (258ms): Event not found @ http://localhost:3000/_next/static/chunks/node_modules_next_dist_b0daae9a._.js:2405
[ 5312020ms] [ERROR] Failed to load resource: the server responded with a status of 404 (Not Found) @ http://localhost:3000/api/v2/events/6a1c81424ffb8ccc76b39b51:0
[ 5312021ms] [ERROR] [API Error] GET /events/6a1c81424ffb8ccc76b39b51 - 404 (215ms): Event not found @ http://localhost:3000/_next/static/chunks/node_modules_next_dist_b0daae9a._.js:2405
[ 5314135ms] [ERROR] Failed to load resource: the server responded with a status of 404 (Not Found) @ http://localhost:3000/api/v2/events/stats/6a1c81424ffb8ccc76b39b51:0
[ 5314135ms] [ERROR] [API Error] GET /events/stats/6a1c81424ffb8ccc76b39b51 - 404 (263ms): Event not found @ http://localhost:3000/_next/static/chunks/node_modules_next_dist_b0daae9a._.js:2405
[ 5314136ms] [ERROR] Failed to load resource: the server responded with a status of 404 (Not Found) @ http://localhost:3000/api/v2/guests/events/6a1c81424ffb8ccc76b39b51:0
[ 5314136ms] [ERROR] [API Error] GET /guests/events/6a1c81424ffb8ccc76b39b51 - 404 (279ms): Event not found @ http://localhost:3000/_next/static/chunks/node_modules_next_dist_b0daae9a._.js:2405
[ 5314185ms] [ERROR] Failed to load resource: the server responded with a status of 404 (Not Found) @ http://localhost:3000/api/v2/events/6a1c81424ffb8ccc76b39b51/scheduled-reminders:0
[ 5314193ms] [ERROR] [API Error] GET /events/6a1c81424ffb8ccc76b39b51/scheduled-reminders - 404 (304ms): Event not found @ http://localhost:3000/_next/static/chunks/node_modules_next_dist_b0daae9a._.js:2405
[ 5314631ms] [ERROR] Failed to load resource: the server responded with a status of 404 (Not Found) @ http://localhost:3000/api/v2/events/6a1c81424ffb8ccc76b39b51:0
[ 5314631ms] [ERROR] [API Error] GET /events/6a1c81424ffb8ccc76b39b51 - 404 (597ms): Event not found @ http://localhost:3000/_next/static/chunks/node_modules_next_dist_b0daae9a._.js:2405
[ 5317639ms] [WARNING] The resource http://localhost:3000/_next/static/chunks/%5Broot-of-the-server%5D__ad960bb7._.css was preloaded using link preload but not used within a few seconds from the window's load event. Please make sure it has an appropriate `as` value and it is preloaded intentionally. @ http://localhost:3000/en/admin-dash/events/6a1c81424ffb8ccc76b39b51:0
[ 5318348ms] [ERROR] Failed to load resource: the server responded with a status of 404 (Not Found) @ http://localhost:3000/api/v2/events/stats/6a1c81424ffb8ccc76b39b51:0
[ 5318349ms] [ERROR] [API Error] GET /events/stats/6a1c81424ffb8ccc76b39b51 - 404 (210ms): Event not found @ http://localhost:3000/_next/static/chunks/node_modules_next_dist_b0daae9a._.js:2405
[ 5318356ms] [ERROR] Failed to load resource: the server responded with a status of 404 (Not Found) @ http://localhost:3000/api/v2/guests/events/6a1c81424ffb8ccc76b39b51:0
[ 5318357ms] [ERROR] [API Error] GET /guests/events/6a1c81424ffb8ccc76b39b51 - 404 (218ms): Event not found @ http://localhost:3000/_next/static/chunks/node_modules_next_dist_b0daae9a._.js:2405
[ 5318428ms] [ERROR] Failed to load resource: the server responded with a status of 404 (Not Found) @ http://localhost:3000/api/v2/events/6a1c81424ffb8ccc76b39b51/scheduled-reminders:0
[ 5318428ms] [ERROR] [API Error] GET /events/6a1c81424ffb8ccc76b39b51/scheduled-reminders - 404 (219ms): Event not found @ http://localhost:3000/_next/static/chunks/node_modules_next_dist_b0daae9a._.js:2405
[ 5321439ms] [WARNING] The resource http://localhost:3000/_next/static/chunks/%5Broot-of-the-server%5D__ad960bb7._.css was preloaded using link preload but not used within a few seconds from the window's load event. Please make sure it has an appropriate `as` value and it is preloaded intentionally. @ http://localhost:3000/en/admin-dash/events/6a1c81424ffb8ccc76b39b51:0
[ 5340998ms] [LOG] [API] GET /notifications/unread-count - 200 (279ms) @ http://localhost:3000/_next/static/chunks/_d74edac0._.js:2258
[ 5344003ms] [WARNING] The resource http://localhost:3000/_next/static/chunks/%5Broot-of-the-server%5D__ad960bb7._.css was preloaded using link preload but not used within a few seconds from the window's load event. Please make sure it has an appropriate `as` value and it is preloaded intentionally. @ http://localhost:3000/en/admin-dash/events/6a1c81424ffb8ccc76b39b51:0
[ 5371274ms] [LOG] [API] GET /notifications/unread-count - 200 (272ms) @ http://localhost:3000/_next/static/chunks/_d74edac0._.js:2258
[ 5374279ms] [WARNING] The resource http://localhost:3000/_next/static/chunks/%5Broot-of-the-server%5D__ad960bb7._.css was preloaded using link preload but not used within a few seconds from the window's load event. Please make sure it has an appropriate `as` value and it is preloaded intentionally. @ http://localhost:3000/en/admin-dash/events/6a1c81424ffb8ccc76b39b51:0
[ 5401600ms] [LOG] [API] GET /notifications/unread-count - 200 (323ms) @ http://localhost:3000/_next/static/chunks/_d74edac0._.js:2258
[ 5404612ms] [WARNING] The resource http://localhost:3000/_next/static/chunks/%5Broot-of-the-server%5D__ad960bb7._.css was preloaded using link preload but not used within a few seconds from the window's load event. Please make sure it has an appropriate `as` value and it is preloaded intentionally. @ http://localhost:3000/en/admin-dash/events/6a1c81424ffb8ccc76b39b51:0
[ 5431815ms] [LOG] [API] GET /notifications/unread-count - 200 (207ms) @ http://localhost:3000/_next/static/chunks/_d74edac0._.js:2258
[ 5434822ms] [WARNING] The resource http://localhost:3000/_next/static/chunks/%5Broot-of-the-server%5D__ad960bb7._.css was preloaded using link preload but not used within a few seconds from the window's load event. Please make sure it has an appropriate `as` value and it is preloaded intentionally. @ http://localhost:3000/en/admin-dash/events/6a1c81424ffb8ccc76b39b51:0
[ 5462030ms] [LOG] [API] GET /notifications/unread-count - 200 (211ms) @ http://localhost:3000/_next/static/chunks/_d74edac0._.js:2258
[ 5465040ms] [WARNING] The resource http://localhost:3000/_next/static/chunks/%5Broot-of-the-server%5D__ad960bb7._.css was preloaded using link preload but not used within a few seconds from the window's load event. Please make sure it has an appropriate `as` value and it is preloaded intentionally. @ http://localhost:3000/en/admin-dash/events/6a1c81424ffb8ccc76b39b51:0
[ 5492242ms] [LOG] [API] GET /notifications/unread-count - 200 (208ms) @ http://localhost:3000/_next/static/chunks/_d74edac0._.js:2258
[ 5495254ms] [WARNING] The resource http://localhost:3000/_next/static/chunks/%5Broot-of-the-server%5D__ad960bb7._.css was preloaded using link preload but not used within a few seconds from the window's load event. Please make sure it has an appropriate `as` value and it is preloaded intentionally. @ http://localhost:3000/en/admin-dash/events/6a1c81424ffb8ccc76b39b51:0
[ 5522451ms] [LOG] [API] GET /notifications/unread-count - 200 (204ms) @ http://localhost:3000/_next/static/chunks/_d74edac0._.js:2258
[ 5525464ms] [WARNING] The resource http://localhost:3000/_next/static/chunks/%5Broot-of-the-server%5D__ad960bb7._.css was preloaded using link preload but not used within a few seconds from the window's load event. Please make sure it has an appropriate `as` value and it is preloaded intentionally. @ http://localhost:3000/en/admin-dash/events/6a1c81424ffb8ccc76b39b51:0
[ 5552668ms] [LOG] [API] GET /notifications/unread-count - 200 (202ms) @ http://localhost:3000/_next/static/chunks/_d74edac0._.js:2258
[ 5555679ms] [WARNING] The resource http://localhost:3000/_next/static/chunks/%5Broot-of-the-server%5D__ad960bb7._.css was preloaded using link preload but not used within a few seconds from the window's load event. Please make sure it has an appropriate `as` value and it is preloaded intentionally. @ http://localhost:3000/en/admin-dash/events/6a1c81424ffb8ccc76b39b51:0
[ 5582973ms] [LOG] [API] GET /notifications/unread-count - 200 (296ms) @ http://localhost:3000/_next/static/chunks/_d74edac0._.js:2258
[ 5585979ms] [WARNING] The resource http://localhost:3000/_next/static/chunks/%5Broot-of-the-server%5D__ad960bb7._.css was preloaded using link preload but not used within a few seconds from the window's load event. Please make sure it has an appropriate `as` value and it is preloaded intentionally. @ http://localhost:3000/en/admin-dash/events/6a1c81424ffb8ccc76b39b51:0
[ 5613274ms] [LOG] [API] GET /notifications/unread-count - 200 (296ms) @ http://localhost:3000/_next/static/chunks/_d74edac0._.js:2258
[ 5616290ms] [WARNING] The resource http://localhost:3000/_next/static/chunks/%5Broot-of-the-server%5D__ad960bb7._.css was preloaded using link preload but not used within a few seconds from the window's load event. Please make sure it has an appropriate `as` value and it is preloaded intentionally. @ http://localhost:3000/en/admin-dash/events/6a1c81424ffb8ccc76b39b51:0
[ 5643493ms] [LOG] [API] GET /notifications/unread-count - 200 (205ms) @ http://localhost:3000/_next/static/chunks/_d74edac0._.js:2258
[ 5646504ms] [WARNING] The resource http://localhost:3000/_next/static/chunks/%5Broot-of-the-server%5D__ad960bb7._.css was preloaded using link preload but not used within a few seconds from the window's load event. Please make sure it has an appropriate `as` value and it is preloaded intentionally. @ http://localhost:3000/en/admin-dash/events/6a1c81424ffb8ccc76b39b51:0
[ 5673722ms] [LOG] [API] GET /notifications/unread-count - 200 (222ms) @ http://localhost:3000/_next/static/chunks/_d74edac0._.js:2258
[ 5676733ms] [WARNING] The resource http://localhost:3000/_next/static/chunks/%5Broot-of-the-server%5D__ad960bb7._.css was preloaded using link preload but not used within a few seconds from the window's load event. Please make sure it has an appropriate `as` value and it is preloaded intentionally. @ http://localhost:3000/en/admin-dash/events/6a1c81424ffb8ccc76b39b51:0
[ 5703933ms] [LOG] [API] GET /notifications/unread-count - 200 (203ms) @ http://localhost:3000/_next/static/chunks/_d74edac0._.js:2258
[ 5706947ms] [WARNING] The resource http://localhost:3000/_next/static/chunks/%5Broot-of-the-server%5D__ad960bb7._.css was preloaded using link preload but not used within a few seconds from the window's load event. Please make sure it has an appropriate `as` value and it is preloaded intentionally. @ http://localhost:3000/en/admin-dash/events/6a1c81424ffb8ccc76b39b51:0
[ 5734153ms] [LOG] [API] GET /notifications/unread-count - 200 (205ms) @ http://localhost:3000/_next/static/chunks/_d74edac0._.js:2258
[ 5737160ms] [WARNING] The resource http://localhost:3000/_next/static/chunks/%5Broot-of-the-server%5D__ad960bb7._.css was preloaded using link preload but not used within a few seconds from the window's load event. Please make sure it has an appropriate `as` value and it is preloaded intentionally. @ http://localhost:3000/en/admin-dash/events/6a1c81424ffb8ccc76b39b51:0
[ 5764364ms] [LOG] [API] GET /notifications/unread-count - 200 (207ms) @ http://localhost:3000/_next/static/chunks/_d74edac0._.js:2258
[ 5767373ms] [WARNING] The resource http://localhost:3000/_next/static/chunks/%5Broot-of-the-server%5D__ad960bb7._.css was preloaded using link preload but not used within a few seconds from the window's load event. Please make sure it has an appropriate `as` value and it is preloaded intentionally. @ http://localhost:3000/en/admin-dash/events/6a1c81424ffb8ccc76b39b51:0
[ 5794679ms] [LOG] [API] GET /notifications/unread-count - 200 (301ms) @ http://localhost:3000/_next/static/chunks/_d74edac0._.js:2258
[ 5797688ms] [WARNING] The resource http://localhost:3000/_next/static/chunks/%5Broot-of-the-server%5D__ad960bb7._.css was preloaded using link preload but not used within a few seconds from the window's load event. Please make sure it has an appropriate `as` value and it is preloaded intentionally. @ http://localhost:3000/en/admin-dash/events/6a1c81424ffb8ccc76b39b51:0
[ 5824891ms] [LOG] [API] GET /notifications/unread-count - 200 (205ms) @ http://localhost:3000/_next/static/chunks/_d74edac0._.js:2258
[ 5827904ms] [WARNING] The resource http://localhost:3000/_next/static/chunks/%5Broot-of-the-server%5D__ad960bb7._.css was preloaded using link preload but not used within a few seconds from the window's load event. Please make sure it has an appropriate `as` value and it is preloaded intentionally. @ http://localhost:3000/en/admin-dash/events/6a1c81424ffb8ccc76b39b51:0
[ 5855109ms] [LOG] [API] GET /notifications/unread-count - 200 (210ms) @ http://localhost:3000/_next/static/chunks/_d74edac0._.js:2258
[ 5858114ms] [WARNING] The resource http://localhost:3000/_next/static/chunks/%5Broot-of-the-server%5D__ad960bb7._.css was preloaded using link preload but not used within a few seconds from the window's load event. Please make sure it has an appropriate `as` value and it is preloaded intentionally. @ http://localhost:3000/en/admin-dash/events/6a1c81424ffb8ccc76b39b51:0
[ 5888158ms] [LOG] [API] GET /notifications/unread-count - 200 (3045ms) @ http://localhost:3000/_next/static/chunks/_d74edac0._.js:2258
[ 5891161ms] [WARNING] The resource http://localhost:3000/_next/static/chunks/%5Broot-of-the-server%5D__ad960bb7._.css was preloaded using link preload but not used within a few seconds from the window's load event. Please make sure it has an appropriate `as` value and it is preloaded intentionally. @ http://localhost:3000/en/admin-dash/events/6a1c81424ffb8ccc76b39b51:0
[ 5919735ms] [LOG] [API] GET /notifications/unread-count - 200 (1560ms) @ http://localhost:3000/_next/static/chunks/_d74edac0._.js:2258
[ 5922740ms] [WARNING] The resource http://localhost:3000/_next/static/chunks/%5Broot-of-the-server%5D__ad960bb7._.css was preloaded using link preload but not used within a few seconds from the window's load event. Please make sure it has an appropriate `as` value and it is preloaded intentionally. @ http://localhost:3000/en/admin-dash/events/6a1c81424ffb8ccc76b39b51:0
[ 5950154ms] [LOG] [API] GET /notifications/unread-count - 200 (413ms) @ http://localhost:3000/_next/static/chunks/_d74edac0._.js:2258
[ 5953170ms] [WARNING] The resource http://localhost:3000/_next/static/chunks/%5Broot-of-the-server%5D__ad960bb7._.css was preloaded using link preload but not used within a few seconds from the window's load event. Please make sure it has an appropriate `as` value and it is preloaded intentionally. @ http://localhost:3000/en/admin-dash/events/6a1c81424ffb8ccc76b39b51:0
[ 5980414ms] [LOG] [API] GET /notifications/unread-count - 200 (255ms) @ http://localhost:3000/_next/static/chunks/_d74edac0._.js:2258
[ 5983419ms] [WARNING] The resource http://localhost:3000/_next/static/chunks/%5Broot-of-the-server%5D__ad960bb7._.css was preloaded using link preload but not used within a few seconds from the window's load event. Please make sure it has an appropriate `as` value and it is preloaded intentionally. @ http://localhost:3000/en/admin-dash/events/6a1c81424ffb8ccc76b39b51:0
[ 6010621ms] [LOG] [API] GET /notifications/unread-count - 200 (205ms) @ http://localhost:3000/_next/static/chunks/_d74edac0._.js:2258
[ 6013630ms] [WARNING] The resource http://localhost:3000/_next/static/chunks/%5Broot-of-the-server%5D__ad960bb7._.css was preloaded using link preload but not used within a few seconds from the window's load event. Please make sure it has an appropriate `as` value and it is preloaded intentionally. @ http://localhost:3000/en/admin-dash/events/6a1c81424ffb8ccc76b39b51:0
[ 6040836ms] [LOG] [API] GET /notifications/unread-count - 200 (209ms) @ http://localhost:3000/_next/static/chunks/_d74edac0._.js:2258
[ 6043845ms] [WARNING] The resource http://localhost:3000/_next/static/chunks/%5Broot-of-the-server%5D__ad960bb7._.css was preloaded using link preload but not used within a few seconds from the window's load event. Please make sure it has an appropriate `as` value and it is preloaded intentionally. @ http://localhost:3000/en/admin-dash/events/6a1c81424ffb8ccc76b39b51:0
[ 6071137ms] [LOG] [API] GET /notifications/unread-count - 200 (290ms) @ http://localhost:3000/_next/static/chunks/_d74edac0._.js:2258
[ 6074154ms] [WARNING] The resource http://localhost:3000/_next/static/chunks/%5Broot-of-the-server%5D__ad960bb7._.css was preloaded using link preload but not used within a few seconds from the window's load event. Please make sure it has an appropriate `as` value and it is preloaded intentionally. @ http://localhost:3000/en/admin-dash/events/6a1c81424ffb8ccc76b39b51:0
[ 6101357ms] [LOG] [API] GET /notifications/unread-count - 200 (209ms) @ http://localhost:3000/_next/static/chunks/_d74edac0._.js:2258
[ 6104371ms] [WARNING] The resource http://localhost:3000/_next/static/chunks/%5Broot-of-the-server%5D__ad960bb7._.css was preloaded using link preload but not used within a few seconds from the window's load event. Please make sure it has an appropriate `as` value and it is preloaded intentionally. @ http://localhost:3000/en/admin-dash/events/6a1c81424ffb8ccc76b39b51:0
[ 6131673ms] [LOG] [API] GET /notifications/unread-count - 200 (301ms) @ http://localhost:3000/_next/static/chunks/_d74edac0._.js:2258
[ 6134685ms] [WARNING] The resource http://localhost:3000/_next/static/chunks/%5Broot-of-the-server%5D__ad960bb7._.css was preloaded using link preload but not used within a few seconds from the window's load event. Please make sure it has an appropriate `as` value and it is preloaded intentionally. @ http://localhost:3000/en/admin-dash/events/6a1c81424ffb8ccc76b39b51:0
[ 6161888ms] [LOG] [API] GET /notifications/unread-count - 200 (206ms) @ http://localhost:3000/_next/static/chunks/_d74edac0._.js:2258
[ 6164899ms] [WARNING] The resource http://localhost:3000/_next/static/chunks/%5Broot-of-the-server%5D__ad960bb7._.css was preloaded using link preload but not used within a few seconds from the window's load event. Please make sure it has an appropriate `as` value and it is preloaded intentionally. @ http://localhost:3000/en/admin-dash/events/6a1c81424ffb8ccc76b39b51:0
[ 6192105ms] [LOG] [API] GET /notifications/unread-count - 200 (207ms) @ http://localhost:3000/_next/static/chunks/_d74edac0._.js:2258
[ 6195115ms] [WARNING] The resource http://localhost:3000/_next/static/chunks/%5Broot-of-the-server%5D__ad960bb7._.css was preloaded using link preload but not used within a few seconds from the window's load event. Please make sure it has an appropriate `as` value and it is preloaded intentionally. @ http://localhost:3000/en/admin-dash/events/6a1c81424ffb8ccc76b39b51:0
[ 6222176ms] [ERROR] Failed to load resource: the server responded with a status of 401 (Unauthorized) @ http://localhost:3000/api/v2/notifications/unread-count:0
[ 6223439ms] [LOG] [API] GET /notifications/unread-count - 200 (802ms) @ http://localhost:3000/_next/static/chunks/_d74edac0._.js:2258
[ 6226449ms] [WARNING] The resource http://localhost:3000/_next/static/chunks/%5Broot-of-the-server%5D__ad960bb7._.css was preloaded using link preload but not used within a few seconds from the window's load event. Please make sure it has an appropriate `as` value and it is preloaded intentionally. @ http://localhost:3000/en/admin-dash/events/6a1c81424ffb8ccc76b39b51:0
[ 6253648ms] [LOG] [API] GET /notifications/unread-count - 200 (200ms) @ http://localhost:3000/_next/static/chunks/_d74edac0._.js:2258
[ 6256650ms] [WARNING] The resource http://localhost:3000/_next/static/chunks/%5Broot-of-the-server%5D__ad960bb7._.css was preloaded using link preload but not used within a few seconds from the window's load event. Please make sure it has an appropriate `as` value and it is preloaded intentionally. @ http://localhost:3000/en/admin-dash/events/6a1c81424ffb8ccc76b39b51:0
[ 6283947ms] [LOG] [API] GET /notifications/unread-count - 200 (294ms) @ http://localhost:3000/_next/static/chunks/_d74edac0._.js:2258
[ 6286951ms] [WARNING] The resource http://localhost:3000/_next/static/chunks/%5Broot-of-the-server%5D__ad960bb7._.css was preloaded using link preload but not used within a few seconds from the window's load event. Please make sure it has an appropriate `as` value and it is preloaded intentionally. @ http://localhost:3000/en/admin-dash/events/6a1c81424ffb8ccc76b39b51:0
[ 6314152ms] [LOG] [API] GET /notifications/unread-count - 200 (201ms) @ http://localhost:3000/_next/static/chunks/_d74edac0._.js:2258
[ 6317166ms] [WARNING] The resource http://localhost:3000/_next/static/chunks/%5Broot-of-the-server%5D__ad960bb7._.css was preloaded using link preload but not used within a few seconds from the window's load event. Please make sure it has an appropriate `as` value and it is preloaded intentionally. @ http://localhost:3000/en/admin-dash/events/6a1c81424ffb8ccc76b39b51:0
[ 6344359ms] [LOG] [API] GET /notifications/unread-count - 200 (200ms) @ http://localhost:3000/_next/static/chunks/_d74edac0._.js:2258
[ 6347361ms] [WARNING] The resource http://localhost:3000/_next/static/chunks/%5Broot-of-the-server%5D__ad960bb7._.css was preloaded using link preload but not used within a few seconds from the window's load event. Please make sure it has an appropriate `as` value and it is preloaded intentionally. @ http://localhost:3000/en/admin-dash/events/6a1c81424ffb8ccc76b39b51:0
[ 6374665ms] [LOG] [API] GET /notifications/unread-count - 200 (300ms) @ http://localhost:3000/_next/static/chunks/_d74edac0._.js:2258
[ 6377677ms] [WARNING] The resource http://localhost:3000/_next/static/chunks/%5Broot-of-the-server%5D__ad960bb7._.css was preloaded using link preload but not used within a few seconds from the window's load event. Please make sure it has an appropriate `as` value and it is preloaded intentionally. @ http://localhost:3000/en/admin-dash/events/6a1c81424ffb8ccc76b39b51:0
[ 6404903ms] [LOG] [API] GET /notifications/unread-count - 200 (232ms) @ http://localhost:3000/_next/static/chunks/_d74edac0._.js:2258
[ 6407904ms] [WARNING] The resource http://localhost:3000/_next/static/chunks/%5Broot-of-the-server%5D__ad960bb7._.css was preloaded using link preload but not used within a few seconds from the window's load event. Please make sure it has an appropriate `as` value and it is preloaded intentionally. @ http://localhost:3000/en/admin-dash/events/6a1c81424ffb8ccc76b39b51:0
[ 6435108ms] [LOG] [API] GET /notifications/unread-count - 200 (202ms) @ http://localhost:3000/_next/static/chunks/_d74edac0._.js:2258
[ 6438117ms] [WARNING] The resource http://localhost:3000/_next/static/chunks/%5Broot-of-the-server%5D__ad960bb7._.css was preloaded using link preload but not used within a few seconds from the window's load event. Please make sure it has an appropriate `as` value and it is preloaded intentionally. @ http://localhost:3000/en/admin-dash/events/6a1c81424ffb8ccc76b39b51:0
[ 6465325ms] [LOG] [API] GET /notifications/unread-count - 200 (208ms) @ http://localhost:3000/_next/static/chunks/_d74edac0._.js:2258
[ 6468337ms] [WARNING] The resource http://localhost:3000/_next/static/chunks/%5Broot-of-the-server%5D__ad960bb7._.css was preloaded using link preload but not used within a few seconds from the window's load event. Please make sure it has an appropriate `as` value and it is preloaded intentionally. @ http://localhost:3000/en/admin-dash/events/6a1c81424ffb8ccc76b39b51:0
[ 6495531ms] [LOG] [API] GET /notifications/unread-count - 200 (200ms) @ http://localhost:3000/_next/static/chunks/_d74edac0._.js:2258
[ 6498532ms] [WARNING] The resource http://localhost:3000/_next/static/chunks/%5Broot-of-the-server%5D__ad960bb7._.css was preloaded using link preload but not used within a few seconds from the window's load event. Please make sure it has an appropriate `as` value and it is preloaded intentionally. @ http://localhost:3000/en/admin-dash/events/6a1c81424ffb8ccc76b39b51:0
[ 6525807ms] [LOG] [API] GET /notifications/unread-count - 200 (262ms) @ http://localhost:3000/_next/static/chunks/_d74edac0._.js:2258
[ 6528811ms] [WARNING] The resource http://localhost:3000/_next/static/chunks/%5Broot-of-the-server%5D__ad960bb7._.css was preloaded using link preload but not used within a few seconds from the window's load event. Please make sure it has an appropriate `as` value and it is preloaded intentionally. @ http://localhost:3000/en/admin-dash/events/6a1c81424ffb8ccc76b39b51:0
[ 6556172ms] [LOG] [API] GET /notifications/unread-count - 200 (363ms) @ http://localhost:3000/_next/static/chunks/_d74edac0._.js:2258
[ 6559174ms] [WARNING] The resource http://localhost:3000/_next/static/chunks/%5Broot-of-the-server%5D__ad960bb7._.css was preloaded using link preload but not used within a few seconds from the window's load event. Please make sure it has an appropriate `as` value and it is preloaded intentionally. @ http://localhost:3000/en/admin-dash/events/6a1c81424ffb8ccc76b39b51:0
[ 6586494ms] [LOG] [API] GET /notifications/unread-count - 200 (321ms) @ http://localhost:3000/_next/static/chunks/_d74edac0._.js:2258
[ 6589502ms] [WARNING] The resource http://localhost:3000/_next/static/chunks/%5Broot-of-the-server%5D__ad960bb7._.css was preloaded using link preload but not used within a few seconds from the window's load event. Please make sure it has an appropriate `as` value and it is preloaded intentionally. @ http://localhost:3000/en/admin-dash/events/6a1c81424ffb8ccc76b39b51:0
[ 6616742ms] [LOG] [API] GET /notifications/unread-count - 200 (243ms) @ http://localhost:3000/_next/static/chunks/_d74edac0._.js:2258
[ 6619751ms] [WARNING] The resource http://localhost:3000/_next/static/chunks/%5Broot-of-the-server%5D__ad960bb7._.css was preloaded using link preload but not used within a few seconds from the window's load event. Please make sure it has an appropriate `as` value and it is preloaded intentionally. @ http://localhost:3000/en/admin-dash/events/6a1c81424ffb8ccc76b39b51:0
[ 6647061ms] [LOG] [API] GET /notifications/unread-count - 200 (305ms) @ http://localhost:3000/_next/static/chunks/_d74edac0._.js:2258
[ 6650065ms] [WARNING] The resource http://localhost:3000/_next/static/chunks/%5Broot-of-the-server%5D__ad960bb7._.css was preloaded using link preload but not used within a few seconds from the window's load event. Please make sure it has an appropriate `as` value and it is preloaded intentionally. @ http://localhost:3000/en/admin-dash/events/6a1c81424ffb8ccc76b39b51:0
[ 6677267ms] [LOG] [API] GET /notifications/unread-count - 200 (203ms) @ http://localhost:3000/_next/static/chunks/_d74edac0._.js:2258
[ 6680278ms] [WARNING] The resource http://localhost:3000/_next/static/chunks/%5Broot-of-the-server%5D__ad960bb7._.css was preloaded using link preload but not used within a few seconds from the window's load event. Please make sure it has an appropriate `as` value and it is preloaded intentionally. @ http://localhost:3000/en/admin-dash/events/6a1c81424ffb8ccc76b39b51:0
[ 6707502ms] [LOG] [API] GET /notifications/unread-count - 200 (227ms) @ http://localhost:3000/_next/static/chunks/_d74edac0._.js:2258
[ 6710509ms] [WARNING] The resource http://localhost:3000/_next/static/chunks/%5Broot-of-the-server%5D__ad960bb7._.css was preloaded using link preload but not used within a few seconds from the window's load event. Please make sure it has an appropriate `as` value and it is preloaded intentionally. @ http://localhost:3000/en/admin-dash/events/6a1c81424ffb8ccc76b39b51:0
[ 6737719ms] [LOG] [API] GET /notifications/unread-count - 200 (213ms) @ http://localhost:3000/_next/static/chunks/_d74edac0._.js:2258
[ 6740722ms] [WARNING] The resource http://localhost:3000/_next/static/chunks/%5Broot-of-the-server%5D__ad960bb7._.css was preloaded using link preload but not used within a few seconds from the window's load event. Please make sure it has an appropriate `as` value and it is preloaded intentionally. @ http://localhost:3000/en/admin-dash/events/6a1c81424ffb8ccc76b39b51:0
[ 6767963ms] [LOG] [API] GET /notifications/unread-count - 200 (242ms) @ http://localhost:3000/_next/static/chunks/_d74edac0._.js:2258
[ 6770969ms] [WARNING] The resource http://localhost:3000/_next/static/chunks/%5Broot-of-the-server%5D__ad960bb7._.css was preloaded using link preload but not used within a few seconds from the window's load event. Please make sure it has an appropriate `as` value and it is preloaded intentionally. @ http://localhost:3000/en/admin-dash/events/6a1c81424ffb8ccc76b39b51:0
[ 6798169ms] [LOG] [API] GET /notifications/unread-count - 200 (202ms) @ http://localhost:3000/_next/static/chunks/_d74edac0._.js:2258
[ 6801183ms] [WARNING] The resource http://localhost:3000/_next/static/chunks/%5Broot-of-the-server%5D__ad960bb7._.css was preloaded using link preload but not used within a few seconds from the window's load event. Please make sure it has an appropriate `as` value and it is preloaded intentionally. @ http://localhost:3000/en/admin-dash/events/6a1c81424ffb8ccc76b39b51:0
[ 6828391ms] [LOG] [API] GET /notifications/unread-count - 200 (211ms) @ http://localhost:3000/_next/static/chunks/_d74edac0._.js:2258
[ 6831396ms] [WARNING] The resource http://localhost:3000/_next/static/chunks/%5Broot-of-the-server%5D__ad960bb7._.css was preloaded using link preload but not used within a few seconds from the window's load event. Please make sure it has an appropriate `as` value and it is preloaded intentionally. @ http://localhost:3000/en/admin-dash/events/6a1c81424ffb8ccc76b39b51:0
[ 6858711ms] [LOG] [API] GET /notifications/unread-count - 200 (317ms) @ http://localhost:3000/_next/static/chunks/_d74edac0._.js:2258
[ 6861727ms] [WARNING] The resource http://localhost:3000/_next/static/chunks/%5Broot-of-the-server%5D__ad960bb7._.css was preloaded using link preload but not used within a few seconds from the window's load event. Please make sure it has an appropriate `as` value and it is preloaded intentionally. @ http://localhost:3000/en/admin-dash/events/6a1c81424ffb8ccc76b39b51:0
[ 6888927ms] [LOG] [API] GET /notifications/unread-count - 200 (204ms) @ http://localhost:3000/_next/static/chunks/_d74edac0._.js:2258
[ 6891939ms] [WARNING] The resource http://localhost:3000/_next/static/chunks/%5Broot-of-the-server%5D__ad960bb7._.css was preloaded using link preload but not used within a few seconds from the window's load event. Please make sure it has an appropriate `as` value and it is preloaded intentionally. @ http://localhost:3000/en/admin-dash/events/6a1c81424ffb8ccc76b39b51:0
[ 6919144ms] [LOG] [API] GET /notifications/unread-count - 200 (206ms) @ http://localhost:3000/_next/static/chunks/_d74edac0._.js:2258
[ 6922147ms] [WARNING] The resource http://localhost:3000/_next/static/chunks/%5Broot-of-the-server%5D__ad960bb7._.css was preloaded using link preload but not used within a few seconds from the window's load event. Please make sure it has an appropriate `as` value and it is preloaded intentionally. @ http://localhost:3000/en/admin-dash/events/6a1c81424ffb8ccc76b39b51:0
[ 6949440ms] [LOG] [API] GET /notifications/unread-count - 200 (295ms) @ http://localhost:3000/_next/static/chunks/_d74edac0._.js:2258
[ 6952447ms] [WARNING] The resource http://localhost:3000/_next/static/chunks/%5Broot-of-the-server%5D__ad960bb7._.css was preloaded using link preload but not used within a few seconds from the window's load event. Please make sure it has an appropriate `as` value and it is preloaded intentionally. @ http://localhost:3000/en/admin-dash/events/6a1c81424ffb8ccc76b39b51:0
[ 6979701ms] [LOG] [API] GET /notifications/unread-count - 200 (256ms) @ http://localhost:3000/_next/static/chunks/_d74edac0._.js:2258
[ 6982714ms] [WARNING] The resource http://localhost:3000/_next/static/chunks/%5Broot-of-the-server%5D__ad960bb7._.css was preloaded using link preload but not used within a few seconds from the window's load event. Please make sure it has an appropriate `as` value and it is preloaded intentionally. @ http://localhost:3000/en/admin-dash/events/6a1c81424ffb8ccc76b39b51:0
[ 7009915ms] [LOG] [API] GET /notifications/unread-count - 200 (204ms) @ http://localhost:3000/_next/static/chunks/_d74edac0._.js:2258
[ 7012926ms] [WARNING] The resource http://localhost:3000/_next/static/chunks/%5Broot-of-the-server%5D__ad960bb7._.css was preloaded using link preload but not used within a few seconds from the window's load event. Please make sure it has an appropriate `as` value and it is preloaded intentionally. @ http://localhost:3000/en/admin-dash/events/6a1c81424ffb8ccc76b39b51:0
[ 7040214ms] [LOG] [API] GET /notifications/unread-count - 200 (286ms) @ http://localhost:3000/_next/static/chunks/_d74edac0._.js:2258
[ 7043216ms] [WARNING] The resource http://localhost:3000/_next/static/chunks/%5Broot-of-the-server%5D__ad960bb7._.css was preloaded using link preload but not used within a few seconds from the window's load event. Please make sure it has an appropriate `as` value and it is preloaded intentionally. @ http://localhost:3000/en/admin-dash/events/6a1c81424ffb8ccc76b39b51:0
[ 7070433ms] [LOG] [API] GET /notifications/unread-count - 200 (212ms) @ http://localhost:3000/_next/static/chunks/_d74edac0._.js:2258
[ 7073436ms] [WARNING] The resource http://localhost:3000/_next/static/chunks/%5Broot-of-the-server%5D__ad960bb7._.css was preloaded using link preload but not used within a few seconds from the window's load event. Please make sure it has an appropriate `as` value and it is preloaded intentionally. @ http://localhost:3000/en/admin-dash/events/6a1c81424ffb8ccc76b39b51:0
[ 7101040ms] [LOG] [API] GET /notifications/unread-count - 200 (595ms) @ http://localhost:3000/_next/static/chunks/_d74edac0._.js:2258
[ 7104051ms] [WARNING] The resource http://localhost:3000/_next/static/chunks/%5Broot-of-the-server%5D__ad960bb7._.css was preloaded using link preload but not used within a few seconds from the window's load event. Please make sure it has an appropriate `as` value and it is preloaded intentionally. @ http://localhost:3000/en/admin-dash/events/6a1c81424ffb8ccc76b39b51:0
[ 7131109ms] [ERROR] Failed to load resource: the server responded with a status of 401 (Unauthorized) @ http://localhost:3000/api/v2/notifications/unread-count:0
[ 7131692ms] [LOG] [API] GET /notifications/unread-count - 200 (248ms) @ http://localhost:3000/_next/static/chunks/_d74edac0._.js:2258
[ 7134698ms] [WARNING] The resource http://localhost:3000/_next/static/chunks/%5Broot-of-the-server%5D__ad960bb7._.css was preloaded using link preload but not used within a few seconds from the window's load event. Please make sure it has an appropriate `as` value and it is preloaded intentionally. @ http://localhost:3000/en/admin-dash/events/6a1c81424ffb8ccc76b39b51:0
[ 7161919ms] [LOG] [API] GET /notifications/unread-count - 200 (223ms) @ http://localhost:3000/_next/static/chunks/_d74edac0._.js:2258
[ 7164935ms] [WARNING] The resource http://localhost:3000/_next/static/chunks/%5Broot-of-the-server%5D__ad960bb7._.css was preloaded using link preload but not used within a few seconds from the window's load event. Please make sure it has an appropriate `as` value and it is preloaded intentionally. @ http://localhost:3000/en/admin-dash/events/6a1c81424ffb8ccc76b39b51:0
[ 7192128ms] [LOG] [API] GET /notifications/unread-count - 200 (203ms) @ http://localhost:3000/_next/static/chunks/_d74edac0._.js:2258
[ 7195141ms] [WARNING] The resource http://localhost:3000/_next/static/chunks/%5Broot-of-the-server%5D__ad960bb7._.css was preloaded using link preload but not used within a few seconds from the window's load event. Please make sure it has an appropriate `as` value and it is preloaded intentionally. @ http://localhost:3000/en/admin-dash/events/6a1c81424ffb8ccc76b39b51:0
[ 7222339ms] [LOG] [API] GET /notifications/unread-count - 200 (201ms) @ http://localhost:3000/_next/static/chunks/_d74edac0._.js:2258
[ 7225354ms] [WARNING] The resource http://localhost:3000/_next/static/chunks/%5Broot-of-the-server%5D__ad960bb7._.css was preloaded using link preload but not used within a few seconds from the window's load event. Please make sure it has an appropriate `as` value and it is preloaded intentionally. @ http://localhost:3000/en/admin-dash/events/6a1c81424ffb8ccc76b39b51:0
[ 7252648ms] [LOG] [API] GET /notifications/unread-count - 200 (293ms) @ http://localhost:3000/_next/static/chunks/_d74edac0._.js:2258
[ 7255651ms] [WARNING] The resource http://localhost:3000/_next/static/chunks/%5Broot-of-the-server%5D__ad960bb7._.css was preloaded using link preload but not used within a few seconds from the window's load event. Please make sure it has an appropriate `as` value and it is preloaded intentionally. @ http://localhost:3000/en/admin-dash/events/6a1c81424ffb8ccc76b39b51:0
[ 7282867ms] [LOG] [API] GET /notifications/unread-count - 200 (201ms) @ http://localhost:3000/_next/static/chunks/_d74edac0._.js:2258
[ 7285877ms] [WARNING] The resource http://localhost:3000/_next/static/chunks/%5Broot-of-the-server%5D__ad960bb7._.css was preloaded using link preload but not used within a few seconds from the window's load event. Please make sure it has an appropriate `as` value and it is preloaded intentionally. @ http://localhost:3000/en/admin-dash/events/6a1c81424ffb8ccc76b39b51:0
[ 7313095ms] [LOG] [API] GET /notifications/unread-count - 200 (217ms) @ http://localhost:3000/_next/static/chunks/_d74edac0._.js:2258
[ 7316096ms] [WARNING] The resource http://localhost:3000/_next/static/chunks/%5Broot-of-the-server%5D__ad960bb7._.css was preloaded using link preload but not used within a few seconds from the window's load event. Please make sure it has an appropriate `as` value and it is preloaded intentionally. @ http://localhost:3000/en/admin-dash/events/6a1c81424ffb8ccc76b39b51:0
[ 7343315ms] [LOG] [API] GET /notifications/unread-count - 200 (205ms) @ http://localhost:3000/_next/static/chunks/_d74edac0._.js:2258
[ 7346325ms] [WARNING] The resource http://localhost:3000/_next/static/chunks/%5Broot-of-the-server%5D__ad960bb7._.css was preloaded using link preload but not used within a few seconds from the window's load event. Please make sure it has an appropriate `as` value and it is preloaded intentionally. @ http://localhost:3000/en/admin-dash/events/6a1c81424ffb8ccc76b39b51:0
[ 7373524ms] [LOG] [API] GET /notifications/unread-count - 200 (201ms) @ http://localhost:3000/_next/static/chunks/_d74edac0._.js:2258
[ 7376525ms] [WARNING] The resource http://localhost:3000/_next/static/chunks/%5Broot-of-the-server%5D__ad960bb7._.css was preloaded using link preload but not used within a few seconds from the window's load event. Please make sure it has an appropriate `as` value and it is preloaded intentionally. @ http://localhost:3000/en/admin-dash/events/6a1c81424ffb8ccc76b39b51:0
[ 7403749ms] [LOG] [API] GET /notifications/unread-count - 200 (212ms) @ http://localhost:3000/_next/static/chunks/_d74edac0._.js:2258
[ 7406752ms] [WARNING] The resource http://localhost:3000/_next/static/chunks/%5Broot-of-the-server%5D__ad960bb7._.css was preloaded using link preload but not used within a few seconds from the window's load event. Please make sure it has an appropriate `as` value and it is preloaded intentionally. @ http://localhost:3000/en/admin-dash/events/6a1c81424ffb8ccc76b39b51:0
[ 7433956ms] [LOG] [API] GET /notifications/unread-count - 200 (205ms) @ http://localhost:3000/_next/static/chunks/_d74edac0._.js:2258
[ 7436966ms] [WARNING] The resource http://localhost:3000/_next/static/chunks/%5Broot-of-the-server%5D__ad960bb7._.css was preloaded using link preload but not used within a few seconds from the window's load event. Please make sure it has an appropriate `as` value and it is preloaded intentionally. @ http://localhost:3000/en/admin-dash/events/6a1c81424ffb8ccc76b39b51:0
[ 7464244ms] [LOG] [API] GET /notifications/unread-count - 200 (281ms) @ http://localhost:3000/_next/static/chunks/_d74edac0._.js:2258
[ 7467246ms] [WARNING] The resource http://localhost:3000/_next/static/chunks/%5Broot-of-the-server%5D__ad960bb7._.css was preloaded using link preload but not used within a few seconds from the window's load event. Please make sure it has an appropriate `as` value and it is preloaded intentionally. @ http://localhost:3000/en/admin-dash/events/6a1c81424ffb8ccc76b39b51:0
[ 7494473ms] [LOG] [API] GET /notifications/unread-count - 200 (227ms) @ http://localhost:3000/_next/static/chunks/_d74edac0._.js:2258
[ 7497481ms] [WARNING] The resource http://localhost:3000/_next/static/chunks/%5Broot-of-the-server%5D__ad960bb7._.css was preloaded using link preload but not used within a few seconds from the window's load event. Please make sure it has an appropriate `as` value and it is preloaded intentionally. @ http://localhost:3000/en/admin-dash/events/6a1c81424ffb8ccc76b39b51:0
[ 7524785ms] [LOG] [API] GET /notifications/unread-count - 200 (305ms) @ http://localhost:3000/_next/static/chunks/_d74edac0._.js:2258
[ 7527798ms] [WARNING] The resource http://localhost:3000/_next/static/chunks/%5Broot-of-the-server%5D__ad960bb7._.css was preloaded using link preload but not used within a few seconds from the window's load event. Please make sure it has an appropriate `as` value and it is preloaded intentionally. @ http://localhost:3000/en/admin-dash/events/6a1c81424ffb8ccc76b39b51:0
[ 7554990ms] [LOG] [API] GET /notifications/unread-count - 200 (202ms) @ http://localhost:3000/_next/static/chunks/_d74edac0._.js:2258
[ 7558003ms] [WARNING] The resource http://localhost:3000/_next/static/chunks/%5Broot-of-the-server%5D__ad960bb7._.css was preloaded using link preload but not used within a few seconds from the window's load event. Please make sure it has an appropriate `as` value and it is preloaded intentionally. @ http://localhost:3000/en/admin-dash/events/6a1c81424ffb8ccc76b39b51:0
[ 7585202ms] [LOG] [API] GET /notifications/unread-count - 200 (208ms) @ http://localhost:3000/_next/static/chunks/_d74edac0._.js:2258
[ 7588205ms] [WARNING] The resource http://localhost:3000/_next/static/chunks/%5Broot-of-the-server%5D__ad960bb7._.css was preloaded using link preload but not used within a few seconds from the window's load event. Please make sure it has an appropriate `as` value and it is preloaded intentionally. @ http://localhost:3000/en/admin-dash/events/6a1c81424ffb8ccc76b39b51:0
[ 7615425ms] [LOG] [API] GET /notifications/unread-count - 200 (211ms) @ http://localhost:3000/_next/static/chunks/_d74edac0._.js:2258
[ 7618430ms] [WARNING] The resource http://localhost:3000/_next/static/chunks/%5Broot-of-the-server%5D__ad960bb7._.css was preloaded using link preload but not used within a few seconds from the window's load event. Please make sure it has an appropriate `as` value and it is preloaded intentionally. @ http://localhost:3000/en/admin-dash/events/6a1c81424ffb8ccc76b39b51:0
[ 7645631ms] [LOG] [API] GET /notifications/unread-count - 200 (204ms) @ http://localhost:3000/_next/static/chunks/_d74edac0._.js:2258
[ 7648646ms] [WARNING] The resource http://localhost:3000/_next/static/chunks/%5Broot-of-the-server%5D__ad960bb7._.css was preloaded using link preload but not used within a few seconds from the window's load event. Please make sure it has an appropriate `as` value and it is preloaded intentionally. @ http://localhost:3000/en/admin-dash/events/6a1c81424ffb8ccc76b39b51:0
[ 7675849ms] [LOG] [API] GET /notifications/unread-count - 200 (207ms) @ http://localhost:3000/_next/static/chunks/_d74edac0._.js:2258
[ 7678858ms] [WARNING] The resource http://localhost:3000/_next/static/chunks/%5Broot-of-the-server%5D__ad960bb7._.css was preloaded using link preload but not used within a few seconds from the window's load event. Please make sure it has an appropriate `as` value and it is preloaded intentionally. @ http://localhost:3000/en/admin-dash/events/6a1c81424ffb8ccc76b39b51:0
[ 7706072ms] [LOG] [API] GET /notifications/unread-count - 200 (216ms) @ http://localhost:3000/_next/static/chunks/_d74edac0._.js:2258
[ 7709074ms] [WARNING] The resource http://localhost:3000/_next/static/chunks/%5Broot-of-the-server%5D__ad960bb7._.css was preloaded using link preload but not used within a few seconds from the window's load event. Please make sure it has an appropriate `as` value and it is preloaded intentionally. @ http://localhost:3000/en/admin-dash/events/6a1c81424ffb8ccc76b39b51:0
[ 7736289ms] [LOG] [API] GET /notifications/unread-count - 200 (204ms) @ http://localhost:3000/_next/static/chunks/_d74edac0._.js:2258
[ 7739303ms] [WARNING] The resource http://localhost:3000/_next/static/chunks/%5Broot-of-the-server%5D__ad960bb7._.css was preloaded using link preload but not used within a few seconds from the window's load event. Please make sure it has an appropriate `as` value and it is preloaded intentionally. @ http://localhost:3000/en/admin-dash/events/6a1c81424ffb8ccc76b39b51:0
[ 7766503ms] [LOG] [API] GET /notifications/unread-count - 200 (204ms) @ http://localhost:3000/_next/static/chunks/_d74edac0._.js:2258
[ 7769515ms] [WARNING] The resource http://localhost:3000/_next/static/chunks/%5Broot-of-the-server%5D__ad960bb7._.css was preloaded using link preload but not used within a few seconds from the window's load event. Please make sure it has an appropriate `as` value and it is preloaded intentionally. @ http://localhost:3000/en/admin-dash/events/6a1c81424ffb8ccc76b39b51:0
[ 7796717ms] [LOG] [API] GET /notifications/unread-count - 200 (202ms) @ http://localhost:3000/_next/static/chunks/_d74edac0._.js:2258
[ 7799728ms] [WARNING] The resource http://localhost:3000/_next/static/chunks/%5Broot-of-the-server%5D__ad960bb7._.css was preloaded using link preload but not used within a few seconds from the window's load event. Please make sure it has an appropriate `as` value and it is preloaded intentionally. @ http://localhost:3000/en/admin-dash/events/6a1c81424ffb8ccc76b39b51:0
[ 7826929ms] [LOG] [API] GET /notifications/unread-count - 200 (202ms) @ http://localhost:3000/_next/static/chunks/_d74edac0._.js:2258
[ 7829942ms] [WARNING] The resource http://localhost:3000/_next/static/chunks/%5Broot-of-the-server%5D__ad960bb7._.css was preloaded using link preload but not used within a few seconds from the window's load event. Please make sure it has an appropriate `as` value and it is preloaded intentionally. @ http://localhost:3000/en/admin-dash/events/6a1c81424ffb8ccc76b39b51:0
[ 7857146ms] [LOG] [API] GET /notifications/unread-count - 200 (206ms) @ http://localhost:3000/_next/static/chunks/_d74edac0._.js:2258
[ 7860156ms] [WARNING] The resource http://localhost:3000/_next/static/chunks/%5Broot-of-the-server%5D__ad960bb7._.css was preloaded using link preload but not used within a few seconds from the window's load event. Please make sure it has an appropriate `as` value and it is preloaded intentionally. @ http://localhost:3000/en/admin-dash/events/6a1c81424ffb8ccc76b39b51:0
[ 7887356ms] [LOG] [API] GET /notifications/unread-count - 200 (204ms) @ http://localhost:3000/_next/static/chunks/_d74edac0._.js:2258
[ 7890370ms] [WARNING] The resource http://localhost:3000/_next/static/chunks/%5Broot-of-the-server%5D__ad960bb7._.css was preloaded using link preload but not used within a few seconds from the window's load event. Please make sure it has an appropriate `as` value and it is preloaded intentionally. @ http://localhost:3000/en/admin-dash/events/6a1c81424ffb8ccc76b39b51:0
[ 7917572ms] [LOG] [API] GET /notifications/unread-count - 200 (205ms) @ http://localhost:3000/_next/static/chunks/_d74edac0._.js:2258
[ 7920584ms] [WARNING] The resource http://localhost:3000/_next/static/chunks/%5Broot-of-the-server%5D__ad960bb7._.css was preloaded using link preload but not used within a few seconds from the window's load event. Please make sure it has an appropriate `as` value and it is preloaded intentionally. @ http://localhost:3000/en/admin-dash/events/6a1c81424ffb8ccc76b39b51:0
[ 7947788ms] [LOG] [API] GET /notifications/unread-count - 200 (208ms) @ http://localhost:3000/_next/static/chunks/_d74edac0._.js:2258
[ 7950799ms] [WARNING] The resource http://localhost:3000/_next/static/chunks/%5Broot-of-the-server%5D__ad960bb7._.css was preloaded using link preload but not used within a few seconds from the window's load event. Please make sure it has an appropriate `as` value and it is preloaded intentionally. @ http://localhost:3000/en/admin-dash/events/6a1c81424ffb8ccc76b39b51:0
[ 7978003ms] [LOG] [API] GET /notifications/unread-count - 200 (210ms) @ http://localhost:3000/_next/static/chunks/_d74edac0._.js:2258
[ 7981011ms] [WARNING] The resource http://localhost:3000/_next/static/chunks/%5Broot-of-the-server%5D__ad960bb7._.css was preloaded using link preload but not used within a few seconds from the window's load event. Please make sure it has an appropriate `as` value and it is preloaded intentionally. @ http://localhost:3000/en/admin-dash/events/6a1c81424ffb8ccc76b39b51:0
[ 8008211ms] [LOG] [API] GET /notifications/unread-count - 200 (202ms) @ http://localhost:3000/_next/static/chunks/_d74edac0._.js:2258
[ 8011223ms] [WARNING] The resource http://localhost:3000/_next/static/chunks/%5Broot-of-the-server%5D__ad960bb7._.css was preloaded using link preload but not used within a few seconds from the window's load event. Please make sure it has an appropriate `as` value and it is preloaded intentionally. @ http://localhost:3000/en/admin-dash/events/6a1c81424ffb8ccc76b39b51:0
[ 8038229ms] [ERROR] Failed to load resource: the server responded with a status of 401 (Unauthorized) @ http://localhost:3000/api/v2/notifications/unread-count:0
[ 8038997ms] [LOG] [API] GET /notifications/unread-count - 200 (412ms) @ http://localhost:3000/_next/static/chunks/_d74edac0._.js:2258
[ 8042003ms] [WARNING] The resource http://localhost:3000/_next/static/chunks/%5Broot-of-the-server%5D__ad960bb7._.css was preloaded using link preload but not used within a few seconds from the window's load event. Please make sure it has an appropriate `as` value and it is preloaded intentionally. @ http://localhost:3000/en/admin-dash/events/6a1c81424ffb8ccc76b39b51:0
[ 8069209ms] [LOG] [API] GET /notifications/unread-count - 200 (206ms) @ http://localhost:3000/_next/static/chunks/_d74edac0._.js:2258
[ 8072217ms] [WARNING] The resource http://localhost:3000/_next/static/chunks/%5Broot-of-the-server%5D__ad960bb7._.css was preloaded using link preload but not used within a few seconds from the window's load event. Please make sure it has an appropriate `as` value and it is preloaded intentionally. @ http://localhost:3000/en/admin-dash/events/6a1c81424ffb8ccc76b39b51:0
[ 8099446ms] [LOG] [API] GET /notifications/unread-count - 200 (231ms) @ http://localhost:3000/_next/static/chunks/_d74edac0._.js:2258
[ 8102448ms] [WARNING] The resource http://localhost:3000/_next/static/chunks/%5Broot-of-the-server%5D__ad960bb7._.css was preloaded using link preload but not used within a few seconds from the window's load event. Please make sure it has an appropriate `as` value and it is preloaded intentionally. @ http://localhost:3000/en/admin-dash/events/6a1c81424ffb8ccc76b39b51:0
[ 8129659ms] [LOG] [API] GET /notifications/unread-count - 200 (207ms) @ http://localhost:3000/_next/static/chunks/_d74edac0._.js:2258
[ 8132661ms] [WARNING] The resource http://localhost:3000/_next/static/chunks/%5Broot-of-the-server%5D__ad960bb7._.css was preloaded using link preload but not used within a few seconds from the window's load event. Please make sure it has an appropriate `as` value and it is preloaded intentionally. @ http://localhost:3000/en/admin-dash/events/6a1c81424ffb8ccc76b39b51:0
[ 8159864ms] [LOG] [API] GET /notifications/unread-count - 200 (202ms) @ http://localhost:3000/_next/static/chunks/_d74edac0._.js:2258
[ 8162875ms] [WARNING] The resource http://localhost:3000/_next/static/chunks/%5Broot-of-the-server%5D__ad960bb7._.css was preloaded using link preload but not used within a few seconds from the window's load event. Please make sure it has an appropriate `as` value and it is preloaded intentionally. @ http://localhost:3000/en/admin-dash/events/6a1c81424ffb8ccc76b39b51:0
[ 8190085ms] [LOG] [API] GET /notifications/unread-count - 200 (213ms) @ http://localhost:3000/_next/static/chunks/_d74edac0._.js:2258
[ 8193088ms] [WARNING] The resource http://localhost:3000/_next/static/chunks/%5Broot-of-the-server%5D__ad960bb7._.css was preloaded using link preload but not used within a few seconds from the window's load event. Please make sure it has an appropriate `as` value and it is preloaded intentionally. @ http://localhost:3000/en/admin-dash/events/6a1c81424ffb8ccc76b39b51:0
[ 8220290ms] [LOG] [API] GET /notifications/unread-count - 200 (203ms) @ http://localhost:3000/_next/static/chunks/_d74edac0._.js:2258
[ 8223302ms] [WARNING] The resource http://localhost:3000/_next/static/chunks/%5Broot-of-the-server%5D__ad960bb7._.css was preloaded using link preload but not used within a few seconds from the window's load event. Please make sure it has an appropriate `as` value and it is preloaded intentionally. @ http://localhost:3000/en/admin-dash/events/6a1c81424ffb8ccc76b39b51:0
[ 8250503ms] [LOG] [API] GET /notifications/unread-count - 200 (205ms) @ http://localhost:3000/_next/static/chunks/_d74edac0._.js:2258
[ 8253514ms] [WARNING] The resource http://localhost:3000/_next/static/chunks/%5Broot-of-the-server%5D__ad960bb7._.css was preloaded using link preload but not used within a few seconds from the window's load event. Please make sure it has an appropriate `as` value and it is preloaded intentionally. @ http://localhost:3000/en/admin-dash/events/6a1c81424ffb8ccc76b39b51:0
[ 8280715ms] [LOG] [API] GET /notifications/unread-count - 200 (203ms) @ http://localhost:3000/_next/static/chunks/_d74edac0._.js:2258
[ 8283728ms] [WARNING] The resource http://localhost:3000/_next/static/chunks/%5Broot-of-the-server%5D__ad960bb7._.css was preloaded using link preload but not used within a few seconds from the window's load event. Please make sure it has an appropriate `as` value and it is preloaded intentionally. @ http://localhost:3000/en/admin-dash/events/6a1c81424ffb8ccc76b39b51:0
[ 8310928ms] [LOG] [API] GET /notifications/unread-count - 200 (202ms) @ http://localhost:3000/_next/static/chunks/_d74edac0._.js:2258
[ 8313942ms] [WARNING] The resource http://localhost:3000/_next/static/chunks/%5Broot-of-the-server%5D__ad960bb7._.css was preloaded using link preload but not used within a few seconds from the window's load event. Please make sure it has an appropriate `as` value and it is preloaded intentionally. @ http://localhost:3000/en/admin-dash/events/6a1c81424ffb8ccc76b39b51:0
[ 8341488ms] [LOG] [API] GET /notifications/unread-count - 200 (548ms) @ http://localhost:3000/_next/static/chunks/_d74edac0._.js:2258
[ 8344489ms] [WARNING] The resource http://localhost:3000/_next/static/chunks/%5Broot-of-the-server%5D__ad960bb7._.css was preloaded using link preload but not used within a few seconds from the window's load event. Please make sure it has an appropriate `as` value and it is preloaded intentionally. @ http://localhost:3000/en/admin-dash/events/6a1c81424ffb8ccc76b39b51:0
[ 8371705ms] [LOG] [API] GET /notifications/unread-count - 200 (203ms) @ http://localhost:3000/_next/static/chunks/_d74edac0._.js:2258
[ 8374719ms] [WARNING] The resource http://localhost:3000/_next/static/chunks/%5Broot-of-the-server%5D__ad960bb7._.css was preloaded using link preload but not used within a few seconds from the window's load event. Please make sure it has an appropriate `as` value and it is preloaded intentionally. @ http://localhost:3000/en/admin-dash/events/6a1c81424ffb8ccc76b39b51:0
[ 8401931ms] [LOG] [API] GET /notifications/unread-count - 200 (215ms) @ http://localhost:3000/_next/static/chunks/_d74edac0._.js:2258
[ 8404932ms] [WARNING] The resource http://localhost:3000/_next/static/chunks/%5Broot-of-the-server%5D__ad960bb7._.css was preloaded using link preload but not used within a few seconds from the window's load event. Please make sure it has an appropriate `as` value and it is preloaded intentionally. @ http://localhost:3000/en/admin-dash/events/6a1c81424ffb8ccc76b39b51:0
[ 8432151ms] [LOG] [API] GET /notifications/unread-count - 200 (204ms) @ http://localhost:3000/_next/static/chunks/_d74edac0._.js:2258
[ 8435163ms] [WARNING] The resource http://localhost:3000/_next/static/chunks/%5Broot-of-the-server%5D__ad960bb7._.css was preloaded using link preload but not used within a few seconds from the window's load event. Please make sure it has an appropriate `as` value and it is preloaded intentionally. @ http://localhost:3000/en/admin-dash/events/6a1c81424ffb8ccc76b39b51:0
[ 8462364ms] [LOG] [API] GET /notifications/unread-count - 200 (204ms) @ http://localhost:3000/_next/static/chunks/_d74edac0._.js:2258
[ 8465376ms] [WARNING] The resource http://localhost:3000/_next/static/chunks/%5Broot-of-the-server%5D__ad960bb7._.css was preloaded using link preload but not used within a few seconds from the window's load event. Please make sure it has an appropriate `as` value and it is preloaded intentionally. @ http://localhost:3000/en/admin-dash/events/6a1c81424ffb8ccc76b39b51:0
[ 8492594ms] [LOG] [API] GET /notifications/unread-count - 200 (220ms) @ http://localhost:3000/_next/static/chunks/_d74edac0._.js:2258
[ 8495605ms] [WARNING] The resource http://localhost:3000/_next/static/chunks/%5Broot-of-the-server%5D__ad960bb7._.css was preloaded using link preload but not used within a few seconds from the window's load event. Please make sure it has an appropriate `as` value and it is preloaded intentionally. @ http://localhost:3000/en/admin-dash/events/6a1c81424ffb8ccc76b39b51:0
[ 8522806ms] [LOG] [API] GET /notifications/unread-count - 200 (203ms) @ http://localhost:3000/_next/static/chunks/_d74edac0._.js:2258
[ 8525820ms] [WARNING] The resource http://localhost:3000/_next/static/chunks/%5Broot-of-the-server%5D__ad960bb7._.css was preloaded using link preload but not used within a few seconds from the window's load event. Please make sure it has an appropriate `as` value and it is preloaded intentionally. @ http://localhost:3000/en/admin-dash/events/6a1c81424ffb8ccc76b39b51:0
[ 8553022ms] [LOG] [API] GET /notifications/unread-count - 200 (204ms) @ http://localhost:3000/_next/static/chunks/_d74edac0._.js:2258
[ 8556033ms] [WARNING] The resource http://localhost:3000/_next/static/chunks/%5Broot-of-the-server%5D__ad960bb7._.css was preloaded using link preload but not used within a few seconds from the window's load event. Please make sure it has an appropriate `as` value and it is preloaded intentionally. @ http://localhost:3000/en/admin-dash/events/6a1c81424ffb8ccc76b39b51:0
[ 8583238ms] [LOG] [API] GET /notifications/unread-count - 200 (206ms) @ http://localhost:3000/_next/static/chunks/_d74edac0._.js:2258
[ 8586247ms] [WARNING] The resource http://localhost:3000/_next/static/chunks/%5Broot-of-the-server%5D__ad960bb7._.css was preloaded using link preload but not used within a few seconds from the window's load event. Please make sure it has an appropriate `as` value and it is preloaded intentionally. @ http://localhost:3000/en/admin-dash/events/6a1c81424ffb8ccc76b39b51:0
[ 8613454ms] [LOG] [API] GET /notifications/unread-count - 200 (209ms) @ http://localhost:3000/_next/static/chunks/_d74edac0._.js:2258
[ 8616460ms] [WARNING] The resource http://localhost:3000/_next/static/chunks/%5Broot-of-the-server%5D__ad960bb7._.css was preloaded using link preload but not used within a few seconds from the window's load event. Please make sure it has an appropriate `as` value and it is preloaded intentionally. @ http://localhost:3000/en/admin-dash/events/6a1c81424ffb8ccc76b39b51:0
[ 8643661ms] [LOG] [API] GET /notifications/unread-count - 200 (203ms) @ http://localhost:3000/_next/static/chunks/_d74edac0._.js:2258
[ 8646674ms] [WARNING] The resource http://localhost:3000/_next/static/chunks/%5Broot-of-the-server%5D__ad960bb7._.css was preloaded using link preload but not used within a few seconds from the window's load event. Please make sure it has an appropriate `as` value and it is preloaded intentionally. @ http://localhost:3000/en/admin-dash/events/6a1c81424ffb8ccc76b39b51:0
[ 8673874ms] [LOG] [API] GET /notifications/unread-count - 200 (202ms) @ http://localhost:3000/_next/static/chunks/_d74edac0._.js:2258
[ 8676887ms] [WARNING] The resource http://localhost:3000/_next/static/chunks/%5Broot-of-the-server%5D__ad960bb7._.css was preloaded using link preload but not used within a few seconds from the window's load event. Please make sure it has an appropriate `as` value and it is preloaded intentionally. @ http://localhost:3000/en/admin-dash/events/6a1c81424ffb8ccc76b39b51:0
[ 8704087ms] [LOG] [API] GET /notifications/unread-count - 200 (203ms) @ http://localhost:3000/_next/static/chunks/_d74edac0._.js:2258
[ 8707101ms] [WARNING] The resource http://localhost:3000/_next/static/chunks/%5Broot-of-the-server%5D__ad960bb7._.css was preloaded using link preload but not used within a few seconds from the window's load event. Please make sure it has an appropriate `as` value and it is preloaded intentionally. @ http://localhost:3000/en/admin-dash/events/6a1c81424ffb8ccc76b39b51:0
[ 8734300ms] [LOG] [API] GET /notifications/unread-count - 200 (201ms) @ http://localhost:3000/_next/static/chunks/_d74edac0._.js:2258
[ 8737314ms] [WARNING] The resource http://localhost:3000/_next/static/chunks/%5Broot-of-the-server%5D__ad960bb7._.css was preloaded using link preload but not used within a few seconds from the window's load event. Please make sure it has an appropriate `as` value and it is preloaded intentionally. @ http://localhost:3000/en/admin-dash/events/6a1c81424ffb8ccc76b39b51:0
[ 8764520ms] [LOG] [API] GET /notifications/unread-count - 200 (208ms) @ http://localhost:3000/_next/static/chunks/_d74edac0._.js:2258
[ 8767527ms] [WARNING] The resource http://localhost:3000/_next/static/chunks/%5Broot-of-the-server%5D__ad960bb7._.css was preloaded using link preload but not used within a few seconds from the window's load event. Please make sure it has an appropriate `as` value and it is preloaded intentionally. @ http://localhost:3000/en/admin-dash/events/6a1c81424ffb8ccc76b39b51:0
[ 8794742ms] [LOG] [API] GET /notifications/unread-count - 200 (216ms) @ http://localhost:3000/_next/static/chunks/_d74edac0._.js:2258
[ 8797758ms] [WARNING] The resource http://localhost:3000/_next/static/chunks/%5Broot-of-the-server%5D__ad960bb7._.css was preloaded using link preload but not used within a few seconds from the window's load event. Please make sure it has an appropriate `as` value and it is preloaded intentionally. @ http://localhost:3000/en/admin-dash/events/6a1c81424ffb8ccc76b39b51:0
[ 8824978ms] [LOG] [API] GET /notifications/unread-count - 200 (222ms) @ http://localhost:3000/_next/static/chunks/_d74edac0._.js:2258
[ 8827988ms] [WARNING] The resource http://localhost:3000/_next/static/chunks/%5Broot-of-the-server%5D__ad960bb7._.css was preloaded using link preload but not used within a few seconds from the window's load event. Please make sure it has an appropriate `as` value and it is preloaded intentionally. @ http://localhost:3000/en/admin-dash/events/6a1c81424ffb8ccc76b39b51:0
[ 8855189ms] [LOG] [API] GET /notifications/unread-count - 200 (203ms) @ http://localhost:3000/_next/static/chunks/_d74edac0._.js:2258
[ 8858201ms] [WARNING] The resource http://localhost:3000/_next/static/chunks/%5Broot-of-the-server%5D__ad960bb7._.css was preloaded using link preload but not used within a few seconds from the window's load event. Please make sure it has an appropriate `as` value and it is preloaded intentionally. @ http://localhost:3000/en/admin-dash/events/6a1c81424ffb8ccc76b39b51:0
[ 8885404ms] [LOG] [API] GET /notifications/unread-count - 200 (206ms) @ http://localhost:3000/_next/static/chunks/_d74edac0._.js:2258
[ 8888415ms] [WARNING] The resource http://localhost:3000/_next/static/chunks/%5Broot-of-the-server%5D__ad960bb7._.css was preloaded using link preload but not used within a few seconds from the window's load event. Please make sure it has an appropriate `as` value and it is preloaded intentionally. @ http://localhost:3000/en/admin-dash/events/6a1c81424ffb8ccc76b39b51:0
[ 8915619ms] [LOG] [API] GET /notifications/unread-count - 200 (206ms) @ http://localhost:3000/_next/static/chunks/_d74edac0._.js:2258
[ 8918628ms] [WARNING] The resource http://localhost:3000/_next/static/chunks/%5Broot-of-the-server%5D__ad960bb7._.css was preloaded using link preload but not used within a few seconds from the window's load event. Please make sure it has an appropriate `as` value and it is preloaded intentionally. @ http://localhost:3000/en/admin-dash/events/6a1c81424ffb8ccc76b39b51:0
[ 8945635ms] [ERROR] Failed to load resource: the server responded with a status of 401 (Unauthorized) @ http://localhost:3000/api/v2/notifications/unread-count:0
[ 8946127ms] [LOG] [API] GET /notifications/unread-count - 200 (202ms) @ http://localhost:3000/_next/static/chunks/_d74edac0._.js:2258
[ 8949143ms] [WARNING] The resource http://localhost:3000/_next/static/chunks/%5Broot-of-the-server%5D__ad960bb7._.css was preloaded using link preload but not used within a few seconds from the window's load event. Please make sure it has an appropriate `as` value and it is preloaded intentionally. @ http://localhost:3000/en/admin-dash/events/6a1c81424ffb8ccc76b39b51:0
[ 8976364ms] [LOG] [API] GET /notifications/unread-count - 200 (225ms) @ http://localhost:3000/_next/static/chunks/_d74edac0._.js:2258
[ 8979372ms] [WARNING] The resource http://localhost:3000/_next/static/chunks/%5Broot-of-the-server%5D__ad960bb7._.css was preloaded using link preload but not used within a few seconds from the window's load event. Please make sure it has an appropriate `as` value and it is preloaded intentionally. @ http://localhost:3000/en/admin-dash/events/6a1c81424ffb8ccc76b39b51:0
[ 9006709ms] [LOG] [API] GET /notifications/unread-count - 200 (339ms) @ http://localhost:3000/_next/static/chunks/_d74edac0._.js:2258
[ 9009720ms] [WARNING] The resource http://localhost:3000/_next/static/chunks/%5Broot-of-the-server%5D__ad960bb7._.css was preloaded using link preload but not used within a few seconds from the window's load event. Please make sure it has an appropriate `as` value and it is preloaded intentionally. @ http://localhost:3000/en/admin-dash/events/6a1c81424ffb8ccc76b39b51:0
[ 9036924ms] [LOG] [API] GET /notifications/unread-count - 200 (210ms) @ http://localhost:3000/_next/static/chunks/_d74edac0._.js:2258
[ 9039931ms] [WARNING] The resource http://localhost:3000/_next/static/chunks/%5Broot-of-the-server%5D__ad960bb7._.css was preloaded using link preload but not used within a few seconds from the window's load event. Please make sure it has an appropriate `as` value and it is preloaded intentionally. @ http://localhost:3000/en/admin-dash/events/6a1c81424ffb8ccc76b39b51:0
[ 9067138ms] [LOG] [API] GET /notifications/unread-count - 200 (209ms) @ http://localhost:3000/_next/static/chunks/_d74edac0._.js:2258
[ 9070143ms] [WARNING] The resource http://localhost:3000/_next/static/chunks/%5Broot-of-the-server%5D__ad960bb7._.css was preloaded using link preload but not used within a few seconds from the window's load event. Please make sure it has an appropriate `as` value and it is preloaded intentionally. @ http://localhost:3000/en/admin-dash/events/6a1c81424ffb8ccc76b39b51:0
[ 9097344ms] [LOG] [API] GET /notifications/unread-count - 200 (202ms) @ http://localhost:3000/_next/static/chunks/_d74edac0._.js:2258
[ 9100346ms] [WARNING] The resource http://localhost:3000/_next/static/chunks/%5Broot-of-the-server%5D__ad960bb7._.css was preloaded using link preload but not used within a few seconds from the window's load event. Please make sure it has an appropriate `as` value and it is preloaded intentionally. @ http://localhost:3000/en/admin-dash/events/6a1c81424ffb8ccc76b39b51:0
[ 9127559ms] [LOG] [API] GET /notifications/unread-count - 200 (204ms) @ http://localhost:3000/_next/static/chunks/_d74edac0._.js:2258
[ 9130571ms] [WARNING] The resource http://localhost:3000/_next/static/chunks/%5Broot-of-the-server%5D__ad960bb7._.css was preloaded using link preload but not used within a few seconds from the window's load event. Please make sure it has an appropriate `as` value and it is preloaded intentionally. @ http://localhost:3000/en/admin-dash/events/6a1c81424ffb8ccc76b39b51:0
[ 9157776ms] [LOG] [API] GET /notifications/unread-count - 200 (207ms) @ http://localhost:3000/_next/static/chunks/_d74edac0._.js:2258
[ 9160785ms] [WARNING] The resource http://localhost:3000/_next/static/chunks/%5Broot-of-the-server%5D__ad960bb7._.css was preloaded using link preload but not used within a few seconds from the window's load event. Please make sure it has an appropriate `as` value and it is preloaded intentionally. @ http://localhost:3000/en/admin-dash/events/6a1c81424ffb8ccc76b39b51:0
[ 9187993ms] [LOG] [API] GET /notifications/unread-count - 200 (210ms) @ http://localhost:3000/_next/static/chunks/_d74edac0._.js:2258
[ 9190999ms] [WARNING] The resource http://localhost:3000/_next/static/chunks/%5Broot-of-the-server%5D__ad960bb7._.css was preloaded using link preload but not used within a few seconds from the window's load event. Please make sure it has an appropriate `as` value and it is preloaded intentionally. @ http://localhost:3000/en/admin-dash/events/6a1c81424ffb8ccc76b39b51:0
[ 9218201ms] [LOG] [API] GET /notifications/unread-count - 200 (204ms) @ http://localhost:3000/_next/static/chunks/_d74edac0._.js:2258
[ 9221212ms] [WARNING] The resource http://localhost:3000/_next/static/chunks/%5Broot-of-the-server%5D__ad960bb7._.css was preloaded using link preload but not used within a few seconds from the window's load event. Please make sure it has an appropriate `as` value and it is preloaded intentionally. @ http://localhost:3000/en/admin-dash/events/6a1c81424ffb8ccc76b39b51:0
[ 9248417ms] [LOG] [API] GET /notifications/unread-count - 200 (207ms) @ http://localhost:3000/_next/static/chunks/_d74edac0._.js:2258
[ 9251425ms] [WARNING] The resource http://localhost:3000/_next/static/chunks/%5Broot-of-the-server%5D__ad960bb7._.css was preloaded using link preload but not used within a few seconds from the window's load event. Please make sure it has an appropriate `as` value and it is preloaded intentionally. @ http://localhost:3000/en/admin-dash/events/6a1c81424ffb8ccc76b39b51:0
[ 9278625ms] [LOG] [API] GET /notifications/unread-count - 200 (202ms) @ http://localhost:3000/_next/static/chunks/_d74edac0._.js:2258
[ 9281639ms] [WARNING] The resource http://localhost:3000/_next/static/chunks/%5Broot-of-the-server%5D__ad960bb7._.css was preloaded using link preload but not used within a few seconds from the window's load event. Please make sure it has an appropriate `as` value and it is preloaded intentionally. @ http://localhost:3000/en/admin-dash/events/6a1c81424ffb8ccc76b39b51:0
[ 9308841ms] [LOG] [API] GET /notifications/unread-count - 200 (204ms) @ http://localhost:3000/_next/static/chunks/_d74edac0._.js:2258
[ 9311853ms] [WARNING] The resource http://localhost:3000/_next/static/chunks/%5Broot-of-the-server%5D__ad960bb7._.css was preloaded using link preload but not used within a few seconds from the window's load event. Please make sure it has an appropriate `as` value and it is preloaded intentionally. @ http://localhost:3000/en/admin-dash/events/6a1c81424ffb8ccc76b39b51:0
[ 9339058ms] [LOG] [API] GET /notifications/unread-count - 200 (207ms) @ http://localhost:3000/_next/static/chunks/_d74edac0._.js:2258
[ 9342066ms] [WARNING] The resource http://localhost:3000/_next/static/chunks/%5Broot-of-the-server%5D__ad960bb7._.css was preloaded using link preload but not used within a few seconds from the window's load event. Please make sure it has an appropriate `as` value and it is preloaded intentionally. @ http://localhost:3000/en/admin-dash/events/6a1c81424ffb8ccc76b39b51:0
[ 9369352ms] [LOG] [API] GET /notifications/unread-count - 200 (283ms) @ http://localhost:3000/_next/static/chunks/_d74edac0._.js:2258
[10834402ms] [WARNING] The resource http://localhost:3000/_next/static/chunks/%5Broot-of-the-server%5D__ad960bb7._.css was preloaded using link preload but not used within a few seconds from the window's load event. Please make sure it has an appropriate `as` value and it is preloaded intentionally. @ http://localhost:3000/en/admin-dash/events/6a1c81424ffb8ccc76b39b51:0
[10835208ms] [ERROR] Failed to load resource: the server responded with a status of 401 (Unauthorized) @ http://localhost:3000/api/v2/notifications/unread-count:0
[10836449ms] [ERROR] Failed to load resource: the server responded with a status of 401 (Unauthorized) @ http://localhost:3000/api/v2/events/stats/6a1c81424ffb8ccc76b39b51:0
[10839084ms] [LOG] [API] GET /notifications/unread-count - 200 (714ms) @ http://localhost:3000/_next/static/chunks/_d74edac0._.js:2258
[10839086ms] [ERROR] Failed to load resource: the server responded with a status of 404 (Not Found) @ http://localhost:3000/api/v2/events/stats/6a1c81424ffb8ccc76b39b51:0
[10839087ms] [ERROR] [API Error] GET /events/stats/6a1c81424ffb8ccc76b39b51 - 404 (716ms): Event not found @ http://localhost:3000/_next/static/chunks/node_modules_next_dist_b0daae9a._.js:2405
[10842104ms] [WARNING] The resource http://localhost:3000/_next/static/chunks/%5Broot-of-the-server%5D__ad960bb7._.css was preloaded using link preload but not used within a few seconds from the window's load event. Please make sure it has an appropriate `as` value and it is preloaded intentionally. @ http://localhost:3000/en/admin-dash/events/6a1c81424ffb8ccc76b39b51:0
[10843798ms] [ERROR] Failed to load resource: the server responded with a status of 404 (Not Found) @ http://localhost:3000/api/v2/events/stats/6a1c81424ffb8ccc76b39b51:0
[10843799ms] [ERROR] [API Error] GET /events/stats/6a1c81424ffb8ccc76b39b51 - 404 (3709ms): Event not found @ http://localhost:3000/_next/static/chunks/node_modules_next_dist_b0daae9a._.js:2405
[10846010ms] [ERROR] Failed to load resource: the server responded with a status of 404 (Not Found) @ http://localhost:3000/api/v2/events/stats/6a1c81424ffb8ccc76b39b51:0
[10846010ms] [ERROR] [API Error] GET /events/stats/6a1c81424ffb8ccc76b39b51 - 404 (205ms): Event not found @ http://localhost:3000/_next/static/chunks/node_modules_next_dist_b0daae9a._.js:2405
[10849022ms] [WARNING] The resource http://localhost:3000/_next/static/chunks/%5Broot-of-the-server%5D__ad960bb7._.css was preloaded using link preload but not used within a few seconds from the window's load event. Please make sure it has an appropriate `as` value and it is preloaded intentionally. @ http://localhost:3000/en/admin-dash/events/6a1c81424ffb8ccc76b39b51:0
[10850224ms] [ERROR] Failed to load resource: the server responded with a status of 404 (Not Found) @ http://localhost:3000/api/v2/events/stats/6a1c81424ffb8ccc76b39b51:0
[10850225ms] [ERROR] [API Error] GET /events/stats/6a1c81424ffb8ccc76b39b51 - 404 (202ms): Event not found @ http://localhost:3000/_next/static/chunks/node_modules_next_dist_b0daae9a._.js:2405
[10853238ms] [WARNING] The resource http://localhost:3000/_next/static/chunks/%5Broot-of-the-server%5D__ad960bb7._.css was preloaded using link preload but not used within a few seconds from the window's load event. Please make sure it has an appropriate `as` value and it is preloaded intentionally. @ http://localhost:3000/en/admin-dash/events/6a1c81424ffb8ccc76b39b51:0
[10869296ms] [LOG] [API] GET /notifications/unread-count - 200 (209ms) @ http://localhost:3000/_next/static/chunks/_d74edac0._.js:2258
[10872302ms] [WARNING] The resource http://localhost:3000/_next/static/chunks/%5Broot-of-the-server%5D__ad960bb7._.css was preloaded using link preload but not used within a few seconds from the window's load event. Please make sure it has an appropriate `as` value and it is preloaded intentionally. @ http://localhost:3000/en/admin-dash/events/6a1c81424ffb8ccc76b39b51:0
[10899503ms] [LOG] [API] GET /notifications/unread-count - 200 (201ms) @ http://localhost:3000/_next/static/chunks/_d74edac0._.js:2258
[10902516ms] [WARNING] The resource http://localhost:3000/_next/static/chunks/%5Broot-of-the-server%5D__ad960bb7._.css was preloaded using link preload but not used within a few seconds from the window's load event. Please make sure it has an appropriate `as` value and it is preloaded intentionally. @ http://localhost:3000/en/admin-dash/events/6a1c81424ffb8ccc76b39b51:0
[10929713ms] [LOG] [API] GET /notifications/unread-count - 200 (201ms) @ http://localhost:3000/_next/static/chunks/_d74edac0._.js:2258
[10932725ms] [WARNING] The resource http://localhost:3000/_next/static/chunks/%5Broot-of-the-server%5D__ad960bb7._.css was preloaded using link preload but not used within a few seconds from the window's load event. Please make sure it has an appropriate `as` value and it is preloaded intentionally. @ http://localhost:3000/en/admin-dash/events/6a1c81424ffb8ccc76b39b51:0
[10960060ms] [LOG] [API] GET /notifications/unread-count - 200 (336ms) @ http://localhost:3000/_next/static/chunks/_d74edac0._.js:2258
[10963075ms] [WARNING] The resource http://localhost:3000/_next/static/chunks/%5Broot-of-the-server%5D__ad960bb7._.css was preloaded using link preload but not used within a few seconds from the window's load event. Please make sure it has an appropriate `as` value and it is preloaded intentionally. @ http://localhost:3000/en/admin-dash/events/6a1c81424ffb8ccc76b39b51:0
[10990281ms] [LOG] [API] GET /notifications/unread-count - 200 (209ms) @ http://localhost:3000/_next/static/chunks/_d74edac0._.js:2258
[10993288ms] [WARNING] The resource http://localhost:3000/_next/static/chunks/%5Broot-of-the-server%5D__ad960bb7._.css was preloaded using link preload but not used within a few seconds from the window's load event. Please make sure it has an appropriate `as` value and it is preloaded intentionally. @ http://localhost:3000/en/admin-dash/events/6a1c81424ffb8ccc76b39b51:0
[11020489ms] [LOG] [API] GET /notifications/unread-count - 200 (202ms) @ http://localhost:3000/_next/static/chunks/_d74edac0._.js:2258
[11023502ms] [WARNING] The resource http://localhost:3000/_next/static/chunks/%5Broot-of-the-server%5D__ad960bb7._.css was preloaded using link preload but not used within a few seconds from the window's load event. Please make sure it has an appropriate `as` value and it is preloaded intentionally. @ http://localhost:3000/en/admin-dash/events/6a1c81424ffb8ccc76b39b51:0
[11050703ms] [LOG] [API] GET /notifications/unread-count - 200 (203ms) @ http://localhost:3000/_next/static/chunks/_d74edac0._.js:2258
[11053718ms] [WARNING] The resource http://localhost:3000/_next/static/chunks/%5Broot-of-the-server%5D__ad960bb7._.css was preloaded using link preload but not used within a few seconds from the window's load event. Please make sure it has an appropriate `as` value and it is preloaded intentionally. @ http://localhost:3000/en/admin-dash/events/6a1c81424ffb8ccc76b39b51:0
[11080950ms] [LOG] [API] GET /notifications/unread-count - 200 (234ms) @ http://localhost:3000/_next/static/chunks/_d74edac0._.js:2258
[11083962ms] [WARNING] The resource http://localhost:3000/_next/static/chunks/%5Broot-of-the-server%5D__ad960bb7._.css was preloaded using link preload but not used within a few seconds from the window's load event. Please make sure it has an appropriate `as` value and it is preloaded intentionally. @ http://localhost:3000/en/admin-dash/events/6a1c81424ffb8ccc76b39b51:0
[11111174ms] [LOG] [API] GET /notifications/unread-count - 200 (211ms) @ http://localhost:3000/_next/static/chunks/_d74edac0._.js:2258
[11114183ms] [WARNING] The resource http://localhost:3000/_next/static/chunks/%5Broot-of-the-server%5D__ad960bb7._.css was preloaded using link preload but not used within a few seconds from the window's load event. Please make sure it has an appropriate `as` value and it is preloaded intentionally. @ http://localhost:3000/en/admin-dash/events/6a1c81424ffb8ccc76b39b51:0
[11141459ms] [LOG] [API] GET /notifications/unread-count - 200 (270ms) @ http://localhost:3000/_next/static/chunks/_d74edac0._.js:2258
[11144469ms] [WARNING] The resource http://localhost:3000/_next/static/chunks/%5Broot-of-the-server%5D__ad960bb7._.css was preloaded using link preload but not used within a few seconds from the window's load event. Please make sure it has an appropriate `as` value and it is preloaded intentionally. @ http://localhost:3000/en/admin-dash/events/6a1c81424ffb8ccc76b39b51:0
[11171672ms] [LOG] [API] GET /notifications/unread-count - 200 (204ms) @ http://localhost:3000/_next/static/chunks/_d74edac0._.js:2258
[11174682ms] [WARNING] The resource http://localhost:3000/_next/static/chunks/%5Broot-of-the-server%5D__ad960bb7._.css was preloaded using link preload but not used within a few seconds from the window's load event. Please make sure it has an appropriate `as` value and it is preloaded intentionally. @ http://localhost:3000/en/admin-dash/events/6a1c81424ffb8ccc76b39b51:0
[11201886ms] [LOG] [API] GET /notifications/unread-count - 200 (205ms) @ http://localhost:3000/_next/static/chunks/_d74edac0._.js:2258
[11204889ms] [WARNING] The resource http://localhost:3000/_next/static/chunks/%5Broot-of-the-server%5D__ad960bb7._.css was preloaded using link preload but not used within a few seconds from the window's load event. Please make sure it has an appropriate `as` value and it is preloaded intentionally. @ http://localhost:3000/en/admin-dash/events/6a1c81424ffb8ccc76b39b51:0
[11232102ms] [LOG] [API] GET /notifications/unread-count - 200 (202ms) @ http://localhost:3000/_next/static/chunks/_d74edac0._.js:2258
[11235114ms] [WARNING] The resource http://localhost:3000/_next/static/chunks/%5Broot-of-the-server%5D__ad960bb7._.css was preloaded using link preload but not used within a few seconds from the window's load event. Please make sure it has an appropriate `as` value and it is preloaded intentionally. @ http://localhost:3000/en/admin-dash/events/6a1c81424ffb8ccc76b39b51:0
[11262323ms] [LOG] [API] GET /notifications/unread-count - 200 (209ms) @ http://localhost:3000/_next/static/chunks/_d74edac0._.js:2258
[11265331ms] [WARNING] The resource http://localhost:3000/_next/static/chunks/%5Broot-of-the-server%5D__ad960bb7._.css was preloaded using link preload but not used within a few seconds from the window's load event. Please make sure it has an appropriate `as` value and it is preloaded intentionally. @ http://localhost:3000/en/admin-dash/events/6a1c81424ffb8ccc76b39b51:0
[11292540ms] [LOG] [API] GET /notifications/unread-count - 200 (203ms) @ http://localhost:3000/_next/static/chunks/_d74edac0._.js:2258
[11295541ms] [WARNING] The resource http://localhost:3000/_next/static/chunks/%5Broot-of-the-server%5D__ad960bb7._.css was preloaded using link preload but not used within a few seconds from the window's load event. Please make sure it has an appropriate `as` value and it is preloaded intentionally. @ http://localhost:3000/en/admin-dash/events/6a1c81424ffb8ccc76b39b51:0
[11322744ms] [LOG] [API] GET /notifications/unread-count - 200 (201ms) @ http://localhost:3000/_next/static/chunks/_d74edac0._.js:2258
[11325757ms] [WARNING] The resource http://localhost:3000/_next/static/chunks/%5Broot-of-the-server%5D__ad960bb7._.css was preloaded using link preload but not used within a few seconds from the window's load event. Please make sure it has an appropriate `as` value and it is preloaded intentionally. @ http://localhost:3000/en/admin-dash/events/6a1c81424ffb8ccc76b39b51:0
[11352957ms] [LOG] [API] GET /notifications/unread-count - 200 (203ms) @ http://localhost:3000/_next/static/chunks/_d74edac0._.js:2258
[11355965ms] [WARNING] The resource http://localhost:3000/_next/static/chunks/%5Broot-of-the-server%5D__ad960bb7._.css was preloaded using link preload but not used within a few seconds from the window's load event. Please make sure it has an appropriate `as` value and it is preloaded intentionally. @ http://localhost:3000/en/admin-dash/events/6a1c81424ffb8ccc76b39b51:0
[11383177ms] [LOG] [API] GET /notifications/unread-count - 200 (206ms) @ http://localhost:3000/_next/static/chunks/_d74edac0._.js:2258
[11386178ms] [WARNING] The resource http://localhost:3000/_next/static/chunks/%5Broot-of-the-server%5D__ad960bb7._.css was preloaded using link preload but not used within a few seconds from the window's load event. Please make sure it has an appropriate `as` value and it is preloaded intentionally. @ http://localhost:3000/en/admin-dash/events/6a1c81424ffb8ccc76b39b51:0
[11413380ms] [LOG] [API] GET /notifications/unread-count - 200 (201ms) @ http://localhost:3000/_next/static/chunks/_d74edac0._.js:2258
[11416387ms] [WARNING] The resource http://localhost:3000/_next/static/chunks/%5Broot-of-the-server%5D__ad960bb7._.css was preloaded using link preload but not used within a few seconds from the window's load event. Please make sure it has an appropriate `as` value and it is preloaded intentionally. @ http://localhost:3000/en/admin-dash/events/6a1c81424ffb8ccc76b39b51:0
[11443589ms] [LOG] [API] GET /notifications/unread-count - 200 (204ms) @ http://localhost:3000/_next/static/chunks/_d74edac0._.js:2258
[11446595ms] [WARNING] The resource http://localhost:3000/_next/static/chunks/%5Broot-of-the-server%5D__ad960bb7._.css was preloaded using link preload but not used within a few seconds from the window's load event. Please make sure it has an appropriate `as` value and it is preloaded intentionally. @ http://localhost:3000/en/admin-dash/events/6a1c81424ffb8ccc76b39b51:0
[11473826ms] [LOG] [API] GET /notifications/unread-count - 200 (234ms) @ http://localhost:3000/_next/static/chunks/_d74edac0._.js:2258
[11476840ms] [WARNING] The resource http://localhost:3000/_next/static/chunks/%5Broot-of-the-server%5D__ad960bb7._.css was preloaded using link preload but not used within a few seconds from the window's load event. Please make sure it has an appropriate `as` value and it is preloaded intentionally. @ http://localhost:3000/en/admin-dash/events/6a1c81424ffb8ccc76b39b51:0
[11504040ms] [LOG] [API] GET /notifications/unread-count - 200 (203ms) @ http://localhost:3000/_next/static/chunks/_d74edac0._.js:2258
[11507056ms] [WARNING] The resource http://localhost:3000/_next/static/chunks/%5Broot-of-the-server%5D__ad960bb7._.css was preloaded using link preload but not used within a few seconds from the window's load event. Please make sure it has an appropriate `as` value and it is preloaded intentionally. @ http://localhost:3000/en/admin-dash/events/6a1c81424ffb8ccc76b39b51:0
[11534247ms] [LOG] [API] GET /notifications/unread-count - 200 (203ms) @ http://localhost:3000/_next/static/chunks/_d74edac0._.js:2258
[11537249ms] [WARNING] The resource http://localhost:3000/_next/static/chunks/%5Broot-of-the-server%5D__ad960bb7._.css was preloaded using link preload but not used within a few seconds from the window's load event. Please make sure it has an appropriate `as` value and it is preloaded intentionally. @ http://localhost:3000/en/admin-dash/events/6a1c81424ffb8ccc76b39b51:0
[11564464ms] [LOG] [API] GET /notifications/unread-count - 200 (204ms) @ http://localhost:3000/_next/static/chunks/_d74edac0._.js:2258
[11567480ms] [WARNING] The resource http://localhost:3000/_next/static/chunks/%5Broot-of-the-server%5D__ad960bb7._.css was preloaded using link preload but not used within a few seconds from the window's load event. Please make sure it has an appropriate `as` value and it is preloaded intentionally. @ http://localhost:3000/en/admin-dash/events/6a1c81424ffb8ccc76b39b51:0
[11594672ms] [LOG] [API] GET /notifications/unread-count - 200 (200ms) @ http://localhost:3000/_next/static/chunks/_d74edac0._.js:2258
[11597682ms] [WARNING] The resource http://localhost:3000/_next/static/chunks/%5Broot-of-the-server%5D__ad960bb7._.css was preloaded using link preload but not used within a few seconds from the window's load event. Please make sure it has an appropriate `as` value and it is preloaded intentionally. @ http://localhost:3000/en/admin-dash/events/6a1c81424ffb8ccc76b39b51:0
[11624881ms] [LOG] [API] GET /notifications/unread-count - 200 (203ms) @ http://localhost:3000/_next/static/chunks/_d74edac0._.js:2258
[11627890ms] [WARNING] The resource http://localhost:3000/_next/static/chunks/%5Broot-of-the-server%5D__ad960bb7._.css was preloaded using link preload but not used within a few seconds from the window's load event. Please make sure it has an appropriate `as` value and it is preloaded intentionally. @ http://localhost:3000/en/admin-dash/events/6a1c81424ffb8ccc76b39b51:0
[11655101ms] [LOG] [API] GET /notifications/unread-count - 200 (207ms) @ http://localhost:3000/_next/static/chunks/_d74edac0._.js:2258
[11658117ms] [WARNING] The resource http://localhost:3000/_next/static/chunks/%5Broot-of-the-server%5D__ad960bb7._.css was preloaded using link preload but not used within a few seconds from the window's load event. Please make sure it has an appropriate `as` value and it is preloaded intentionally. @ http://localhost:3000/en/admin-dash/events/6a1c81424ffb8ccc76b39b51:0
[11685353ms] [LOG] [API] GET /notifications/unread-count - 200 (248ms) @ http://localhost:3000/_next/static/chunks/_d74edac0._.js:2258
[11688354ms] [WARNING] The resource http://localhost:3000/_next/static/chunks/%5Broot-of-the-server%5D__ad960bb7._.css was preloaded using link preload but not used within a few seconds from the window's load event. Please make sure it has an appropriate `as` value and it is preloaded intentionally. @ http://localhost:3000/en/admin-dash/events/6a1c81424ffb8ccc76b39b51:0
[11715559ms] [LOG] [API] GET /notifications/unread-count - 200 (204ms) @ http://localhost:3000/_next/static/chunks/_d74edac0._.js:2258
[11718565ms] [WARNING] The resource http://localhost:3000/_next/static/chunks/%5Broot-of-the-server%5D__ad960bb7._.css was preloaded using link preload but not used within a few seconds from the window's load event. Please make sure it has an appropriate `as` value and it is preloaded intentionally. @ http://localhost:3000/en/admin-dash/events/6a1c81424ffb8ccc76b39b51:0
[11745572ms] [ERROR] Failed to load resource: the server responded with a status of 401 (Unauthorized) @ http://localhost:3000/api/v2/notifications/unread-count:0
[11746065ms] [LOG] [API] GET /notifications/unread-count - 200 (205ms) @ http://localhost:3000/_next/static/chunks/_d74edac0._.js:2258
[11749067ms] [WARNING] The resource http://localhost:3000/_next/static/chunks/%5Broot-of-the-server%5D__ad960bb7._.css was preloaded using link preload but not used within a few seconds from the window's load event. Please make sure it has an appropriate `as` value and it is preloaded intentionally. @ http://localhost:3000/en/admin-dash/events/6a1c81424ffb8ccc76b39b51:0
[11776279ms] [LOG] [API] GET /notifications/unread-count - 200 (210ms) @ http://localhost:3000/_next/static/chunks/_d74edac0._.js:2258
[11779285ms] [WARNING] The resource http://localhost:3000/_next/static/chunks/%5Broot-of-the-server%5D__ad960bb7._.css was preloaded using link preload but not used within a few seconds from the window's load event. Please make sure it has an appropriate `as` value and it is preloaded intentionally. @ http://localhost:3000/en/admin-dash/events/6a1c81424ffb8ccc76b39b51:0
[11806491ms] [LOG] [API] GET /notifications/unread-count - 200 (204ms) @ http://localhost:3000/_next/static/chunks/_d74edac0._.js:2258
[11809496ms] [WARNING] The resource http://localhost:3000/_next/static/chunks/%5Broot-of-the-server%5D__ad960bb7._.css was preloaded using link preload but not used within a few seconds from the window's load event. Please make sure it has an appropriate `as` value and it is preloaded intentionally. @ http://localhost:3000/en/admin-dash/events/6a1c81424ffb8ccc76b39b51:0
[11836710ms] [LOG] [API] GET /notifications/unread-count - 200 (211ms) @ http://localhost:3000/_next/static/chunks/_d74edac0._.js:2258
[11839715ms] [WARNING] The resource http://localhost:3000/_next/static/chunks/%5Broot-of-the-server%5D__ad960bb7._.css was preloaded using link preload but not used within a few seconds from the window's load event. Please make sure it has an appropriate `as` value and it is preloaded intentionally. @ http://localhost:3000/en/admin-dash/events/6a1c81424ffb8ccc76b39b51:0
[11866918ms] [LOG] [API] GET /notifications/unread-count - 200 (205ms) @ http://localhost:3000/_next/static/chunks/_d74edac0._.js:2258
[11869925ms] [WARNING] The resource http://localhost:3000/_next/static/chunks/%5Broot-of-the-server%5D__ad960bb7._.css was preloaded using link preload but not used within a few seconds from the window's load event. Please make sure it has an appropriate `as` value and it is preloaded intentionally. @ http://localhost:3000/en/admin-dash/events/6a1c81424ffb8ccc76b39b51:0
[11897154ms] [LOG] [API] GET /notifications/unread-count - 200 (222ms) @ http://localhost:3000/_next/static/chunks/_d74edac0._.js:2258
[11900163ms] [WARNING] The resource http://localhost:3000/_next/static/chunks/%5Broot-of-the-server%5D__ad960bb7._.css was preloaded using link preload but not used within a few seconds from the window's load event. Please make sure it has an appropriate `as` value and it is preloaded intentionally. @ http://localhost:3000/en/admin-dash/events/6a1c81424ffb8ccc76b39b51:0
[11927368ms] [LOG] [API] GET /notifications/unread-count - 200 (211ms) @ http://localhost:3000/_next/static/chunks/_d74edac0._.js:2258
[11930381ms] [WARNING] The resource http://localhost:3000/_next/static/chunks/%5Broot-of-the-server%5D__ad960bb7._.css was preloaded using link preload but not used within a few seconds from the window's load event. Please make sure it has an appropriate `as` value and it is preloaded intentionally. @ http://localhost:3000/en/admin-dash/events/6a1c81424ffb8ccc76b39b51:0
[11957588ms] [LOG] [API] GET /notifications/unread-count - 200 (213ms) @ http://localhost:3000/_next/static/chunks/_d74edac0._.js:2258
[11960594ms] [WARNING] The resource http://localhost:3000/_next/static/chunks/%5Broot-of-the-server%5D__ad960bb7._.css was preloaded using link preload but not used within a few seconds from the window's load event. Please make sure it has an appropriate `as` value and it is preloaded intentionally. @ http://localhost:3000/en/admin-dash/events/6a1c81424ffb8ccc76b39b51:0
[11987799ms] [LOG] [API] GET /notifications/unread-count - 200 (203ms) @ http://localhost:3000/_next/static/chunks/_d74edac0._.js:2258
[11990813ms] [WARNING] The resource http://localhost:3000/_next/static/chunks/%5Broot-of-the-server%5D__ad960bb7._.css was preloaded using link preload but not used within a few seconds from the window's load event. Please make sure it has an appropriate `as` value and it is preloaded intentionally. @ http://localhost:3000/en/admin-dash/events/6a1c81424ffb8ccc76b39b51:0
[12018016ms] [LOG] [API] GET /notifications/unread-count - 200 (204ms) @ http://localhost:3000/_next/static/chunks/_d74edac0._.js:2258
[12021032ms] [WARNING] The resource http://localhost:3000/_next/static/chunks/%5Broot-of-the-server%5D__ad960bb7._.css was preloaded using link preload but not used within a few seconds from the window's load event. Please make sure it has an appropriate `as` value and it is preloaded intentionally. @ http://localhost:3000/en/admin-dash/events/6a1c81424ffb8ccc76b39b51:0
[12048247ms] [LOG] [API] GET /notifications/unread-count - 200 (215ms) @ http://localhost:3000/_next/static/chunks/_d74edac0._.js:2258
[12051261ms] [WARNING] The resource http://localhost:3000/_next/static/chunks/%5Broot-of-the-server%5D__ad960bb7._.css was preloaded using link preload but not used within a few seconds from the window's load event. Please make sure it has an appropriate `as` value and it is preloaded intentionally. @ http://localhost:3000/en/admin-dash/events/6a1c81424ffb8ccc76b39b51:0
[12078463ms] [LOG] [API] GET /notifications/unread-count - 200 (202ms) @ http://localhost:3000/_next/static/chunks/_d74edac0._.js:2258
[12081475ms] [WARNING] The resource http://localhost:3000/_next/static/chunks/%5Broot-of-the-server%5D__ad960bb7._.css was preloaded using link preload but not used within a few seconds from the window's load event. Please make sure it has an appropriate `as` value and it is preloaded intentionally. @ http://localhost:3000/en/admin-dash/events/6a1c81424ffb8ccc76b39b51:0
[12108670ms] [LOG] [API] GET /notifications/unread-count - 200 (203ms) @ http://localhost:3000/_next/static/chunks/_d74edac0._.js:2258
[12111673ms] [WARNING] The resource http://localhost:3000/_next/static/chunks/%5Broot-of-the-server%5D__ad960bb7._.css was preloaded using link preload but not used within a few seconds from the window's load event. Please make sure it has an appropriate `as` value and it is preloaded intentionally. @ http://localhost:3000/en/admin-dash/events/6a1c81424ffb8ccc76b39b51:0
[12138874ms] [LOG] [API] GET /notifications/unread-count - 200 (201ms) @ http://localhost:3000/_next/static/chunks/_d74edac0._.js:2258
[12141888ms] [WARNING] The resource http://localhost:3000/_next/static/chunks/%5Broot-of-the-server%5D__ad960bb7._.css was preloaded using link preload but not used within a few seconds from the window's load event. Please make sure it has an appropriate `as` value and it is preloaded intentionally. @ http://localhost:3000/en/admin-dash/events/6a1c81424ffb8ccc76b39b51:0
[12169080ms] [LOG] [API] GET /notifications/unread-count - 200 (201ms) @ http://localhost:3000/_next/static/chunks/_d74edac0._.js:2258
[12172083ms] [WARNING] The resource http://localhost:3000/_next/static/chunks/%5Broot-of-the-server%5D__ad960bb7._.css was preloaded using link preload but not used within a few seconds from the window's load event. Please make sure it has an appropriate `as` value and it is preloaded intentionally. @ http://localhost:3000/en/admin-dash/events/6a1c81424ffb8ccc76b39b51:0
[12199298ms] [LOG] [API] GET /notifications/unread-count - 200 (202ms) @ http://localhost:3000/_next/static/chunks/_d74edac0._.js:2258
[12202308ms] [WARNING] The resource http://localhost:3000/_next/static/chunks/%5Broot-of-the-server%5D__ad960bb7._.css was preloaded using link preload but not used within a few seconds from the window's load event. Please make sure it has an appropriate `as` value and it is preloaded intentionally. @ http://localhost:3000/en/admin-dash/events/6a1c81424ffb8ccc76b39b51:0
[12229517ms] [LOG] [API] GET /notifications/unread-count - 200 (206ms) @ http://localhost:3000/_next/static/chunks/_d74edac0._.js:2258
[12232521ms] [WARNING] The resource http://localhost:3000/_next/static/chunks/%5Broot-of-the-server%5D__ad960bb7._.css was preloaded using link preload but not used within a few seconds from the window's load event. Please make sure it has an appropriate `as` value and it is preloaded intentionally. @ http://localhost:3000/en/admin-dash/events/6a1c81424ffb8ccc76b39b51:0
[12259731ms] [LOG] [API] GET /notifications/unread-count - 200 (202ms) @ http://localhost:3000/_next/static/chunks/_d74edac0._.js:2258
[12262737ms] [WARNING] The resource http://localhost:3000/_next/static/chunks/%5Broot-of-the-server%5D__ad960bb7._.css was preloaded using link preload but not used within a few seconds from the window's load event. Please make sure it has an appropriate `as` value and it is preloaded intentionally. @ http://localhost:3000/en/admin-dash/events/6a1c81424ffb8ccc76b39b51:0
[12289943ms] [LOG] [API] GET /notifications/unread-count - 200 (204ms) @ http://localhost:3000/_next/static/chunks/_d74edac0._.js:2258
[12292959ms] [WARNING] The resource http://localhost:3000/_next/static/chunks/%5Broot-of-the-server%5D__ad960bb7._.css was preloaded using link preload but not used within a few seconds from the window's load event. Please make sure it has an appropriate `as` value and it is preloaded intentionally. @ http://localhost:3000/en/admin-dash/events/6a1c81424ffb8ccc76b39b51:0
[12320152ms] [LOG] [API] GET /notifications/unread-count - 200 (202ms) @ http://localhost:3000/_next/static/chunks/_d74edac0._.js:2258
[12323165ms] [WARNING] The resource http://localhost:3000/_next/static/chunks/%5Broot-of-the-server%5D__ad960bb7._.css was preloaded using link preload but not used within a few seconds from the window's load event. Please make sure it has an appropriate `as` value and it is preloaded intentionally. @ http://localhost:3000/en/admin-dash/events/6a1c81424ffb8ccc76b39b51:0
[12350373ms] [LOG] [API] GET /notifications/unread-count - 200 (206ms) @ http://localhost:3000/_next/static/chunks/_d74edac0._.js:2258
[12353385ms] [WARNING] The resource http://localhost:3000/_next/static/chunks/%5Broot-of-the-server%5D__ad960bb7._.css was preloaded using link preload but not used within a few seconds from the window's load event. Please make sure it has an appropriate `as` value and it is preloaded intentionally. @ http://localhost:3000/en/admin-dash/events/6a1c81424ffb8ccc76b39b51:0
[12380584ms] [LOG] [API] GET /notifications/unread-count - 200 (203ms) @ http://localhost:3000/_next/static/chunks/_d74edac0._.js:2258
[12383585ms] [WARNING] The resource http://localhost:3000/_next/static/chunks/%5Broot-of-the-server%5D__ad960bb7._.css was preloaded using link preload but not used within a few seconds from the window's load event. Please make sure it has an appropriate `as` value and it is preloaded intentionally. @ http://localhost:3000/en/admin-dash/events/6a1c81424ffb8ccc76b39b51:0
[12410802ms] [LOG] [API] GET /notifications/unread-count - 200 (206ms) @ http://localhost:3000/_next/static/chunks/_d74edac0._.js:2258
[12413816ms] [WARNING] The resource http://localhost:3000/_next/static/chunks/%5Broot-of-the-server%5D__ad960bb7._.css was preloaded using link preload but not used within a few seconds from the window's load event. Please make sure it has an appropriate `as` value and it is preloaded intentionally. @ http://localhost:3000/en/admin-dash/events/6a1c81424ffb8ccc76b39b51:0
[12441012ms] [LOG] [API] GET /notifications/unread-count - 200 (208ms) @ http://localhost:3000/_next/static/chunks/_d74edac0._.js:2258
[12444024ms] [WARNING] The resource http://localhost:3000/_next/static/chunks/%5Broot-of-the-server%5D__ad960bb7._.css was preloaded using link preload but not used within a few seconds from the window's load event. Please make sure it has an appropriate `as` value and it is preloaded intentionally. @ http://localhost:3000/en/admin-dash/events/6a1c81424ffb8ccc76b39b51:0
[12471238ms] [LOG] [API] GET /notifications/unread-count - 200 (223ms) @ http://localhost:3000/_next/static/chunks/_d74edac0._.js:2258
[12474252ms] [WARNING] The resource http://localhost:3000/_next/static/chunks/%5Broot-of-the-server%5D__ad960bb7._.css was preloaded using link preload but not used within a few seconds from the window's load event. Please make sure it has an appropriate `as` value and it is preloaded intentionally. @ http://localhost:3000/en/admin-dash/events/6a1c81424ffb8ccc76b39b51:0
[12501448ms] [LOG] [API] GET /notifications/unread-count - 200 (202ms) @ http://localhost:3000/_next/static/chunks/_d74edac0._.js:2258
[12504449ms] [WARNING] The resource http://localhost:3000/_next/static/chunks/%5Broot-of-the-server%5D__ad960bb7._.css was preloaded using link preload but not used within a few seconds from the window's load event. Please make sure it has an appropriate `as` value and it is preloaded intentionally. @ http://localhost:3000/en/admin-dash/events/6a1c81424ffb8ccc76b39b51:0
[12531654ms] [LOG] [API] GET /notifications/unread-count - 200 (204ms) @ http://localhost:3000/_next/static/chunks/_d74edac0._.js:2258
[12534660ms] [WARNING] The resource http://localhost:3000/_next/static/chunks/%5Broot-of-the-server%5D__ad960bb7._.css was preloaded using link preload but not used within a few seconds from the window's load event. Please make sure it has an appropriate `as` value and it is preloaded intentionally. @ http://localhost:3000/en/admin-dash/events/6a1c81424ffb8ccc76b39b51:0
[12562016ms] [LOG] [API] GET /notifications/unread-count - 200 (357ms) @ http://localhost:3000/_next/static/chunks/_d74edac0._.js:2258
[12565019ms] [WARNING] The resource http://localhost:3000/_next/static/chunks/%5Broot-of-the-server%5D__ad960bb7._.css was preloaded using link preload but not used within a few seconds from the window's load event. Please make sure it has an appropriate `as` value and it is preloaded intentionally. @ http://localhost:3000/en/admin-dash/events/6a1c81424ffb8ccc76b39b51:0
[12592227ms] [LOG] [API] GET /notifications/unread-count - 200 (204ms) @ http://localhost:3000/_next/static/chunks/_d74edac0._.js:2258
[12595240ms] [WARNING] The resource http://localhost:3000/_next/static/chunks/%5Broot-of-the-server%5D__ad960bb7._.css was preloaded using link preload but not used within a few seconds from the window's load event. Please make sure it has an appropriate `as` value and it is preloaded intentionally. @ http://localhost:3000/en/admin-dash/events/6a1c81424ffb8ccc76b39b51:0
[12622433ms] [LOG] [API] GET /notifications/unread-count - 200 (204ms) @ http://localhost:3000/_next/static/chunks/_d74edac0._.js:2258
[12625449ms] [WARNING] The resource http://localhost:3000/_next/static/chunks/%5Broot-of-the-server%5D__ad960bb7._.css was preloaded using link preload but not used within a few seconds from the window's load event. Please make sure it has an appropriate `as` value and it is preloaded intentionally. @ http://localhost:3000/en/admin-dash/events/6a1c81424ffb8ccc76b39b51:0
[12652447ms] [ERROR] Failed to load resource: the server responded with a status of 401 (Unauthorized) @ http://localhost:3000/api/v2/notifications/unread-count:0
[12652938ms] [LOG] [API] GET /notifications/unread-count - 200 (203ms) @ http://localhost:3000/_next/static/chunks/_d74edac0._.js:2258
[12655952ms] [WARNING] The resource http://localhost:3000/_next/static/chunks/%5Broot-of-the-server%5D__ad960bb7._.css was preloaded using link preload but not used within a few seconds from the window's load event. Please make sure it has an appropriate `as` value and it is preloaded intentionally. @ http://localhost:3000/en/admin-dash/events/6a1c81424ffb8ccc76b39b51:0
[12683146ms] [LOG] [API] GET /notifications/unread-count - 200 (205ms) @ http://localhost:3000/_next/static/chunks/_d74edac0._.js:2258
[12686148ms] [WARNING] The resource http://localhost:3000/_next/static/chunks/%5Broot-of-the-server%5D__ad960bb7._.css was preloaded using link preload but not used within a few seconds from the window's load event. Please make sure it has an appropriate `as` value and it is preloaded intentionally. @ http://localhost:3000/en/admin-dash/events/6a1c81424ffb8ccc76b39b51:0
[12713359ms] [LOG] [API] GET /notifications/unread-count - 200 (202ms) @ http://localhost:3000/_next/static/chunks/_d74edac0._.js:2258
[12716371ms] [WARNING] The resource http://localhost:3000/_next/static/chunks/%5Broot-of-the-server%5D__ad960bb7._.css was preloaded using link preload but not used within a few seconds from the window's load event. Please make sure it has an appropriate `as` value and it is preloaded intentionally. @ http://localhost:3000/en/admin-dash/events/6a1c81424ffb8ccc76b39b51:0
[12743563ms] [LOG] [API] GET /notifications/unread-count - 200 (204ms) @ http://localhost:3000/_next/static/chunks/_d74edac0._.js:2258
[12746569ms] [WARNING] The resource http://localhost:3000/_next/static/chunks/%5Broot-of-the-server%5D__ad960bb7._.css was preloaded using link preload but not used within a few seconds from the window's load event. Please make sure it has an appropriate `as` value and it is preloaded intentionally. @ http://localhost:3000/en/admin-dash/events/6a1c81424ffb8ccc76b39b51:0
[12773768ms] [LOG] [API] GET /notifications/unread-count - 200 (203ms) @ http://localhost:3000/_next/static/chunks/_d74edac0._.js:2258
[12776776ms] [WARNING] The resource http://localhost:3000/_next/static/chunks/%5Broot-of-the-server%5D__ad960bb7._.css was preloaded using link preload but not used within a few seconds from the window's load event. Please make sure it has an appropriate `as` value and it is preloaded intentionally. @ http://localhost:3000/en/admin-dash/events/6a1c81424ffb8ccc76b39b51:0
[12803984ms] [LOG] [API] GET /notifications/unread-count - 200 (206ms) @ http://localhost:3000/_next/static/chunks/_d74edac0._.js:2258
[12806996ms] [WARNING] The resource http://localhost:3000/_next/static/chunks/%5Broot-of-the-server%5D__ad960bb7._.css was preloaded using link preload but not used within a few seconds from the window's load event. Please make sure it has an appropriate `as` value and it is preloaded intentionally. @ http://localhost:3000/en/admin-dash/events/6a1c81424ffb8ccc76b39b51:0
[12834197ms] [LOG] [API] GET /notifications/unread-count - 200 (200ms) @ http://localhost:3000/_next/static/chunks/_d74edac0._.js:2258
[12837204ms] [WARNING] The resource http://localhost:3000/_next/static/chunks/%5Broot-of-the-server%5D__ad960bb7._.css was preloaded using link preload but not used within a few seconds from the window's load event. Please make sure it has an appropriate `as` value and it is preloaded intentionally. @ http://localhost:3000/en/admin-dash/events/6a1c81424ffb8ccc76b39b51:0
[12864442ms] [LOG] [API] GET /notifications/unread-count - 200 (240ms) @ http://localhost:3000/_next/static/chunks/_d74edac0._.js:2258
[12867444ms] [WARNING] The resource http://localhost:3000/_next/static/chunks/%5Broot-of-the-server%5D__ad960bb7._.css was preloaded using link preload but not used within a few seconds from the window's load event. Please make sure it has an appropriate `as` value and it is preloaded intentionally. @ http://localhost:3000/en/admin-dash/events/6a1c81424ffb8ccc76b39b51:0
[12894652ms] [LOG] [API] GET /notifications/unread-count - 200 (204ms) @ http://localhost:3000/_next/static/chunks/_d74edac0._.js:2258
[12897654ms] [WARNING] The resource http://localhost:3000/_next/static/chunks/%5Broot-of-the-server%5D__ad960bb7._.css was preloaded using link preload but not used within a few seconds from the window's load event. Please make sure it has an appropriate `as` value and it is preloaded intentionally. @ http://localhost:3000/en/admin-dash/events/6a1c81424ffb8ccc76b39b51:0
[12924859ms] [LOG] [API] GET /notifications/unread-count - 200 (201ms) @ http://localhost:3000/_next/static/chunks/_d74edac0._.js:2258
[12927869ms] [WARNING] The resource http://localhost:3000/_next/static/chunks/%5Broot-of-the-server%5D__ad960bb7._.css was preloaded using link preload but not used within a few seconds from the window's load event. Please make sure it has an appropriate `as` value and it is preloaded intentionally. @ http://localhost:3000/en/admin-dash/events/6a1c81424ffb8ccc76b39b51:0
[12955063ms] [LOG] [API] GET /notifications/unread-count - 200 (202ms) @ http://localhost:3000/_next/static/chunks/_d74edac0._.js:2258
[12958070ms] [WARNING] The resource http://localhost:3000/_next/static/chunks/%5Broot-of-the-server%5D__ad960bb7._.css was preloaded using link preload but not used within a few seconds from the window's load event. Please make sure it has an appropriate `as` value and it is preloaded intentionally. @ http://localhost:3000/en/admin-dash/events/6a1c81424ffb8ccc76b39b51:0
[12985265ms] [LOG] [API] GET /notifications/unread-count - 200 (200ms) @ http://localhost:3000/_next/static/chunks/_d74edac0._.js:2258
[12988269ms] [WARNING] The resource http://localhost:3000/_next/static/chunks/%5Broot-of-the-server%5D__ad960bb7._.css was preloaded using link preload but not used within a few seconds from the window's load event. Please make sure it has an appropriate `as` value and it is preloaded intentionally. @ http://localhost:3000/en/admin-dash/events/6a1c81424ffb8ccc76b39b51:0
[13015478ms] [LOG] [API] GET /notifications/unread-count - 200 (203ms) @ http://localhost:3000/_next/static/chunks/_d74edac0._.js:2258
[13018492ms] [WARNING] The resource http://localhost:3000/_next/static/chunks/%5Broot-of-the-server%5D__ad960bb7._.css was preloaded using link preload but not used within a few seconds from the window's load event. Please make sure it has an appropriate `as` value and it is preloaded intentionally. @ http://localhost:3000/en/admin-dash/events/6a1c81424ffb8ccc76b39b51:0
[13045695ms] [LOG] [API] GET /notifications/unread-count - 200 (201ms) @ http://localhost:3000/_next/static/chunks/_d74edac0._.js:2258
[13048706ms] [WARNING] The resource http://localhost:3000/_next/static/chunks/%5Broot-of-the-server%5D__ad960bb7._.css was preloaded using link preload but not used within a few seconds from the window's load event. Please make sure it has an appropriate `as` value and it is preloaded intentionally. @ http://localhost:3000/en/admin-dash/events/6a1c81424ffb8ccc76b39b51:0
[13075904ms] [LOG] [API] GET /notifications/unread-count - 200 (203ms) @ http://localhost:3000/_next/static/chunks/_d74edac0._.js:2258
[13078912ms] [WARNING] The resource http://localhost:3000/_next/static/chunks/%5Broot-of-the-server%5D__ad960bb7._.css was preloaded using link preload but not used within a few seconds from the window's load event. Please make sure it has an appropriate `as` value and it is preloaded intentionally. @ http://localhost:3000/en/admin-dash/events/6a1c81424ffb8ccc76b39b51:0
[13106119ms] [LOG] [API] GET /notifications/unread-count - 200 (203ms) @ http://localhost:3000/_next/static/chunks/_d74edac0._.js:2258
[13109127ms] [WARNING] The resource http://localhost:3000/_next/static/chunks/%5Broot-of-the-server%5D__ad960bb7._.css was preloaded using link preload but not used within a few seconds from the window's load event. Please make sure it has an appropriate `as` value and it is preloaded intentionally. @ http://localhost:3000/en/admin-dash/events/6a1c81424ffb8ccc76b39b51:0
[13136327ms] [LOG] [API] GET /notifications/unread-count - 200 (201ms) @ http://localhost:3000/_next/static/chunks/_d74edac0._.js:2258
[13139338ms] [WARNING] The resource http://localhost:3000/_next/static/chunks/%5Broot-of-the-server%5D__ad960bb7._.css was preloaded using link preload but not used within a few seconds from the window's load event. Please make sure it has an appropriate `as` value and it is preloaded intentionally. @ http://localhost:3000/en/admin-dash/events/6a1c81424ffb8ccc76b39b51:0
[13166544ms] [LOG] [API] GET /notifications/unread-count - 200 (204ms) @ http://localhost:3000/_next/static/chunks/_d74edac0._.js:2258
[13169546ms] [WARNING] The resource http://localhost:3000/_next/static/chunks/%5Broot-of-the-server%5D__ad960bb7._.css was preloaded using link preload but not used within a few seconds from the window's load event. Please make sure it has an appropriate `as` value and it is preloaded intentionally. @ http://localhost:3000/en/admin-dash/events/6a1c81424ffb8ccc76b39b51:0
[13196758ms] [LOG] [API] GET /notifications/unread-count - 200 (204ms) @ http://localhost:3000/_next/static/chunks/_d74edac0._.js:2258
[13199762ms] [WARNING] The resource http://localhost:3000/_next/static/chunks/%5Broot-of-the-server%5D__ad960bb7._.css was preloaded using link preload but not used within a few seconds from the window's load event. Please make sure it has an appropriate `as` value and it is preloaded intentionally. @ http://localhost:3000/en/admin-dash/events/6a1c81424ffb8ccc76b39b51:0
[13226982ms] [LOG] [API] GET /notifications/unread-count - 200 (212ms) @ http://localhost:3000/_next/static/chunks/_d74edac0._.js:2258
[13229987ms] [WARNING] The resource http://localhost:3000/_next/static/chunks/%5Broot-of-the-server%5D__ad960bb7._.css was preloaded using link preload but not used within a few seconds from the window's load event. Please make sure it has an appropriate `as` value and it is preloaded intentionally. @ http://localhost:3000/en/admin-dash/events/6a1c81424ffb8ccc76b39b51:0
[13257189ms] [LOG] [API] GET /notifications/unread-count - 200 (202ms) @ http://localhost:3000/_next/static/chunks/_d74edac0._.js:2258
[13260205ms] [WARNING] The resource http://localhost:3000/_next/static/chunks/%5Broot-of-the-server%5D__ad960bb7._.css was preloaded using link preload but not used within a few seconds from the window's load event. Please make sure it has an appropriate `as` value and it is preloaded intentionally. @ http://localhost:3000/en/admin-dash/events/6a1c81424ffb8ccc76b39b51:0
[13287400ms] [LOG] [API] GET /notifications/unread-count - 200 (201ms) @ http://localhost:3000/_next/static/chunks/_d74edac0._.js:2258
[13290404ms] [WARNING] The resource http://localhost:3000/_next/static/chunks/%5Broot-of-the-server%5D__ad960bb7._.css was preloaded using link preload but not used within a few seconds from the window's load event. Please make sure it has an appropriate `as` value and it is preloaded intentionally. @ http://localhost:3000/en/admin-dash/events/6a1c81424ffb8ccc76b39b51:0
[13317622ms] [LOG] [API] GET /notifications/unread-count - 200 (214ms) @ http://localhost:3000/_next/static/chunks/_d74edac0._.js:2258
[13320626ms] [WARNING] The resource http://localhost:3000/_next/static/chunks/%5Broot-of-the-server%5D__ad960bb7._.css was preloaded using link preload but not used within a few seconds from the window's load event. Please make sure it has an appropriate `as` value and it is preloaded intentionally. @ http://localhost:3000/en/admin-dash/events/6a1c81424ffb8ccc76b39b51:0
[13347833ms] [LOG] [API] GET /notifications/unread-count - 200 (201ms) @ http://localhost:3000/_next/static/chunks/_d74edac0._.js:2258
[13350847ms] [WARNING] The resource http://localhost:3000/_next/static/chunks/%5Broot-of-the-server%5D__ad960bb7._.css was preloaded using link preload but not used within a few seconds from the window's load event. Please make sure it has an appropriate `as` value and it is preloaded intentionally. @ http://localhost:3000/en/admin-dash/events/6a1c81424ffb8ccc76b39b51:0
[13378041ms] [LOG] [API] GET /notifications/unread-count - 200 (201ms) @ http://localhost:3000/_next/static/chunks/_d74edac0._.js:2258
[13381050ms] [WARNING] The resource http://localhost:3000/_next/static/chunks/%5Broot-of-the-server%5D__ad960bb7._.css was preloaded using link preload but not used within a few seconds from the window's load event. Please make sure it has an appropriate `as` value and it is preloaded intentionally. @ http://localhost:3000/en/admin-dash/events/6a1c81424ffb8ccc76b39b51:0
[13408277ms] [LOG] [API] GET /notifications/unread-count - 200 (220ms) @ http://localhost:3000/_next/static/chunks/_d74edac0._.js:2258
[13411279ms] [WARNING] The resource http://localhost:3000/_next/static/chunks/%5Broot-of-the-server%5D__ad960bb7._.css was preloaded using link preload but not used within a few seconds from the window's load event. Please make sure it has an appropriate `as` value and it is preloaded intentionally. @ http://localhost:3000/en/admin-dash/events/6a1c81424ffb8ccc76b39b51:0
[13438490ms] [LOG] [API] GET /notifications/unread-count - 200 (210ms) @ http://localhost:3000/_next/static/chunks/_d74edac0._.js:2258
[13441507ms] [WARNING] The resource http://localhost:3000/_next/static/chunks/%5Broot-of-the-server%5D__ad960bb7._.css was preloaded using link preload but not used within a few seconds from the window's load event. Please make sure it has an appropriate `as` value and it is preloaded intentionally. @ http://localhost:3000/en/admin-dash/events/6a1c81424ffb8ccc76b39b51:0
[13468699ms] [LOG] [API] GET /notifications/unread-count - 200 (201ms) @ http://localhost:3000/_next/static/chunks/_d74edac0._.js:2258
[13471708ms] [WARNING] The resource http://localhost:3000/_next/static/chunks/%5Broot-of-the-server%5D__ad960bb7._.css was preloaded using link preload but not used within a few seconds from the window's load event. Please make sure it has an appropriate `as` value and it is preloaded intentionally. @ http://localhost:3000/en/admin-dash/events/6a1c81424ffb8ccc76b39b51:0
[13498908ms] [LOG] [API] GET /notifications/unread-count - 200 (203ms) @ http://localhost:3000/_next/static/chunks/_d74edac0._.js:2258
[13501916ms] [WARNING] The resource http://localhost:3000/_next/static/chunks/%5Broot-of-the-server%5D__ad960bb7._.css was preloaded using link preload but not used within a few seconds from the window's load event. Please make sure it has an appropriate `as` value and it is preloaded intentionally. @ http://localhost:3000/en/admin-dash/events/6a1c81424ffb8ccc76b39b51:0
[13529123ms] [LOG] [API] GET /notifications/unread-count - 200 (201ms) @ http://localhost:3000/_next/static/chunks/_d74edac0._.js:2258
[13532132ms] [WARNING] The resource http://localhost:3000/_next/static/chunks/%5Broot-of-the-server%5D__ad960bb7._.css was preloaded using link preload but not used within a few seconds from the window's load event. Please make sure it has an appropriate `as` value and it is preloaded intentionally. @ http://localhost:3000/en/admin-dash/events/6a1c81424ffb8ccc76b39b51:0
[13559136ms] [ERROR] Failed to load resource: the server responded with a status of 401 (Unauthorized) @ http://localhost:3000/api/v2/notifications/unread-count:0
[13559636ms] [LOG] [API] GET /notifications/unread-count - 200 (212ms) @ http://localhost:3000/_next/static/chunks/_d74edac0._.js:2258
[13562651ms] [WARNING] The resource http://localhost:3000/_next/static/chunks/%5Broot-of-the-server%5D__ad960bb7._.css was preloaded using link preload but not used within a few seconds from the window's load event. Please make sure it has an appropriate `as` value and it is preloaded intentionally. @ http://localhost:3000/en/admin-dash/events/6a1c81424ffb8ccc76b39b51:0
[13589842ms] [LOG] [API] GET /notifications/unread-count - 200 (201ms) @ http://localhost:3000/_next/static/chunks/_d74edac0._.js:2258
[13592852ms] [WARNING] The resource http://localhost:3000/_next/static/chunks/%5Broot-of-the-server%5D__ad960bb7._.css was preloaded using link preload but not used within a few seconds from the window's load event. Please make sure it has an appropriate `as` value and it is preloaded intentionally. @ http://localhost:3000/en/admin-dash/events/6a1c81424ffb8ccc76b39b51:0
[13620058ms] [LOG] [API] GET /notifications/unread-count - 200 (201ms) @ http://localhost:3000/_next/static/chunks/_d74edac0._.js:2258
[13623061ms] [WARNING] The resource http://localhost:3000/_next/static/chunks/%5Broot-of-the-server%5D__ad960bb7._.css was preloaded using link preload but not used within a few seconds from the window's load event. Please make sure it has an appropriate `as` value and it is preloaded intentionally. @ http://localhost:3000/en/admin-dash/events/6a1c81424ffb8ccc76b39b51:0
[13650283ms] [LOG] [API] GET /notifications/unread-count - 200 (213ms) @ http://localhost:3000/_next/static/chunks/_d74edac0._.js:2258
[13653293ms] [WARNING] The resource http://localhost:3000/_next/static/chunks/%5Broot-of-the-server%5D__ad960bb7._.css was preloaded using link preload but not used within a few seconds from the window's load event. Please make sure it has an appropriate `as` value and it is preloaded intentionally. @ http://localhost:3000/en/admin-dash/events/6a1c81424ffb8ccc76b39b51:0
[13680484ms] [LOG] [API] GET /notifications/unread-count - 200 (199ms) @ http://localhost:3000/_next/static/chunks/_d74edac0._.js:2258
[13683488ms] [WARNING] The resource http://localhost:3000/_next/static/chunks/%5Broot-of-the-server%5D__ad960bb7._.css was preloaded using link preload but not used within a few seconds from the window's load event. Please make sure it has an appropriate `as` value and it is preloaded intentionally. @ http://localhost:3000/en/admin-dash/events/6a1c81424ffb8ccc76b39b51:0
[13710695ms] [LOG] [API] GET /notifications/unread-count - 200 (203ms) @ http://localhost:3000/_next/static/chunks/_d74edac0._.js:2258
[13713705ms] [WARNING] The resource http://localhost:3000/_next/static/chunks/%5Broot-of-the-server%5D__ad960bb7._.css was preloaded using link preload but not used within a few seconds from the window's load event. Please make sure it has an appropriate `as` value and it is preloaded intentionally. @ http://localhost:3000/en/admin-dash/events/6a1c81424ffb8ccc76b39b51:0
[13740899ms] [LOG] [API] GET /notifications/unread-count - 200 (199ms) @ http://localhost:3000/_next/static/chunks/_d74edac0._.js:2258
[13743903ms] [WARNING] The resource http://localhost:3000/_next/static/chunks/%5Broot-of-the-server%5D__ad960bb7._.css was preloaded using link preload but not used within a few seconds from the window's load event. Please make sure it has an appropriate `as` value and it is preloaded intentionally. @ http://localhost:3000/en/admin-dash/events/6a1c81424ffb8ccc76b39b51:0
[13771116ms] [LOG] [API] GET /notifications/unread-count - 200 (201ms) @ http://localhost:3000/_next/static/chunks/_d74edac0._.js:2258
[13774126ms] [WARNING] The resource http://localhost:3000/_next/static/chunks/%5Broot-of-the-server%5D__ad960bb7._.css was preloaded using link preload but not used within a few seconds from the window's load event. Please make sure it has an appropriate `as` value and it is preloaded intentionally. @ http://localhost:3000/en/admin-dash/events/6a1c81424ffb8ccc76b39b51:0
[13801321ms] [LOG] [API] GET /notifications/unread-count - 200 (202ms) @ http://localhost:3000/_next/static/chunks/_d74edac0._.js:2258
[13804322ms] [WARNING] The resource http://localhost:3000/_next/static/chunks/%5Broot-of-the-server%5D__ad960bb7._.css was preloaded using link preload but not used within a few seconds from the window's load event. Please make sure it has an appropriate `as` value and it is preloaded intentionally. @ http://localhost:3000/en/admin-dash/events/6a1c81424ffb8ccc76b39b51:0
[13831531ms] [LOG] [API] GET /notifications/unread-count - 200 (200ms) @ http://localhost:3000/_next/static/chunks/_d74edac0._.js:2258
[13834531ms] [WARNING] The resource http://localhost:3000/_next/static/chunks/%5Broot-of-the-server%5D__ad960bb7._.css was preloaded using link preload but not used within a few seconds from the window's load event. Please make sure it has an appropriate `as` value and it is preloaded intentionally. @ http://localhost:3000/en/admin-dash/events/6a1c81424ffb8ccc76b39b51:0
[13861748ms] [LOG] [API] GET /notifications/unread-count - 200 (208ms) @ http://localhost:3000/_next/static/chunks/_d74edac0._.js:2258
[13864758ms] [WARNING] The resource http://localhost:3000/_next/static/chunks/%5Broot-of-the-server%5D__ad960bb7._.css was preloaded using link preload but not used within a few seconds from the window's load event. Please make sure it has an appropriate `as` value and it is preloaded intentionally. @ http://localhost:3000/en/admin-dash/events/6a1c81424ffb8ccc76b39b51:0
[13891958ms] [LOG] [API] GET /notifications/unread-count - 200 (203ms) @ http://localhost:3000/_next/static/chunks/_d74edac0._.js:2258
[13894961ms] [WARNING] The resource http://localhost:3000/_next/static/chunks/%5Broot-of-the-server%5D__ad960bb7._.css was preloaded using link preload but not used within a few seconds from the window's load event. Please make sure it has an appropriate `as` value and it is preloaded intentionally. @ http://localhost:3000/en/admin-dash/events/6a1c81424ffb8ccc76b39b51:0
[13922167ms] [LOG] [API] GET /notifications/unread-count - 200 (202ms) @ http://localhost:3000/_next/static/chunks/_d74edac0._.js:2258
[13925181ms] [WARNING] The resource http://localhost:3000/_next/static/chunks/%5Broot-of-the-server%5D__ad960bb7._.css was preloaded using link preload but not used within a few seconds from the window's load event. Please make sure it has an appropriate `as` value and it is preloaded intentionally. @ http://localhost:3000/en/admin-dash/events/6a1c81424ffb8ccc76b39b51:0
[13952372ms] [LOG] [API] GET /notifications/unread-count - 200 (202ms) @ http://localhost:3000/_next/static/chunks/_d74edac0._.js:2258
[13955377ms] [WARNING] The resource http://localhost:3000/_next/static/chunks/%5Broot-of-the-server%5D__ad960bb7._.css was preloaded using link preload but not used within a few seconds from the window's load event. Please make sure it has an appropriate `as` value and it is preloaded intentionally. @ http://localhost:3000/en/admin-dash/events/6a1c81424ffb8ccc76b39b51:0
[13982597ms] [LOG] [API] GET /notifications/unread-count - 200 (220ms) @ http://localhost:3000/_next/static/chunks/_d74edac0._.js:2258
[13985603ms] [WARNING] The resource http://localhost:3000/_next/static/chunks/%5Broot-of-the-server%5D__ad960bb7._.css was preloaded using link preload but not used within a few seconds from the window's load event. Please make sure it has an appropriate `as` value and it is preloaded intentionally. @ http://localhost:3000/en/admin-dash/events/6a1c81424ffb8ccc76b39b51:0
[14012805ms] [LOG] [API] GET /notifications/unread-count - 200 (202ms) @ http://localhost:3000/_next/static/chunks/_d74edac0._.js:2258
[14015820ms] [WARNING] The resource http://localhost:3000/_next/static/chunks/%5Broot-of-the-server%5D__ad960bb7._.css was preloaded using link preload but not used within a few seconds from the window's load event. Please make sure it has an appropriate `as` value and it is preloaded intentionally. @ http://localhost:3000/en/admin-dash/events/6a1c81424ffb8ccc76b39b51:0
[14043310ms] [LOG] [API] GET /notifications/unread-count - 200 (488ms) @ http://localhost:3000/_next/static/chunks/_d74edac0._.js:2258
[14046318ms] [WARNING] The resource http://localhost:3000/_next/static/chunks/%5Broot-of-the-server%5D__ad960bb7._.css was preloaded using link preload but not used within a few seconds from the window's load event. Please make sure it has an appropriate `as` value and it is preloaded intentionally. @ http://localhost:3000/en/admin-dash/events/6a1c81424ffb8ccc76b39b51:0
[14073580ms] [LOG] [API] GET /notifications/unread-count - 200 (263ms) @ http://localhost:3000/_next/static/chunks/_d74edac0._.js:2258
[14076595ms] [WARNING] The resource http://localhost:3000/_next/static/chunks/%5Broot-of-the-server%5D__ad960bb7._.css was preloaded using link preload but not used within a few seconds from the window's load event. Please make sure it has an appropriate `as` value and it is preloaded intentionally. @ http://localhost:3000/en/admin-dash/events/6a1c81424ffb8ccc76b39b51:0
[14103784ms] [LOG] [API] GET /notifications/unread-count - 200 (201ms) @ http://localhost:3000/_next/static/chunks/_d74edac0._.js:2258
[14106786ms] [WARNING] The resource http://localhost:3000/_next/static/chunks/%5Broot-of-the-server%5D__ad960bb7._.css was preloaded using link preload but not used within a few seconds from the window's load event. Please make sure it has an appropriate `as` value and it is preloaded intentionally. @ http://localhost:3000/en/admin-dash/events/6a1c81424ffb8ccc76b39b51:0
[14133986ms] [LOG] [API] GET /notifications/unread-count - 200 (201ms) @ http://localhost:3000/_next/static/chunks/_d74edac0._.js:2258
[14136992ms] [WARNING] The resource http://localhost:3000/_next/static/chunks/%5Broot-of-the-server%5D__ad960bb7._.css was preloaded using link preload but not used within a few seconds from the window's load event. Please make sure it has an appropriate `as` value and it is preloaded intentionally. @ http://localhost:3000/en/admin-dash/events/6a1c81424ffb8ccc76b39b51:0
[14164193ms] [LOG] [API] GET /notifications/unread-count - 200 (203ms) @ http://localhost:3000/_next/static/chunks/_d74edac0._.js:2258
[14167202ms] [WARNING] The resource http://localhost:3000/_next/static/chunks/%5Broot-of-the-server%5D__ad960bb7._.css was preloaded using link preload but not used within a few seconds from the window's load event. Please make sure it has an appropriate `as` value and it is preloaded intentionally. @ http://localhost:3000/en/admin-dash/events/6a1c81424ffb8ccc76b39b51:0
[14194404ms] [LOG] [API] GET /notifications/unread-count - 200 (200ms) @ http://localhost:3000/_next/static/chunks/_d74edac0._.js:2258
[14197414ms] [WARNING] The resource http://localhost:3000/_next/static/chunks/%5Broot-of-the-server%5D__ad960bb7._.css was preloaded using link preload but not used within a few seconds from the window's load event. Please make sure it has an appropriate `as` value and it is preloaded intentionally. @ http://localhost:3000/en/admin-dash/events/6a1c81424ffb8ccc76b39b51:0
[14224613ms] [LOG] [API] GET /notifications/unread-count - 200 (200ms) @ http://localhost:3000/_next/static/chunks/_d74edac0._.js:2258
[14227625ms] [WARNING] The resource http://localhost:3000/_next/static/chunks/%5Broot-of-the-server%5D__ad960bb7._.css was preloaded using link preload but not used within a few seconds from the window's load event. Please make sure it has an appropriate `as` value and it is preloaded intentionally. @ http://localhost:3000/en/admin-dash/events/6a1c81424ffb8ccc76b39b51:0
[14254832ms] [LOG] [API] GET /notifications/unread-count - 200 (204ms) @ http://localhost:3000/_next/static/chunks/_d74edac0._.js:2258
[14257839ms] [WARNING] The resource http://localhost:3000/_next/static/chunks/%5Broot-of-the-server%5D__ad960bb7._.css was preloaded using link preload but not used within a few seconds from the window's load event. Please make sure it has an appropriate `as` value and it is preloaded intentionally. @ http://localhost:3000/en/admin-dash/events/6a1c81424ffb8ccc76b39b51:0
[14285060ms] [LOG] [API] GET /notifications/unread-count - 200 (223ms) @ http://localhost:3000/_next/static/chunks/_d74edac0._.js:2258
[14288063ms] [WARNING] The resource http://localhost:3000/_next/static/chunks/%5Broot-of-the-server%5D__ad960bb7._.css was preloaded using link preload but not used within a few seconds from the window's load event. Please make sure it has an appropriate `as` value and it is preloaded intentionally. @ http://localhost:3000/en/admin-dash/events/6a1c81424ffb8ccc76b39b51:0
[14315378ms] [LOG] [API] GET /notifications/unread-count - 200 (301ms) @ http://localhost:3000/_next/static/chunks/_d74edac0._.js:2258
[14318387ms] [WARNING] The resource http://localhost:3000/_next/static/chunks/%5Broot-of-the-server%5D__ad960bb7._.css was preloaded using link preload but not used within a few seconds from the window's load event. Please make sure it has an appropriate `as` value and it is preloaded intentionally. @ http://localhost:3000/en/admin-dash/events/6a1c81424ffb8ccc76b39b51:0
[14345898ms] [LOG] [API] GET /notifications/unread-count - 200 (517ms) @ http://localhost:3000/_next/static/chunks/_d74edac0._.js:2258
[14348901ms] [WARNING] The resource http://localhost:3000/_next/static/chunks/%5Broot-of-the-server%5D__ad960bb7._.css was preloaded using link preload but not used within a few seconds from the window's load event. Please make sure it has an appropriate `as` value and it is preloaded intentionally. @ http://localhost:3000/en/admin-dash/events/6a1c81424ffb8ccc76b39b51:0
[14376109ms] [LOG] [API] GET /notifications/unread-count - 200 (201ms) @ http://localhost:3000/_next/static/chunks/_d74edac0._.js:2258
[14379121ms] [WARNING] The resource http://localhost:3000/_next/static/chunks/%5Broot-of-the-server%5D__ad960bb7._.css was preloaded using link preload but not used within a few seconds from the window's load event. Please make sure it has an appropriate `as` value and it is preloaded intentionally. @ http://localhost:3000/en/admin-dash/events/6a1c81424ffb8ccc76b39b51:0
[14406527ms] [LOG] [API] GET /notifications/unread-count - 200 (417ms) @ http://localhost:3000/_next/static/chunks/_d74edac0._.js:2258
[14409533ms] [WARNING] The resource http://localhost:3000/_next/static/chunks/%5Broot-of-the-server%5D__ad960bb7._.css was preloaded using link preload but not used within a few seconds from the window's load event. Please make sure it has an appropriate `as` value and it is preloaded intentionally. @ http://localhost:3000/en/admin-dash/events/6a1c81424ffb8ccc76b39b51:0
[14436746ms] [LOG] [API] GET /notifications/unread-count - 200 (206ms) @ http://localhost:3000/_next/static/chunks/_d74edac0._.js:2258
[14439758ms] [WARNING] The resource http://localhost:3000/_next/static/chunks/%5Broot-of-the-server%5D__ad960bb7._.css was preloaded using link preload but not used within a few seconds from the window's load event. Please make sure it has an appropriate `as` value and it is preloaded intentionally. @ http://localhost:3000/en/admin-dash/events/6a1c81424ffb8ccc76b39b51:0
[14466758ms] [ERROR] Failed to load resource: the server responded with a status of 401 (Unauthorized) @ http://localhost:3000/api/v2/notifications/unread-count:0
[14467246ms] [LOG] [API] GET /notifications/unread-count - 200 (200ms) @ http://localhost:3000/_next/static/chunks/_d74edac0._.js:2258
[14470254ms] [WARNING] The resource http://localhost:3000/_next/static/chunks/%5Broot-of-the-server%5D__ad960bb7._.css was preloaded using link preload but not used within a few seconds from the window's load event. Please make sure it has an appropriate `as` value and it is preloaded intentionally. @ http://localhost:3000/en/admin-dash/events/6a1c81424ffb8ccc76b39b51:0
[14497451ms] [LOG] [API] GET /notifications/unread-count - 200 (202ms) @ http://localhost:3000/_next/static/chunks/_d74edac0._.js:2258
[14500455ms] [WARNING] The resource http://localhost:3000/_next/static/chunks/%5Broot-of-the-server%5D__ad960bb7._.css was preloaded using link preload but not used within a few seconds from the window's load event. Please make sure it has an appropriate `as` value and it is preloaded intentionally. @ http://localhost:3000/en/admin-dash/events/6a1c81424ffb8ccc76b39b51:0
[14527892ms] [LOG] [API] GET /notifications/unread-count - 200 (425ms) @ http://localhost:3000/_next/static/chunks/_d74edac0._.js:2258
[14530898ms] [WARNING] The resource http://localhost:3000/_next/static/chunks/%5Broot-of-the-server%5D__ad960bb7._.css was preloaded using link preload but not used within a few seconds from the window's load event. Please make sure it has an appropriate `as` value and it is preloaded intentionally. @ http://localhost:3000/en/admin-dash/events/6a1c81424ffb8ccc76b39b51:0
[14558098ms] [LOG] [API] GET /notifications/unread-count - 200 (200ms) @ http://localhost:3000/_next/static/chunks/_d74edac0._.js:2258
[14561109ms] [WARNING] The resource http://localhost:3000/_next/static/chunks/%5Broot-of-the-server%5D__ad960bb7._.css was preloaded using link preload but not used within a few seconds from the window's load event. Please make sure it has an appropriate `as` value and it is preloaded intentionally. @ http://localhost:3000/en/admin-dash/events/6a1c81424ffb8ccc76b39b51:0
[14588325ms] [LOG] [API] GET /notifications/unread-count - 200 (225ms) @ http://localhost:3000/_next/static/chunks/_d74edac0._.js:2258
[14591332ms] [WARNING] The resource http://localhost:3000/_next/static/chunks/%5Broot-of-the-server%5D__ad960bb7._.css was preloaded using link preload but not used within a few seconds from the window's load event. Please make sure it has an appropriate `as` value and it is preloaded intentionally. @ http://localhost:3000/en/admin-dash/events/6a1c81424ffb8ccc76b39b51:0
[14618542ms] [LOG] [API] GET /notifications/unread-count - 200 (201ms) @ http://localhost:3000/_next/static/chunks/_d74edac0._.js:2258
[14621545ms] [WARNING] The resource http://localhost:3000/_next/static/chunks/%5Broot-of-the-server%5D__ad960bb7._.css was preloaded using link preload but not used within a few seconds from the window's load event. Please make sure it has an appropriate `as` value and it is preloaded intentionally. @ http://localhost:3000/en/admin-dash/events/6a1c81424ffb8ccc76b39b51:0
[14648754ms] [LOG] [API] GET /notifications/unread-count - 200 (201ms) @ http://localhost:3000/_next/static/chunks/_d74edac0._.js:2258
[14651763ms] [WARNING] The resource http://localhost:3000/_next/static/chunks/%5Broot-of-the-server%5D__ad960bb7._.css was preloaded using link preload but not used within a few seconds from the window's load event. Please make sure it has an appropriate `as` value and it is preloaded intentionally. @ http://localhost:3000/en/admin-dash/events/6a1c81424ffb8ccc76b39b51:0
[14678957ms] [LOG] [API] GET /notifications/unread-count - 200 (202ms) @ http://localhost:3000/_next/static/chunks/_d74edac0._.js:2258
[14681967ms] [WARNING] The resource http://localhost:3000/_next/static/chunks/%5Broot-of-the-server%5D__ad960bb7._.css was preloaded using link preload but not used within a few seconds from the window's load event. Please make sure it has an appropriate `as` value and it is preloaded intentionally. @ http://localhost:3000/en/admin-dash/events/6a1c81424ffb8ccc76b39b51:0
[14709185ms] [LOG] [API] GET /notifications/unread-count - 200 (222ms) @ http://localhost:3000/_next/static/chunks/_d74edac0._.js:2258
[14712191ms] [WARNING] The resource http://localhost:3000/_next/static/chunks/%5Broot-of-the-server%5D__ad960bb7._.css was preloaded using link preload but not used within a few seconds from the window's load event. Please make sure it has an appropriate `as` value and it is preloaded intentionally. @ http://localhost:3000/en/admin-dash/events/6a1c81424ffb8ccc76b39b51:0
[14739400ms] [LOG] [API] GET /notifications/unread-count - 200 (206ms) @ http://localhost:3000/_next/static/chunks/_d74edac0._.js:2258
[14742411ms] [WARNING] The resource http://localhost:3000/_next/static/chunks/%5Broot-of-the-server%5D__ad960bb7._.css was preloaded using link preload but not used within a few seconds from the window's load event. Please make sure it has an appropriate `as` value and it is preloaded intentionally. @ http://localhost:3000/en/admin-dash/events/6a1c81424ffb8ccc76b39b51:0
[14769611ms] [LOG] [API] GET /notifications/unread-count - 200 (207ms) @ http://localhost:3000/_next/static/chunks/_d74edac0._.js:2258
[14772614ms] [WARNING] The resource http://localhost:3000/_next/static/chunks/%5Broot-of-the-server%5D__ad960bb7._.css was preloaded using link preload but not used within a few seconds from the window's load event. Please make sure it has an appropriate `as` value and it is preloaded intentionally. @ http://localhost:3000/en/admin-dash/events/6a1c81424ffb8ccc76b39b51:0
[14799842ms] [LOG] [API] GET /notifications/unread-count - 200 (222ms) @ http://localhost:3000/_next/static/chunks/_d74edac0._.js:2258
[14802855ms] [WARNING] The resource http://localhost:3000/_next/static/chunks/%5Broot-of-the-server%5D__ad960bb7._.css was preloaded using link preload but not used within a few seconds from the window's load event. Please make sure it has an appropriate `as` value and it is preloaded intentionally. @ http://localhost:3000/en/admin-dash/events/6a1c81424ffb8ccc76b39b51:0
[14830046ms] [LOG] [API] GET /notifications/unread-count - 200 (202ms) @ http://localhost:3000/_next/static/chunks/_d74edac0._.js:2258
[14833053ms] [WARNING] The resource http://localhost:3000/_next/static/chunks/%5Broot-of-the-server%5D__ad960bb7._.css was preloaded using link preload but not used within a few seconds from the window's load event. Please make sure it has an appropriate `as` value and it is preloaded intentionally. @ http://localhost:3000/en/admin-dash/events/6a1c81424ffb8ccc76b39b51:0
[14860266ms] [LOG] [API] GET /notifications/unread-count - 200 (218ms) @ http://localhost:3000/_next/static/chunks/_d74edac0._.js:2258
[14863281ms] [WARNING] The resource http://localhost:3000/_next/static/chunks/%5Broot-of-the-server%5D__ad960bb7._.css was preloaded using link preload but not used within a few seconds from the window's load event. Please make sure it has an appropriate `as` value and it is preloaded intentionally. @ http://localhost:3000/en/admin-dash/events/6a1c81424ffb8ccc76b39b51:0
[14890474ms] [LOG] [API] GET /notifications/unread-count - 200 (203ms) @ http://localhost:3000/_next/static/chunks/_d74edac0._.js:2258
[14893483ms] [WARNING] The resource http://localhost:3000/_next/static/chunks/%5Broot-of-the-server%5D__ad960bb7._.css was preloaded using link preload but not used within a few seconds from the window's load event. Please make sure it has an appropriate `as` value and it is preloaded intentionally. @ http://localhost:3000/en/admin-dash/events/6a1c81424ffb8ccc76b39b51:0
[14920689ms] [LOG] [API] GET /notifications/unread-count - 200 (202ms) @ http://localhost:3000/_next/static/chunks/_d74edac0._.js:2258
[14923691ms] [WARNING] The resource http://localhost:3000/_next/static/chunks/%5Broot-of-the-server%5D__ad960bb7._.css was preloaded using link preload but not used within a few seconds from the window's load event. Please make sure it has an appropriate `as` value and it is preloaded intentionally. @ http://localhost:3000/en/admin-dash/events/6a1c81424ffb8ccc76b39b51:0
[14950906ms] [LOG] [API] GET /notifications/unread-count - 200 (208ms) @ http://localhost:3000/_next/static/chunks/_d74edac0._.js:2258
[14953909ms] [WARNING] The resource http://localhost:3000/_next/static/chunks/%5Broot-of-the-server%5D__ad960bb7._.css was preloaded using link preload but not used within a few seconds from the window's load event. Please make sure it has an appropriate `as` value and it is preloaded intentionally. @ http://localhost:3000/en/admin-dash/events/6a1c81424ffb8ccc76b39b51:0
[14981119ms] [LOG] [API] GET /notifications/unread-count - 200 (203ms) @ http://localhost:3000/_next/static/chunks/_d74edac0._.js:2258
[14984134ms] [WARNING] The resource http://localhost:3000/_next/static/chunks/%5Broot-of-the-server%5D__ad960bb7._.css was preloaded using link preload but not used within a few seconds from the window's load event. Please make sure it has an appropriate `as` value and it is preloaded intentionally. @ http://localhost:3000/en/admin-dash/events/6a1c81424ffb8ccc76b39b51:0
[15011330ms] [LOG] [API] GET /notifications/unread-count - 200 (202ms) @ http://localhost:3000/_next/static/chunks/_d74edac0._.js:2258
[15014332ms] [WARNING] The resource http://localhost:3000/_next/static/chunks/%5Broot-of-the-server%5D__ad960bb7._.css was preloaded using link preload but not used within a few seconds from the window's load event. Please make sure it has an appropriate `as` value and it is preloaded intentionally. @ http://localhost:3000/en/admin-dash/events/6a1c81424ffb8ccc76b39b51:0
[15041543ms] [LOG] [API] GET /notifications/unread-count - 200 (200ms) @ http://localhost:3000/_next/static/chunks/_d74edac0._.js:2258
[15044547ms] [WARNING] The resource http://localhost:3000/_next/static/chunks/%5Broot-of-the-server%5D__ad960bb7._.css was preloaded using link preload but not used within a few seconds from the window's load event. Please make sure it has an appropriate `as` value and it is preloaded intentionally. @ http://localhost:3000/en/admin-dash/events/6a1c81424ffb8ccc76b39b51:0
[15071904ms] [LOG] [API] GET /notifications/unread-count - 200 (345ms) @ http://localhost:3000/_next/static/chunks/_d74edac0._.js:2258
[15074911ms] [WARNING] The resource http://localhost:3000/_next/static/chunks/%5Broot-of-the-server%5D__ad960bb7._.css was preloaded using link preload but not used within a few seconds from the window's load event. Please make sure it has an appropriate `as` value and it is preloaded intentionally. @ http://localhost:3000/en/admin-dash/events/6a1c81424ffb8ccc76b39b51:0
[15102145ms] [LOG] [API] GET /notifications/unread-count - 200 (227ms) @ http://localhost:3000/_next/static/chunks/_d74edac0._.js:2258
[15105149ms] [WARNING] The resource http://localhost:3000/_next/static/chunks/%5Broot-of-the-server%5D__ad960bb7._.css was preloaded using link preload but not used within a few seconds from the window's load event. Please make sure it has an appropriate `as` value and it is preloaded intentionally. @ http://localhost:3000/en/admin-dash/events/6a1c81424ffb8ccc76b39b51:0
[15132480ms] [LOG] [API] GET /notifications/unread-count - 200 (324ms) @ http://localhost:3000/_next/static/chunks/_d74edac0._.js:2258
[15135488ms] [WARNING] The resource http://localhost:3000/_next/static/chunks/%5Broot-of-the-server%5D__ad960bb7._.css was preloaded using link preload but not used within a few seconds from the window's load event. Please make sure it has an appropriate `as` value and it is preloaded intentionally. @ http://localhost:3000/en/admin-dash/events/6a1c81424ffb8ccc76b39b51:0
[15162911ms] [LOG] [API] GET /notifications/unread-count - 200 (421ms) @ http://localhost:3000/_next/static/chunks/_d74edac0._.js:2258
[15165919ms] [WARNING] The resource http://localhost:3000/_next/static/chunks/%5Broot-of-the-server%5D__ad960bb7._.css was preloaded using link preload but not used within a few seconds from the window's load event. Please make sure it has an appropriate `as` value and it is preloaded intentionally. @ http://localhost:3000/en/admin-dash/events/6a1c81424ffb8ccc76b39b51:0
[15193120ms] [LOG] [API] GET /notifications/unread-count - 200 (204ms) @ http://localhost:3000/_next/static/chunks/_d74edac0._.js:2258
[15196132ms] [WARNING] The resource http://localhost:3000/_next/static/chunks/%5Broot-of-the-server%5D__ad960bb7._.css was preloaded using link preload but not used within a few seconds from the window's load event. Please make sure it has an appropriate `as` value and it is preloaded intentionally. @ http://localhost:3000/en/admin-dash/events/6a1c81424ffb8ccc76b39b51:0
[15223331ms] [LOG] [API] GET /notifications/unread-count - 200 (202ms) @ http://localhost:3000/_next/static/chunks/_d74edac0._.js:2258
[15226333ms] [WARNING] The resource http://localhost:3000/_next/static/chunks/%5Broot-of-the-server%5D__ad960bb7._.css was preloaded using link preload but not used within a few seconds from the window's load event. Please make sure it has an appropriate `as` value and it is preloaded intentionally. @ http://localhost:3000/en/admin-dash/events/6a1c81424ffb8ccc76b39b51:0
[15253541ms] [LOG] [API] GET /notifications/unread-count - 200 (199ms) @ http://localhost:3000/_next/static/chunks/_d74edac0._.js:2258
[15256557ms] [WARNING] The resource http://localhost:3000/_next/static/chunks/%5Broot-of-the-server%5D__ad960bb7._.css was preloaded using link preload but not used within a few seconds from the window's load event. Please make sure it has an appropriate `as` value and it is preloaded intentionally. @ http://localhost:3000/en/admin-dash/events/6a1c81424ffb8ccc76b39b51:0
[15283747ms] [LOG] [API] GET /notifications/unread-count - 200 (205ms) @ http://localhost:3000/_next/static/chunks/_d74edac0._.js:2258
[15286752ms] [WARNING] The resource http://localhost:3000/_next/static/chunks/%5Broot-of-the-server%5D__ad960bb7._.css was preloaded using link preload but not used within a few seconds from the window's load event. Please make sure it has an appropriate `as` value and it is preloaded intentionally. @ http://localhost:3000/en/admin-dash/events/6a1c81424ffb8ccc76b39b51:0
[15313963ms] [LOG] [API] GET /notifications/unread-count - 200 (203ms) @ http://localhost:3000/_next/static/chunks/_d74edac0._.js:2258
[15316979ms] [WARNING] The resource http://localhost:3000/_next/static/chunks/%5Broot-of-the-server%5D__ad960bb7._.css was preloaded using link preload but not used within a few seconds from the window's load event. Please make sure it has an appropriate `as` value and it is preloaded intentionally. @ http://localhost:3000/en/admin-dash/events/6a1c81424ffb8ccc76b39b51:0
[15344181ms] [LOG] [API] GET /notifications/unread-count - 200 (205ms) @ http://localhost:3000/_next/static/chunks/_d74edac0._.js:2258
[15347187ms] [WARNING] The resource http://localhost:3000/_next/static/chunks/%5Broot-of-the-server%5D__ad960bb7._.css was preloaded using link preload but not used within a few seconds from the window's load event. Please make sure it has an appropriate `as` value and it is preloaded intentionally. @ http://localhost:3000/en/admin-dash/events/6a1c81424ffb8ccc76b39b51:0
[15374199ms] [ERROR] Failed to load resource: the server responded with a status of 401 (Unauthorized) @ http://localhost:3000/api/v2/notifications/unread-count:0
[15374696ms] [LOG] [API] GET /notifications/unread-count - 200 (205ms) @ http://localhost:3000/_next/static/chunks/_d74edac0._.js:2258
[15377700ms] [WARNING] The resource http://localhost:3000/_next/static/chunks/%5Broot-of-the-server%5D__ad960bb7._.css was preloaded using link preload but not used within a few seconds from the window's load event. Please make sure it has an appropriate `as` value and it is preloaded intentionally. @ http://localhost:3000/en/admin-dash/events/6a1c81424ffb8ccc76b39b51:0
[15405111ms] [LOG] [API] GET /notifications/unread-count - 200 (408ms) @ http://localhost:3000/_next/static/chunks/_d74edac0._.js:2258
[15408117ms] [WARNING] The resource http://localhost:3000/_next/static/chunks/%5Broot-of-the-server%5D__ad960bb7._.css was preloaded using link preload but not used within a few seconds from the window's load event. Please make sure it has an appropriate `as` value and it is preloaded intentionally. @ http://localhost:3000/en/admin-dash/events/6a1c81424ffb8ccc76b39b51:0
[15435323ms] [LOG] [API] GET /notifications/unread-count - 200 (203ms) @ http://localhost:3000/_next/static/chunks/_d74edac0._.js:2258
[15438330ms] [WARNING] The resource http://localhost:3000/_next/static/chunks/%5Broot-of-the-server%5D__ad960bb7._.css was preloaded using link preload but not used within a few seconds from the window's load event. Please make sure it has an appropriate `as` value and it is preloaded intentionally. @ http://localhost:3000/en/admin-dash/events/6a1c81424ffb8ccc76b39b51:0
[15465529ms] [LOG] [API] GET /notifications/unread-count - 200 (205ms) @ http://localhost:3000/_next/static/chunks/_d74edac0._.js:2258
[15468542ms] [WARNING] The resource http://localhost:3000/_next/static/chunks/%5Broot-of-the-server%5D__ad960bb7._.css was preloaded using link preload but not used within a few seconds from the window's load event. Please make sure it has an appropriate `as` value and it is preloaded intentionally. @ http://localhost:3000/en/admin-dash/events/6a1c81424ffb8ccc76b39b51:0
[15495763ms] [LOG] [API] GET /notifications/unread-count - 200 (226ms) @ http://localhost:3000/_next/static/chunks/_d74edac0._.js:2258
[15498774ms] [WARNING] The resource http://localhost:3000/_next/static/chunks/%5Broot-of-the-server%5D__ad960bb7._.css was preloaded using link preload but not used within a few seconds from the window's load event. Please make sure it has an appropriate `as` value and it is preloaded intentionally. @ http://localhost:3000/en/admin-dash/events/6a1c81424ffb8ccc76b39b51:0
[15525983ms] [LOG] [API] GET /notifications/unread-count - 200 (208ms) @ http://localhost:3000/_next/static/chunks/_d74edac0._.js:2258
[15528994ms] [WARNING] The resource http://localhost:3000/_next/static/chunks/%5Broot-of-the-server%5D__ad960bb7._.css was preloaded using link preload but not used within a few seconds from the window's load event. Please make sure it has an appropriate `as` value and it is preloaded intentionally. @ http://localhost:3000/en/admin-dash/events/6a1c81424ffb8ccc76b39b51:0
[15556204ms] [LOG] [API] GET /notifications/unread-count - 200 (207ms) @ http://localhost:3000/_next/static/chunks/_d74edac0._.js:2258
[15559210ms] [WARNING] The resource http://localhost:3000/_next/static/chunks/%5Broot-of-the-server%5D__ad960bb7._.css was preloaded using link preload but not used within a few seconds from the window's load event. Please make sure it has an appropriate `as` value and it is preloaded intentionally. @ http://localhost:3000/en/admin-dash/events/6a1c81424ffb8ccc76b39b51:0
[15586413ms] [LOG] [API] GET /notifications/unread-count - 200 (205ms) @ http://localhost:3000/_next/static/chunks/_d74edac0._.js:2258
[15589423ms] [WARNING] The resource http://localhost:3000/_next/static/chunks/%5Broot-of-the-server%5D__ad960bb7._.css was preloaded using link preload but not used within a few seconds from the window's load event. Please make sure it has an appropriate `as` value and it is preloaded intentionally. @ http://localhost:3000/en/admin-dash/events/6a1c81424ffb8ccc76b39b51:0
[15616625ms] [LOG] [API] GET /notifications/unread-count - 200 (205ms) @ http://localhost:3000/_next/static/chunks/_d74edac0._.js:2258
[15619628ms] [WARNING] The resource http://localhost:3000/_next/static/chunks/%5Broot-of-the-server%5D__ad960bb7._.css was preloaded using link preload but not used within a few seconds from the window's load event. Please make sure it has an appropriate `as` value and it is preloaded intentionally. @ http://localhost:3000/en/admin-dash/events/6a1c81424ffb8ccc76b39b51:0
[15646968ms] [LOG] [API] GET /notifications/unread-count - 200 (333ms) @ http://localhost:3000/_next/static/chunks/_d74edac0._.js:2258
[15649985ms] [WARNING] The resource http://localhost:3000/_next/static/chunks/%5Broot-of-the-server%5D__ad960bb7._.css was preloaded using link preload but not used within a few seconds from the window's load event. Please make sure it has an appropriate `as` value and it is preloaded intentionally. @ http://localhost:3000/en/admin-dash/events/6a1c81424ffb8ccc76b39b51:0
[15677312ms] [LOG] [API] GET /notifications/unread-count - 200 (331ms) @ http://localhost:3000/_next/static/chunks/_d74edac0._.js:2258
[15680314ms] [WARNING] The resource http://localhost:3000/_next/static/chunks/%5Broot-of-the-server%5D__ad960bb7._.css was preloaded using link preload but not used within a few seconds from the window's load event. Please make sure it has an appropriate `as` value and it is preloaded intentionally. @ http://localhost:3000/en/admin-dash/events/6a1c81424ffb8ccc76b39b51:0
[15707559ms] [LOG] [API] GET /notifications/unread-count - 200 (235ms) @ http://localhost:3000/_next/static/chunks/_d74edac0._.js:2258
[15710562ms] [WARNING] The resource http://localhost:3000/_next/static/chunks/%5Broot-of-the-server%5D__ad960bb7._.css was preloaded using link preload but not used within a few seconds from the window's load event. Please make sure it has an appropriate `as` value and it is preloaded intentionally. @ http://localhost:3000/en/admin-dash/events/6a1c81424ffb8ccc76b39b51:0
[15737794ms] [LOG] [API] GET /notifications/unread-count - 200 (221ms) @ http://localhost:3000/_next/static/chunks/_d74edac0._.js:2258
[15740795ms] [WARNING] The resource http://localhost:3000/_next/static/chunks/%5Broot-of-the-server%5D__ad960bb7._.css was preloaded using link preload but not used within a few seconds from the window's load event. Please make sure it has an appropriate `as` value and it is preloaded intentionally. @ http://localhost:3000/en/admin-dash/events/6a1c81424ffb8ccc76b39b51:0
[15768036ms] [LOG] [API] GET /notifications/unread-count - 200 (232ms) @ http://localhost:3000/_next/static/chunks/_d74edac0._.js:2258
[15771052ms] [WARNING] The resource http://localhost:3000/_next/static/chunks/%5Broot-of-the-server%5D__ad960bb7._.css was preloaded using link preload but not used within a few seconds from the window's load event. Please make sure it has an appropriate `as` value and it is preloaded intentionally. @ http://localhost:3000/en/admin-dash/events/6a1c81424ffb8ccc76b39b51:0
[15798247ms] [LOG] [API] GET /notifications/unread-count - 200 (208ms) @ http://localhost:3000/_next/static/chunks/_d74edac0._.js:2258
[15801253ms] [WARNING] The resource http://localhost:3000/_next/static/chunks/%5Broot-of-the-server%5D__ad960bb7._.css was preloaded using link preload but not used within a few seconds from the window's load event. Please make sure it has an appropriate `as` value and it is preloaded intentionally. @ http://localhost:3000/en/admin-dash/events/6a1c81424ffb8ccc76b39b51:0
[15828460ms] [LOG] [API] GET /notifications/unread-count - 200 (203ms) @ http://localhost:3000/_next/static/chunks/_d74edac0._.js:2258
[15831473ms] [WARNING] The resource http://localhost:3000/_next/static/chunks/%5Broot-of-the-server%5D__ad960bb7._.css was preloaded using link preload but not used within a few seconds from the window's load event. Please make sure it has an appropriate `as` value and it is preloaded intentionally. @ http://localhost:3000/en/admin-dash/events/6a1c81424ffb8ccc76b39b51:0
[15858672ms] [LOG] [API] GET /notifications/unread-count - 200 (203ms) @ http://localhost:3000/_next/static/chunks/_d74edac0._.js:2258
[15861681ms] [WARNING] The resource http://localhost:3000/_next/static/chunks/%5Broot-of-the-server%5D__ad960bb7._.css was preloaded using link preload but not used within a few seconds from the window's load event. Please make sure it has an appropriate `as` value and it is preloaded intentionally. @ http://localhost:3000/en/admin-dash/events/6a1c81424ffb8ccc76b39b51:0
[15888873ms] [LOG] [API] GET /notifications/unread-count - 200 (200ms) @ http://localhost:3000/_next/static/chunks/_d74edac0._.js:2258
[15891889ms] [WARNING] The resource http://localhost:3000/_next/static/chunks/%5Broot-of-the-server%5D__ad960bb7._.css was preloaded using link preload but not used within a few seconds from the window's load event. Please make sure it has an appropriate `as` value and it is preloaded intentionally. @ http://localhost:3000/en/admin-dash/events/6a1c81424ffb8ccc76b39b51:0
[15919081ms] [LOG] [API] GET /notifications/unread-count - 200 (201ms) @ http://localhost:3000/_next/static/chunks/_d74edac0._.js:2258
[15922090ms] [WARNING] The resource http://localhost:3000/_next/static/chunks/%5Broot-of-the-server%5D__ad960bb7._.css was preloaded using link preload but not used within a few seconds from the window's load event. Please make sure it has an appropriate `as` value and it is preloaded intentionally. @ http://localhost:3000/en/admin-dash/events/6a1c81424ffb8ccc76b39b51:0
[15949286ms] [LOG] [API] GET /notifications/unread-count - 200 (201ms) @ http://localhost:3000/_next/static/chunks/_d74edac0._.js:2258
[15952289ms] [WARNING] The resource http://localhost:3000/_next/static/chunks/%5Broot-of-the-server%5D__ad960bb7._.css was preloaded using link preload but not used within a few seconds from the window's load event. Please make sure it has an appropriate `as` value and it is preloaded intentionally. @ http://localhost:3000/en/admin-dash/events/6a1c81424ffb8ccc76b39b51:0
[15979832ms] [LOG] [API] GET /notifications/unread-count - 200 (542ms) @ http://localhost:3000/_next/static/chunks/_d74edac0._.js:2258
[15982848ms] [WARNING] The resource http://localhost:3000/_next/static/chunks/%5Broot-of-the-server%5D__ad960bb7._.css was preloaded using link preload but not used within a few seconds from the window's load event. Please make sure it has an appropriate `as` value and it is preloaded intentionally. @ http://localhost:3000/en/admin-dash/events/6a1c81424ffb8ccc76b39b51:0
[16010490ms] [LOG] [API] GET /notifications/unread-count - 200 (650ms) @ http://localhost:3000/_next/static/chunks/_d74edac0._.js:2258
[16013492ms] [WARNING] The resource http://localhost:3000/_next/static/chunks/%5Broot-of-the-server%5D__ad960bb7._.css was preloaded using link preload but not used within a few seconds from the window's load event. Please make sure it has an appropriate `as` value and it is preloaded intentionally. @ http://localhost:3000/en/admin-dash/events/6a1c81424ffb8ccc76b39b51:0
[16040699ms] [LOG] [API] GET /notifications/unread-count - 200 (202ms) @ http://localhost:3000/_next/static/chunks/_d74edac0._.js:2258
[16043700ms] [WARNING] The resource http://localhost:3000/_next/static/chunks/%5Broot-of-the-server%5D__ad960bb7._.css was preloaded using link preload but not used within a few seconds from the window's load event. Please make sure it has an appropriate `as` value and it is preloaded intentionally. @ http://localhost:3000/en/admin-dash/events/6a1c81424ffb8ccc76b39b51:0
[16070902ms] [LOG] [API] GET /notifications/unread-count - 200 (200ms) @ http://localhost:3000/_next/static/chunks/_d74edac0._.js:2258
[16073908ms] [WARNING] The resource http://localhost:3000/_next/static/chunks/%5Broot-of-the-server%5D__ad960bb7._.css was preloaded using link preload but not used within a few seconds from the window's load event. Please make sure it has an appropriate `as` value and it is preloaded intentionally. @ http://localhost:3000/en/admin-dash/events/6a1c81424ffb8ccc76b39b51:0
[16101117ms] [LOG] [API] GET /notifications/unread-count - 200 (213ms) @ http://localhost:3000/_next/static/chunks/_d74edac0._.js:2258
[16104121ms] [WARNING] The resource http://localhost:3000/_next/static/chunks/%5Broot-of-the-server%5D__ad960bb7._.css was preloaded using link preload but not used within a few seconds from the window's load event. Please make sure it has an appropriate `as` value and it is preloaded intentionally. @ http://localhost:3000/en/admin-dash/events/6a1c81424ffb8ccc76b39b51:0
[16131369ms] [LOG] [API] GET /notifications/unread-count - 200 (251ms) @ http://localhost:3000/_next/static/chunks/_d74edac0._.js:2258
[16134371ms] [WARNING] The resource http://localhost:3000/_next/static/chunks/%5Broot-of-the-server%5D__ad960bb7._.css was preloaded using link preload but not used within a few seconds from the window's load event. Please make sure it has an appropriate `as` value and it is preloaded intentionally. @ http://localhost:3000/en/admin-dash/events/6a1c81424ffb8ccc76b39b51:0
[16161581ms] [LOG] [API] GET /notifications/unread-count - 200 (200ms) @ http://localhost:3000/_next/static/chunks/_d74edac0._.js:2258
[16164596ms] [WARNING] The resource http://localhost:3000/_next/static/chunks/%5Broot-of-the-server%5D__ad960bb7._.css was preloaded using link preload but not used within a few seconds from the window's load event. Please make sure it has an appropriate `as` value and it is preloaded intentionally. @ http://localhost:3000/en/admin-dash/events/6a1c81424ffb8ccc76b39b51:0
[16191798ms] [LOG] [API] GET /notifications/unread-count - 200 (203ms) @ http://localhost:3000/_next/static/chunks/_d74edac0._.js:2258
[16194803ms] [WARNING] The resource http://localhost:3000/_next/static/chunks/%5Broot-of-the-server%5D__ad960bb7._.css was preloaded using link preload but not used within a few seconds from the window's load event. Please make sure it has an appropriate `as` value and it is preloaded intentionally. @ http://localhost:3000/en/admin-dash/events/6a1c81424ffb8ccc76b39b51:0
[16222010ms] [LOG] [API] GET /notifications/unread-count - 200 (202ms) @ http://localhost:3000/_next/static/chunks/_d74edac0._.js:2258
[16225023ms] [WARNING] The resource http://localhost:3000/_next/static/chunks/%5Broot-of-the-server%5D__ad960bb7._.css was preloaded using link preload but not used within a few seconds from the window's load event. Please make sure it has an appropriate `as` value and it is preloaded intentionally. @ http://localhost:3000/en/admin-dash/events/6a1c81424ffb8ccc76b39b51:0
[16252409ms] [LOG] [API] GET /notifications/unread-count - 200 (389ms) @ http://localhost:3000/_next/static/chunks/_d74edac0._.js:2258
[16255420ms] [WARNING] The resource http://localhost:3000/_next/static/chunks/%5Broot-of-the-server%5D__ad960bb7._.css was preloaded using link preload but not used within a few seconds from the window's load event. Please make sure it has an appropriate `as` value and it is preloaded intentionally. @ http://localhost:3000/en/admin-dash/events/6a1c81424ffb8ccc76b39b51:0
[16282426ms] [ERROR] Failed to load resource: the server responded with a status of 401 (Unauthorized) @ http://localhost:3000/api/v2/notifications/unread-count:0
[16282913ms] [LOG] [API] GET /notifications/unread-count - 200 (201ms) @ http://localhost:3000/_next/static/chunks/_d74edac0._.js:2258
[16285917ms] [WARNING] The resource http://localhost:3000/_next/static/chunks/%5Broot-of-the-server%5D__ad960bb7._.css was preloaded using link preload but not used within a few seconds from the window's load event. Please make sure it has an appropriate `as` value and it is preloaded intentionally. @ http://localhost:3000/en/admin-dash/events/6a1c81424ffb8ccc76b39b51:0
[16313123ms] [LOG] [API] GET /notifications/unread-count - 200 (204ms) @ http://localhost:3000/_next/static/chunks/_d74edac0._.js:2258
[16316133ms] [WARNING] The resource http://localhost:3000/_next/static/chunks/%5Broot-of-the-server%5D__ad960bb7._.css was preloaded using link preload but not used within a few seconds from the window's load event. Please make sure it has an appropriate `as` value and it is preloaded intentionally. @ http://localhost:3000/en/admin-dash/events/6a1c81424ffb8ccc76b39b51:0
[16343345ms] [LOG] [API] GET /notifications/unread-count - 200 (206ms) @ http://localhost:3000/_next/static/chunks/_d74edac0._.js:2258
[16346346ms] [WARNING] The resource http://localhost:3000/_next/static/chunks/%5Broot-of-the-server%5D__ad960bb7._.css was preloaded using link preload but not used within a few seconds from the window's load event. Please make sure it has an appropriate `as` value and it is preloaded intentionally. @ http://localhost:3000/en/admin-dash/events/6a1c81424ffb8ccc76b39b51:0
[16373558ms] [LOG] [API] GET /notifications/unread-count - 200 (200ms) @ http://localhost:3000/_next/static/chunks/_d74edac0._.js:2258
[16376575ms] [WARNING] The resource http://localhost:3000/_next/static/chunks/%5Broot-of-the-server%5D__ad960bb7._.css was preloaded using link preload but not used within a few seconds from the window's load event. Please make sure it has an appropriate `as` value and it is preloaded intentionally. @ http://localhost:3000/en/admin-dash/events/6a1c81424ffb8ccc76b39b51:0
[16403772ms] [LOG] [API] GET /notifications/unread-count - 200 (209ms) @ http://localhost:3000/_next/static/chunks/_d74edac0._.js:2258
[16406779ms] [WARNING] The resource http://localhost:3000/_next/static/chunks/%5Broot-of-the-server%5D__ad960bb7._.css was preloaded using link preload but not used within a few seconds from the window's load event. Please make sure it has an appropriate `as` value and it is preloaded intentionally. @ http://localhost:3000/en/admin-dash/events/6a1c81424ffb8ccc76b39b51:0
[16433981ms] [LOG] [API] GET /notifications/unread-count - 200 (201ms) @ http://localhost:3000/_next/static/chunks/_d74edac0._.js:2258
[16436987ms] [WARNING] The resource http://localhost:3000/_next/static/chunks/%5Broot-of-the-server%5D__ad960bb7._.css was preloaded using link preload but not used within a few seconds from the window's load event. Please make sure it has an appropriate `as` value and it is preloaded intentionally. @ http://localhost:3000/en/admin-dash/events/6a1c81424ffb8ccc76b39b51:0
[16464191ms] [LOG] [API] GET /notifications/unread-count - 200 (209ms) @ http://localhost:3000/_next/static/chunks/_d74edac0._.js:2258
[16467199ms] [WARNING] The resource http://localhost:3000/_next/static/chunks/%5Broot-of-the-server%5D__ad960bb7._.css was preloaded using link preload but not used within a few seconds from the window's load event. Please make sure it has an appropriate `as` value and it is preloaded intentionally. @ http://localhost:3000/en/admin-dash/events/6a1c81424ffb8ccc76b39b51:0
[16522947ms] [LOG] [API] GET /notifications/unread-count - 200 (28753ms) @ http://localhost:3000/_next/static/chunks/_d74edac0._.js:2258
[16525947ms] [WARNING] The resource http://localhost:3000/_next/static/chunks/%5Broot-of-the-server%5D__ad960bb7._.css was preloaded using link preload but not used within a few seconds from the window's load event. Please make sure it has an appropriate `as` value and it is preloaded intentionally. @ http://localhost:3000/en/admin-dash/events/6a1c81424ffb8ccc76b39b51:0
[16563365ms] [LOG] [API] GET /notifications/unread-count - 200 (10409ms) @ http://localhost:3000/_next/static/chunks/_d74edac0._.js:2258
[16566371ms] [WARNING] The resource http://localhost:3000/_next/static/chunks/%5Broot-of-the-server%5D__ad960bb7._.css was preloaded using link preload but not used within a few seconds from the window's load event. Please make sure it has an appropriate `as` value and it is preloaded intentionally. @ http://localhost:3000/en/admin-dash/events/6a1c81424ffb8ccc76b39b51:0
